Metodo,Acuracia
Clf original data,1.0
"Clf MultNeg ""Age_of_patient_at_time_of_operation""",0.9021739130434783
"Clf MultNeg ""Patients_year_of_operation""",0.967391304347826
"Clf MultNeg ""Number_of_positive_axillary_nodes_detected""",0.8804347826086957
"Clf Binning ""Age_of_patient_at_time_of_operation""",0.782608695652174
"Clf Binning ""Patients_year_of_operation""",0.9347826086956522
"Clf Binning ""Number_of_positive_axillary_nodes_detected""",0.9239130434782609
"Clf Zeros ""Age_of_patient_at_time_of_operation""",0.9021739130434783
"Clf Zeros ""Patients_year_of_operation""",0.967391304347826
"Clf Zeros ""Number_of_positive_axillary_nodes_detected""",0.8804347826086957
"Clf Ordernation_Up ""Age_of_patient_at_time_of_operation""",0.9021739130434783
"Clf Ordernation_Up ""Patients_year_of_operation""",0.9347826086956522
"Clf Ordernation_Up ""Number_of_positive_axillary_nodes_detected""",0.8152173913043478
"Clf Invertion ""Age_of_patient_at_time_of_operation""",0.8913043478260869
"Clf Invertion ""Patients_year_of_operation""",0.9456521739130435
"Clf Invertion ""Number_of_positive_axillary_nodes_detected""",0.7717391304347826
"Clf Std ""Age_of_patient_at_time_of_operation""",0.8586956521739131
"Clf Std ""Patients_year_of_operation""",0.9565217391304348
"Clf Std ""Number_of_positive_axillary_nodes_detected""",0.7608695652173914
"Clf Zscore ""Age_of_patient_at_time_of_operation""",0.8478260869565217
"Clf Zscore ""Patients_year_of_operation""",0.967391304347826
"Clf Zscore ""Number_of_positive_axillary_nodes_detected""",0.8913043478260869
