Metodo,Acuracia
Clf original data,1.0
"Clf MultNeg ""Age_of_patient_at_time_of_operation""",0.8152173913043478
"Clf MultNeg ""Patients_year_of_operation""",0.8478260869565217
"Clf MultNeg ""Number_of_positive_axillary_nodes_detected""",0.8695652173913043
"Clf Binning ""Age_of_patient_at_time_of_operation""",0.8152173913043478
"Clf Binning ""Patients_year_of_operation""",0.8913043478260869
"Clf Binning ""Number_of_positive_axillary_nodes_detected""",0.9565217391304348
"Clf Zeros ""Age_of_patient_at_time_of_operation""",0.8152173913043478
"Clf Zeros ""Patients_year_of_operation""",0.8478260869565217
"Clf Zeros ""Number_of_positive_axillary_nodes_detected""",0.8695652173913043
"Clf Ordernation_Up ""Age_of_patient_at_time_of_operation""",0.8043478260869565
"Clf Ordernation_Up ""Patients_year_of_operation""",0.7934782608695652
"Clf Ordernation_Up ""Number_of_positive_axillary_nodes_detected""",0.782608695652174
"Clf Invertion ""Age_of_patient_at_time_of_operation""",0.8152173913043478
"Clf Invertion ""Patients_year_of_operation""",0.7608695652173914
"Clf Invertion ""Number_of_positive_axillary_nodes_detected""",0.7934782608695652
"Clf Std ""Age_of_patient_at_time_of_operation""",0.7934782608695652
"Clf Std ""Patients_year_of_operation""",0.782608695652174
"Clf Std ""Number_of_positive_axillary_nodes_detected""",0.7391304347826086
"Clf Zscore ""Age_of_patient_at_time_of_operation""",0.8369565217391305
"Clf Zscore ""Patients_year_of_operation""",0.8478260869565217
"Clf Zscore ""Number_of_positive_axillary_nodes_detected""",0.9456521739130435
