Metodo,Acuracia
Clf original data,1.0
"Clf MultNeg ""Age_of_patient_at_time_of_operation""",0.8695652173913043
"Clf MultNeg ""Patients_year_of_operation""",0.9130434782608695
"Clf MultNeg ""Number_of_positive_axillary_nodes_detected""",0.8804347826086957
"Clf Binning ""Age_of_patient_at_time_of_operation""",0.9021739130434783
"Clf Binning ""Patients_year_of_operation""",0.9456521739130435
"Clf Binning ""Number_of_positive_axillary_nodes_detected""",0.8913043478260869
"Clf Zeros ""Age_of_patient_at_time_of_operation""",0.8695652173913043
"Clf Zeros ""Patients_year_of_operation""",0.9130434782608695
"Clf Zeros ""Number_of_positive_axillary_nodes_detected""",0.8804347826086957
"Clf Ordernation_Up ""Age_of_patient_at_time_of_operation""",0.9130434782608695
"Clf Ordernation_Up ""Patients_year_of_operation""",0.9456521739130435
"Clf Ordernation_Up ""Number_of_positive_axillary_nodes_detected""",0.8043478260869565
"Clf Invertion ""Age_of_patient_at_time_of_operation""",0.8913043478260869
"Clf Invertion ""Patients_year_of_operation""",0.9130434782608695
"Clf Invertion ""Number_of_positive_axillary_nodes_detected""",0.7717391304347826
"Clf Std ""Age_of_patient_at_time_of_operation""",0.8260869565217391
"Clf Std ""Patients_year_of_operation""",0.9347826086956522
"Clf Std ""Number_of_positive_axillary_nodes_detected""",0.6847826086956522
"Clf Zscore ""Age_of_patient_at_time_of_operation""",0.9021739130434783
"Clf Zscore ""Patients_year_of_operation""",0.9130434782608695
"Clf Zscore ""Number_of_positive_axillary_nodes_detected""",0.9130434782608695
