,att_original_names,shap_m1,shap_m2,shap_m3,shap_m4,eli5_m1,eli5_m2,eli5_m3,eli5_m4,dalex_m1,dalex_m2,dalex_m3,dalex_m4,ci_m1,ci_m2,ci_m3,ci_m4,skater_m1,skater_m2,skater_m3,skater_m4,lofo_m1,lofo_m2,lofo_m3,lofo_m4,exirt_m1,exirt_m2,exirt_m3,exirt_m4
0,word_freq_make,word_freq_george,word_freq_hp,char_freq_%21,word_freq_hp,… 1 more …,… 1 more …,… 1 more …,… 1 more …,word_freq_remove,word_freq_hp,word_freq_remove,word_freq_hp,word_freq_hp,word_freq_edu,word_freq_hp,word_freq_hp,word_freq_remove,word_freq_hp,word_freq_remove,word_freq_remove,word_freq_hp,word_freq_hp,word_freq_edu,word_freq_hp,word_freq_remove,word_freq_hp,word_freq_remove,word_freq_remove
1,word_freq_address,word_freq_remove,word_freq_george,char_freq_%24,char_freq_%21,word_freq_remove,word_freq_hp,word_freq_remove,word_freq_hp,word_freq_george,word_freq_george,word_freq_hp,word_freq_remove,word_freq_george,word_freq_hp,word_freq_george,word_freq_edu,word_freq_george,char_freq_%21,char_freq_%21,word_freq_hp,char_freq_%21,word_freq_george,word_freq_george,word_freq_george,word_freq_george,char_freq_%21,char_freq_%21,word_freq_hp
2,word_freq_all,char_freq_%21,char_freq_%21,word_freq_remove,char_freq_%24,word_freq_george,word_freq_george,word_freq_hp,word_freq_remove,word_freq_hp,char_freq_%21,char_freq_%21,word_freq_george,word_freq_edu,word_freq_george,word_freq_edu,word_freq_george,char_freq_%21,word_freq_remove,capital_run_length_longest,char_freq_%21,word_freq_you,word_freq_meeting,char_freq_%21,word_freq_our,capital_run_length_total,word_freq_remove,word_freq_hp,char_freq_%21
3,word_freq_3d,word_freq_hp,word_freq_remove,word_freq_hp,word_freq_george,word_freq_hp,word_freq_edu,char_freq_%21,char_freq_%21,word_freq_edu,word_freq_edu,word_freq_free,char_freq_%21,capital_run_length_longest,capital_run_length_longest,word_freq_hpl,word_freq_meeting,word_freq_hp,char_freq_%24,char_freq_%24,char_freq_%24,word_freq_free,word_freq_will,char_freq_%3B,word_freq_000,char_freq_%21,capital_run_length_longest,char_freq_%24,char_freq_%24
4,word_freq_our,char_freq_%24,char_freq_%24,word_freq_free,word_freq_remove,char_freq_%21,char_freq_%21,word_freq_edu,word_freq_george,char_freq_%21,word_freq_remove,capital_run_length_longest,word_freq_edu,word_freq_lab,char_freq_%24,capital_run_length_total,word_freq_our,capital_run_length_total,word_freq_george,word_freq_hp,word_freq_george,word_freq_our,word_freq_hpl,word_freq_parts,word_freq_edu,word_freq_edu,char_freq_%24,word_freq_free,word_freq_george
5,word_freq_over,word_freq_edu,capital_run_length_longest,word_freq_your,capital_run_length_longest,capital_run_length_total,word_freq_remove,char_freq_%24,word_freq_edu,capital_run_length_total,word_freq_free,char_freq_%24,char_freq_%24,word_freq_meeting,word_freq_meeting,word_freq_650,char_freq_%3B,capital_run_length_longest,capital_run_length_longest,capital_run_length_average,capital_run_length_longest,word_freq_george,word_freq_our,word_freq_receive,char_freq_%21,capital_run_length_longest,capital_run_length_total,capital_run_length_total,capital_run_length_longest
6,word_freq_remove,capital_run_length_total,capital_run_length_average,capital_run_length_average,word_freq_our,word_freq_edu,char_freq_%24,capital_run_length_average,char_freq_%24,capital_run_length_longest,char_freq_%24,word_freq_you,word_freq_free,word_freq_pm,word_freq_our,word_freq_telnet,word_freq_receive,char_freq_%24,word_freq_edu,capital_run_length_total,word_freq_our,word_freq_1999,word_freq_edu,word_freq_our,word_freq_parts,word_freq_hp,word_freq_george,capital_run_length_average,word_freq_edu
7,word_freq_internet,capital_run_length_longest,word_freq_our,capital_run_length_longest,capital_run_length_average,word_freq_our,word_freq_our,word_freq_free,word_freq_our,char_freq_%24,word_freq_re,word_freq_george,capital_run_length_longest,word_freq_data,char_freq_%3B,word_freq_meeting,word_freq_your,word_freq_edu,word_freq_free,word_freq_free,capital_run_length_average,word_freq_edu,word_freq_receive,word_freq_hpl,word_freq_your,word_freq_our,word_freq_edu,capital_run_length_longest,word_freq_free
8,word_freq_order,word_freq_money,word_freq_edu,capital_run_length_total,word_freq_edu,capital_run_length_longest,word_freq_free,word_freq_our,capital_run_length_average,word_freq_free,capital_run_length_longest,capital_run_length_total,capital_run_length_average,word_freq_report,char_freq_%28,word_freq_1999,word_freq_you,capital_run_length_average,word_freq_our,word_freq_your,word_freq_edu,word_freq_meeting,word_freq_415,word_freq_3d,word_freq_telnet,word_freq_meeting,word_freq_free,word_freq_edu,word_freq_our
9,word_freq_mail,capital_run_length_average,word_freq_free,word_freq_our,word_freq_your,char_freq_%24,capital_run_length_longest,word_freq_george,capital_run_length_longest,word_freq_650,capital_run_length_average,capital_run_length_average,word_freq_re,word_freq_1999,word_freq_you,capital_run_length_average,char_freq_%21,word_freq_our,capital_run_length_average,word_freq_you,word_freq_free,word_freq_re,char_freq_%21,word_freq_you,word_freq_people,capital_run_length_average,word_freq_our,word_freq_our,capital_run_length_average
10,word_freq_receive,word_freq_000,capital_run_length_total,word_freq_george,word_freq_re,word_freq_hpl,word_freq_re,word_freq_hpl,word_freq_1999,word_freq_meeting,word_freq_650,word_freq_edu,word_freq_meeting,char_freq_%24,word_freq_650,word_freq_your,capital_run_length_average,word_freq_re,capital_run_length_total,word_freq_george,word_freq_your,capital_run_length_average,word_freq_technology,word_freq_your,word_freq_credit,char_freq_%24,word_freq_re,word_freq_george,word_freq_your
11,word_freq_will,word_freq_hpl,word_freq_re,word_freq_hpl,word_freq_free,word_freq_1999,word_freq_650,word_freq_your,word_freq_business,word_freq_our,word_freq_our,word_freq_our,word_freq_our,word_freq_telnet,word_freq_1999,word_freq_you,word_freq_credit,word_freq_free,word_freq_re,word_freq_our,word_freq_re,word_freq_credit,word_freq_original,word_freq_all,word_freq_money,word_freq_hpl,word_freq_meeting,word_freq_you,word_freq_meeting
12,word_freq_people,word_freq_our,word_freq_your,word_freq_money,word_freq_1999,word_freq_650,word_freq_your,word_freq_1999,word_freq_re,word_freq_re,word_freq_meeting,word_freq_000,word_freq_your,capital_run_length_average,word_freq_free,word_freq_re,word_freq_650,word_freq_you,word_freq_your,word_freq_hpl,word_freq_business,word_freq_650,word_freq_data,word_freq_project,word_freq_pm,word_freq_free,capital_run_length_average,word_freq_your,word_freq_re
13,word_freq_report,word_freq_re,word_freq_1999,word_freq_you,word_freq_business,word_freq_re,capital_run_length_total,capital_run_length_longest,word_freq_meeting,capital_run_length_average,word_freq_you,word_freq_hpl,word_freq_you,char_freq_%3B,capital_run_length_average,word_freq_project,word_freq_money,word_freq_hpl,word_freq_you,word_freq_money,word_freq_money,capital_run_length_total,word_freq_conference,word_freq_email,word_freq_lab,word_freq_your,word_freq_email,word_freq_internet,word_freq_technology
14,word_freq_addresses,word_freq_your,word_freq_money,word_freq_000,word_freq_internet,word_freq_your,word_freq_1999,word_freq_000,char_freq_%3B,word_freq_you,word_freq_will,word_freq_money,word_freq_will,char_freq_%28,word_freq_project,word_freq_original,word_freq_email,word_freq_money,word_freq_1999,word_freq_000,word_freq_internet,word_freq_order,word_freq_address,word_freq_lab,word_freq_conference,word_freq_re,word_freq_internet,word_freq_money,word_freq_money
15,word_freq_free,word_freq_meeting,word_freq_internet,word_freq_edu,word_freq_hpl,capital_run_length_average,word_freq_you,word_freq_will,word_freq_font,word_freq_money,capital_run_length_total,word_freq_your,word_freq_650,word_freq_hpl,capital_run_length_total,capital_run_length_longest,char_freq_%28,word_freq_your,word_freq_money,word_freq_edu,word_freq_1999,char_freq_%28,char_freq_%5B,word_freq_hp,word_freq_table,word_freq_you,word_freq_your,word_freq_hpl,capital_run_length_total
16,word_freq_business,word_freq_free,word_freq_hpl,word_freq_re,word_freq_money,word_freq_business,word_freq_business,word_freq_re,word_freq_internet,word_freq_business,word_freq_1999,word_freq_will,word_freq_1999,capital_run_length_total,word_freq_money,char_freq_%21,capital_run_length_total,word_freq_all,word_freq_internet,char_freq_%28,capital_run_length_total,capital_run_length_longest,word_freq_cs,word_freq_mail,word_freq_original,word_freq_650,word_freq_font,char_freq_%28,word_freq_business
17,word_freq_email,word_freq_1999,word_freq_meeting,word_freq_internet,word_freq_meeting,word_freq_000,char_freq_%3B,word_freq_all,word_freq_money,word_freq_1999,char_freq_%3B,word_freq_all,word_freq_money,word_freq_000,word_freq_email,word_freq_money,word_freq_free,word_freq_will,char_freq_%28,word_freq_re,word_freq_meeting,word_freq_table,word_freq_business,word_freq_business,word_freq_direct,word_freq_1999,word_freq_650,word_freq_business,word_freq_font
18,word_freq_you,word_freq_business,word_freq_you,word_freq_1999,word_freq_you,word_freq_free,word_freq_000,word_freq_650,word_freq_free,word_freq_lab,word_freq_your,char_freq_%28,word_freq_business,word_freq_project,word_freq_your,word_freq_lab,word_freq_1999,word_freq_650,word_freq_will,word_freq_internet,word_freq_hpl,word_freq_parts,char_freq_%3B,capital_run_length_average,word_freq_data,word_freq_lab,word_freq_business,word_freq_font,word_freq_hpl
19,word_freq_credit,word_freq_you,word_freq_business,word_freq_business,capital_run_length_total,word_freq_meeting,word_freq_internet,word_freq_font,word_freq_650,word_freq_credit,word_freq_money,word_freq_receive,word_freq_000,word_freq_cs,word_freq_hpl,char_freq_%28,word_freq_font,word_freq_business,word_freq_business,word_freq_will,word_freq_you,word_freq_original,word_freq_report,word_freq_technology,word_freq_cs,word_freq_business,word_freq_you,word_freq_re,word_freq_650
20,word_freq_your,word_freq_lab,char_freq_%28,char_freq_%28,word_freq_will,word_freq_you,word_freq_hpl,word_freq_you,word_freq_over,word_freq_000,word_freq_business,word_freq_re,word_freq_internet,word_freq_650,char_freq_%21,char_freq_%24,char_freq_%24,word_freq_1999,word_freq_email,word_freq_1999,word_freq_technology,word_freq_labs,char_freq_%24,word_freq_free,word_freq_addresses,word_freq_85,word_freq_hpl,word_freq_000,word_freq_1999
21,word_freq_font,word_freq_credit,word_freq_will,word_freq_over,word_freq_over,word_freq_money,word_freq_meeting,word_freq_technology,word_freq_your,word_freq_will,word_freq_font,word_freq_1999,char_freq_%3B,word_freq_our,word_freq_internet,word_freq_pm,word_freq_hpl,word_freq_000,word_freq_hpl,word_freq_business,word_freq_will,word_freq_conference,word_freq_your,word_freq_over,word_freq_857,word_freq_credit,word_freq_money,word_freq_1999,char_freq_%28
22,word_freq_000,word_freq_will,word_freq_000,word_freq_will,word_freq_000,word_freq_font,capital_run_length_average,word_freq_report,word_freq_project,word_freq_your,word_freq_000,word_freq_business,word_freq_font,word_freq_you,word_freq_credit,word_freq_order,word_freq_technology,char_freq_%28,word_freq_650,word_freq_all,word_freq_000,word_freq_addresses,word_freq_order,word_freq_data,word_freq_85,word_freq_will,word_freq_1999,word_freq_will,char_freq_%3B
23,word_freq_money,char_freq_%28,word_freq_over,word_freq_receive,char_freq_%28,word_freq_conference,char_freq_%28,char_freq_%23,word_freq_people,char_freq_%3B,word_freq_project,word_freq_650,word_freq_project,word_freq_your,word_freq_original,word_freq_direct,word_freq_will,word_freq_meeting,word_freq_meeting,word_freq_receive,word_freq_over,word_freq_857,word_freq_make,word_freq_meeting,word_freq_415,word_freq_project,word_freq_technology,word_freq_meeting,word_freq_internet
24,word_freq_hp,word_freq_internet,word_freq_650,word_freq_mail,word_freq_technology,word_freq_lab,word_freq_people,word_freq_85,word_freq_receive,word_freq_project,word_freq_technology,word_freq_meeting,word_freq_over,word_freq_all,word_freq_re,word_freq_data,word_freq_over,word_freq_credit,char_freq_%3B,word_freq_mail,char_freq_%28,word_freq_415,word_freq_font,char_freq_%5B,char_freq_%5B,word_freq_all,word_freq_will,word_freq_receive,word_freq_will
25,word_freq_hpl,word_freq_85,word_freq_email,word_freq_meeting,word_freq_project,char_freq_%3B,word_freq_over,word_freq_make,char_freq_%28,word_freq_85,char_freq_%28,char_freq_%3B,capital_run_length_total,word_freq_will,word_freq_receive,char_freq_%3B,word_freq_internet,word_freq_internet,word_freq_technology,word_freq_650,word_freq_650,word_freq_3d,capital_run_length_longest,word_freq_857,word_freq_meeting,char_freq_%28,char_freq_%28,word_freq_all,word_freq_over
26,word_freq_george,word_freq_over,word_freq_project,word_freq_all,word_freq_font,word_freq_email,word_freq_will,word_freq_meeting,word_freq_000,word_freq_receive,word_freq_data,word_freq_telnet,word_freq_pm,word_freq_original,word_freq_conference,word_freq_technology,word_freq_project,word_freq_lab,word_freq_000,word_freq_over,word_freq_font,word_freq_telnet,word_freq_people,word_freq_000,word_freq_labs,word_freq_000,word_freq_over,word_freq_85,word_freq_000
27,word_freq_650,word_freq_all,word_freq_font,word_freq_email,word_freq_650,char_freq_%28,word_freq_report,word_freq_lab,word_freq_conference,word_freq_pm,word_freq_over,word_freq_mail,word_freq_technology,word_freq_order,word_freq_remove,word_freq_table,word_freq_re,char_freq_%3B,word_freq_font,word_freq_email,char_freq_%3B,word_freq_mail,word_freq_project,word_freq_will,word_freq_hpl,word_freq_font,word_freq_000,word_freq_mail,word_freq_you
28,word_freq_lab,word_freq_telnet,word_freq_original,word_freq_address,word_freq_people,word_freq_85,word_freq_technology,word_freq_email,word_freq_telnet,word_freq_data,word_freq_conference,word_freq_email,word_freq_conference,word_freq_business,word_freq_order,word_freq_free,word_freq_mail,word_freq_over,word_freq_over,word_freq_technology,word_freq_email,word_freq_money,word_freq_pm,word_freq_conference,word_freq_font,word_freq_people,word_freq_project,word_freq_technology,word_freq_credit
29,word_freq_labs,word_freq_project,word_freq_credit,word_freq_85,word_freq_order,word_freq_credit,word_freq_font,word_freq_credit,word_freq_table,char_freq_%28,word_freq_people,word_freq_over,word_freq_report,word_freq_remove,word_freq_pm,word_freq_cs,word_freq_conference,word_freq_people,word_freq_all,word_freq_address,word_freq_project,word_freq_lab,word_freq_re,capital_run_length_total,word_freq_project,word_freq_cs,char_freq_%3B,word_freq_report,word_freq_email
30,word_freq_telnet,char_freq_%5B,word_freq_85,word_freq_pm,word_freq_email,word_freq_telnet,word_freq_money,char_freq_%28,word_freq_report,word_freq_all,word_freq_credit,word_freq_address,char_freq_%28,word_freq_conference,word_freq_business,word_freq_receive,word_freq_order,word_freq_85,word_freq_people,word_freq_credit,word_freq_people,word_freq_will,word_freq_addresses,word_freq_original,word_freq_over,word_freq_telnet,word_freq_make,word_freq_over,word_freq_project
31,word_freq_857,word_freq_pm,word_freq_technology,word_freq_order,char_freq_%3B,word_freq_will,word_freq_addresses,word_freq_internet,word_freq_parts,word_freq_internet,word_freq_cs,word_freq_internet,word_freq_85,word_freq_over,word_freq_report,word_freq_over,word_freq_remove,word_freq_technology,word_freq_project,char_freq_%3B,word_freq_credit,word_freq_business,word_freq_85,word_freq_order,word_freq_order,word_freq_original,word_freq_credit,char_freq_%5B,word_freq_people
32,word_freq_data,word_freq_people,char_freq_%3B,word_freq_telnet,word_freq_pm,word_freq_original,word_freq_telnet,word_freq_pm,word_freq_original,word_freq_mail,word_freq_pm,word_freq_font,word_freq_telnet,word_freq_internet,word_freq_over,word_freq_make,word_freq_business,word_freq_email,word_freq_credit,word_freq_order,word_freq_order,word_freq_address,word_freq_650,word_freq_re,word_freq_address,char_freq_%3B,word_freq_lab,word_freq_lab,word_freq_report
33,word_freq_415,word_freq_cs,word_freq_lab,char_freq_%3B,word_freq_conference,char_freq_%23,word_freq_project,word_freq_over,word_freq_make,word_freq_font,char_freq_%23,word_freq_85,word_freq_table,word_freq_make,word_freq_font,word_freq_labs,word_freq_pm,word_freq_font,word_freq_report,word_freq_meeting,word_freq_pm,word_freq_remove,word_freq_3d,word_freq_report,word_freq_email,word_freq_money,word_freq_mail,word_freq_cs,word_freq_conference
34,word_freq_85,word_freq_original,word_freq_report,word_freq_technology,word_freq_receive,word_freq_project,char_freq_%5B,word_freq_original,word_freq_mail,word_freq_conference,word_freq_order,word_freq_order,word_freq_parts,char_freq_%21,word_freq_will,word_freq_internet,word_freq_people,word_freq_original,word_freq_mail,word_freq_telnet,word_freq_conference,word_freq_cs,word_freq_table,word_freq_table,word_freq_1999,word_freq_pm,word_freq_conference,word_freq_project,word_freq_table
35,word_freq_technology,word_freq_font,word_freq_order,char_freq_%5B,word_freq_credit,word_freq_cs,word_freq_conference,word_freq_people,word_freq_labs,word_freq_hpl,word_freq_report,word_freq_pm,word_freq_original,word_freq_re,word_freq_lab,word_freq_email,word_freq_telnet,word_freq_receive,word_freq_receive,word_freq_make,word_freq_receive,word_freq_project,word_freq_remove,word_freq_remove,word_freq_technology,word_freq_data,word_freq_cs,word_freq_address,word_freq_original
36,word_freq_1999,word_freq_order,word_freq_people,word_freq_people,word_freq_report,word_freq_addresses,word_freq_original,word_freq_data,word_freq_lab,char_freq_%5B,char_freq_%5B,word_freq_credit,word_freq_make,word_freq_free,word_freq_000,word_freq_all,word_freq_table,word_freq_mail,word_freq_lab,word_freq_people,word_freq_report,word_freq_your,word_freq_internet,word_freq_cs,word_freq_all,char_freq_%5B,word_freq_order,word_freq_email,char_freq_%5B
37,word_freq_parts,word_freq_data,word_freq_pm,word_freq_650,word_freq_all,char_freq_%5B,word_freq_85,word_freq_conference,word_freq_direct,word_freq_cs,word_freq_original,word_freq_make,word_freq_labs,word_freq_font,word_freq_technology,word_freq_85,word_freq_report,word_freq_data,word_freq_data,word_freq_font,word_freq_mail,word_freq_pm,word_freq_1999,word_freq_labs,char_freq_%3B,word_freq_email,word_freq_receive,word_freq_650,char_freq_%23
38,word_freq_pm,word_freq_650,word_freq_all,word_freq_credit,word_freq_mail,word_freq_receive,word_freq_all,word_freq_address,word_freq_data,word_freq_original,word_freq_lab,char_freq_%23,word_freq_lab,word_freq_credit,word_freq_people,word_freq_will,word_freq_parts,char_freq_%5B,word_freq_address,word_freq_85,word_freq_all,word_freq_font,char_freq_%23,word_freq_credit,word_freq_mail,word_freq_conference,char_freq_%23,word_freq_original,word_freq_cs
39,word_freq_direct,word_freq_conference,word_freq_conference,word_freq_lab,word_freq_85,word_freq_pm,word_freq_pm,word_freq_table,word_freq_cs,word_freq_people,word_freq_make,word_freq_people,word_freq_direct,word_freq_email,word_freq_cs,word_freq_people,word_freq_original,word_freq_project,word_freq_85,char_freq_%5B,char_freq_%23,word_freq_all,word_freq_credit,word_freq_people,word_freq_3d,word_freq_internet,word_freq_85,word_freq_direct,word_freq_make
40,word_freq_cs,word_freq_email,word_freq_mail,word_freq_project,word_freq_address,word_freq_internet,word_freq_email,word_freq_parts,word_freq_credit,word_freq_address,word_freq_addresses,word_freq_original,word_freq_data,word_freq_85,word_freq_all,word_freq_parts,word_freq_make,word_freq_conference,word_freq_pm,word_freq_direct,word_freq_telnet,char_freq_%24,capital_run_length_average,word_freq_direct,word_freq_you,word_freq_over,word_freq_pm,word_freq_labs,word_freq_pm
41,word_freq_meeting,word_freq_technology,word_freq_data,word_freq_font,char_freq_%23,word_freq_data,char_freq_%23,word_freq_cs,word_freq_all,word_freq_report,word_freq_all,word_freq_report,word_freq_cs,word_freq_receive,word_freq_data,word_freq_our,word_freq_labs,word_freq_telnet,word_freq_original,word_freq_pm,word_freq_table,word_freq_receive,word_freq_money,char_freq_%24,capital_run_length_total,word_freq_receive,word_freq_report,word_freq_data,word_freq_address
42,word_freq_original,char_freq_%3B,word_freq_receive,word_freq_make,word_freq_addresses,word_freq_technology,word_freq_receive,word_freq_addresses,word_freq_addresses,word_freq_email,word_freq_labs,word_freq_cs,word_freq_address,word_freq_direct,word_freq_85,word_freq_mail,word_freq_lab,word_freq_pm,word_freq_conference,char_freq_%23,word_freq_parts,char_freq_%23,char_freq_%28,word_freq_make,word_freq_650,char_freq_%23,word_freq_addresses,word_freq_credit,word_freq_all
43,word_freq_project,word_freq_make,word_freq_cs,word_freq_labs,word_freq_telnet,word_freq_table,word_freq_parts,word_freq_857,word_freq_address,word_freq_order,word_freq_parts,word_freq_direct,word_freq_857,word_freq_people,word_freq_mail,word_freq_business,word_freq_direct,word_freq_address,word_freq_order,word_freq_lab,word_freq_original,char_freq_%3B,word_freq_you,word_freq_telnet,word_freq_report,word_freq_technology,word_freq_original,word_freq_parts,word_freq_3d
44,word_freq_re,word_freq_mail,char_freq_%5B,word_freq_data,word_freq_table,word_freq_parts,word_freq_make,word_freq_415,word_freq_857,word_freq_over,word_freq_address,word_freq_addresses,word_freq_415,word_freq_addresses,word_freq_parts,word_freq_address,word_freq_data,word_freq_report,char_freq_%5B,word_freq_data,word_freq_make,word_freq_technology,word_freq_direct,char_freq_%28,word_freq_make,word_freq_order,word_freq_telnet,word_freq_table,word_freq_order
45,word_freq_edu,word_freq_receive,word_freq_addresses,word_freq_original,word_freq_parts,word_freq_labs,word_freq_labs,word_freq_3d,word_freq_85,char_freq_%23,word_freq_85,word_freq_conference,word_freq_3d,word_freq_technology,word_freq_make,word_freq_857,word_freq_cs,word_freq_make,char_freq_%23,word_freq_labs,word_freq_labs,word_freq_000,word_freq_857,word_freq_1999,word_freq_business,word_freq_report,word_freq_people,char_freq_%23,word_freq_mail
46,word_freq_table,word_freq_addresses,word_freq_address,word_freq_report,word_freq_original,word_freq_857,word_freq_direct,char_freq_%5B,word_freq_415,word_freq_telnet,word_freq_3d,word_freq_857,char_freq_%5B,char_freq_%5B,char_freq_%5B,word_freq_415,word_freq_all,word_freq_order,word_freq_make,word_freq_report,word_freq_lab,word_freq_report,capital_run_length_total,word_freq_415,word_freq_remove,word_freq_addresses,word_freq_direct,word_freq_conference,word_freq_receive
47,word_freq_conference,word_freq_direct,word_freq_telnet,word_freq_cs,word_freq_make,word_freq_415,word_freq_cs,word_freq_business,word_freq_3d,word_freq_direct,word_freq_table,word_freq_lab,char_freq_%23,word_freq_money,word_freq_direct,word_freq_3d,word_freq_addresses,word_freq_cs,word_freq_cs,word_freq_project,word_freq_direct,word_freq_direct,word_freq_telnet,word_freq_money,capital_run_length_average,word_freq_mail,word_freq_table,word_freq_415,word_freq_direct
48,char_freq_%3B,word_freq_address,word_freq_labs,char_freq_%23,word_freq_labs,word_freq_3d,word_freq_415,word_freq_receive,char_freq_%5B,word_freq_addresses,word_freq_857,word_freq_project,word_freq_addresses,word_freq_mail,word_freq_telnet,word_freq_000,word_freq_address,char_freq_%23,word_freq_addresses,word_freq_original,word_freq_data,word_freq_data,word_freq_parts,word_freq_font,capital_run_length_longest,word_freq_direct,word_freq_parts,word_freq_telnet,word_freq_addresses
49,char_freq_%28,char_freq_%23,char_freq_%23,word_freq_857,word_freq_lab,word_freq_people,word_freq_credit,capital_run_length_total,char_freq_%23,word_freq_table,word_freq_direct,word_freq_data,word_freq_mail,word_freq_3d,word_freq_table,char_freq_%23,word_freq_857,word_freq_direct,word_freq_labs,word_freq_857,word_freq_cs,word_freq_people,word_freq_lab,capital_run_length_longest,word_freq_receive,word_freq_address,word_freq_labs,word_freq_857,word_freq_telnet
50,char_freq_%5B,word_freq_report,word_freq_direct,word_freq_conference,word_freq_direct,word_freq_over,word_freq_table,word_freq_order,word_freq_hpl,word_freq_parts,word_freq_415,word_freq_3d,word_freq_order,word_freq_table,word_freq_labs,word_freq_report,word_freq_85,word_freq_addresses,word_freq_telnet,word_freq_addresses,word_freq_addresses,word_freq_make,word_freq_labs,word_freq_pm,char_freq_%23,word_freq_3d,word_freq_415,word_freq_pm,word_freq_857
51,char_freq_%21,word_freq_3d,word_freq_make,word_freq_addresses,word_freq_data,word_freq_mail,word_freq_order,word_freq_labs,word_freq_technology,word_freq_labs,word_freq_telnet,word_freq_labs,word_freq_people,word_freq_parts,word_freq_addresses,word_freq_remove,word_freq_415,word_freq_3d,word_freq_direct,word_freq_415,word_freq_address,word_freq_email,word_freq_all,word_freq_internet,word_freq_internet,word_freq_parts,char_freq_%5B,word_freq_addresses,word_freq_data
52,char_freq_%24,word_freq_table,word_freq_857,word_freq_direct,word_freq_cs,word_freq_make,word_freq_mail,word_freq_money,capital_run_length_total,word_freq_857,word_freq_receive,word_freq_parts,word_freq_all,word_freq_labs,word_freq_415,word_freq_font,word_freq_3d,word_freq_table,word_freq_parts,word_freq_cs,word_freq_857,word_freq_internet,word_freq_000,word_freq_address,word_freq_free,word_freq_415,word_freq_3d,word_freq_3d,word_freq_415
53,char_freq_%23,word_freq_parts,word_freq_415,word_freq_415,word_freq_857,word_freq_direct,word_freq_857,word_freq_mail,word_freq_will,word_freq_415,word_freq_email,word_freq_table,word_freq_receive,word_freq_address,word_freq_address,word_freq_credit,word_freq_000,word_freq_parts,word_freq_857,word_freq_3d,word_freq_85,word_freq_hpl,word_freq_mail,word_freq_addresses,char_freq_%28,word_freq_857,word_freq_all,word_freq_order,word_freq_85
54,capital_run_length_average,word_freq_labs,word_freq_parts,word_freq_3d,word_freq_415,word_freq_report,word_freq_3d,word_freq_telnet,word_freq_pm,word_freq_3d,word_freq_internet,word_freq_415,word_freq_credit,word_freq_857,char_freq_%23,word_freq_conference,char_freq_%5B,word_freq_labs,word_freq_3d,word_freq_conference,word_freq_415,word_freq_over,word_freq_email,char_freq_%23,word_freq_will,word_freq_labs,word_freq_data,word_freq_people,word_freq_parts
55,capital_run_length_longest,word_freq_857,word_freq_table,word_freq_table,word_freq_3d,word_freq_order,word_freq_data,word_freq_project,word_freq_order,word_freq_technology,word_freq_mail,word_freq_technology,word_freq_email,word_freq_415,word_freq_3d,word_freq_addresses,char_freq_%23,word_freq_857,word_freq_415,word_freq_parts,word_freq_3d,word_freq_85,word_freq_over,word_freq_650,word_freq_re,word_freq_table,word_freq_address,char_freq_%3B,word_freq_labs
56,capital_run_length_total,word_freq_415,word_freq_3d,word_freq_parts,char_freq_%5B,word_freq_address,word_freq_lab,char_freq_%3B,word_freq_email,word_freq_make,word_freq_hpl,char_freq_%5B,word_freq_hpl,char_freq_%23,word_freq_857,char_freq_%5B,capital_run_length_longest,word_freq_415,word_freq_table,word_freq_table,char_freq_%5B,char_freq_%5B,word_freq_free,word_freq_85,char_freq_%24,word_freq_make,word_freq_857,word_freq_make,word_freq_lab
