,Final Score
duration,263.62076480529305
checking_status,264.76362194815016
credit_amount,274.1921933767216
credit_history,278.4779076624359
age,279.4779076624359
savings_status,279.62076480529305
installment_commitment,283.23887974571056
residence_since,285.89503007662734
employment,288.28357381719655
property_magnitude,290.29325386219347
purpose,291.1921933767216
other_payment_plans,292.6617245751127
own_telephone,293.42498348865234
job,293.8456785192154
personal_status,294.1840169122716
existing_credits,294.73033675452075
other_parties,295.02242495298646
housing,296.11692311998905
num_dependents,297.97542085130016
foreign_worker,298.6931545750477
