<oml:data_features xmlns:oml="http://openml.org/openml">
    <oml:feature>
    <oml:index>0</oml:index>
    <oml:name>Age_of_patient_at_time_of_operation</oml:name>
    <oml:data_type>numeric</oml:data_type>
        <oml:is_target>false</oml:is_target>
    <oml:is_ignore>false</oml:is_ignore>
    <oml:is_row_identifier>false</oml:is_row_identifier>
    <oml:number_of_missing_values>0</oml:number_of_missing_values>
  </oml:feature>
    <oml:feature>
    <oml:index>1</oml:index>
    <oml:name>Patients_year_of_operation</oml:name>
    <oml:data_type>nominal</oml:data_type>
          <oml:nominal_value>58</oml:nominal_value>
          <oml:nominal_value>59</oml:nominal_value>
          <oml:nominal_value>60</oml:nominal_value>
          <oml:nominal_value>61</oml:nominal_value>
          <oml:nominal_value>62</oml:nominal_value>
          <oml:nominal_value>63</oml:nominal_value>
          <oml:nominal_value>64</oml:nominal_value>
          <oml:nominal_value>65</oml:nominal_value>
          <oml:nominal_value>66</oml:nominal_value>
          <oml:nominal_value>67</oml:nominal_value>
          <oml:nominal_value>68</oml:nominal_value>
          <oml:nominal_value>69</oml:nominal_value>
        <oml:is_target>false</oml:is_target>
    <oml:is_ignore>false</oml:is_ignore>
    <oml:is_row_identifier>false</oml:is_row_identifier>
    <oml:number_of_missing_values>0</oml:number_of_missing_values>
  </oml:feature>
    <oml:feature>
    <oml:index>2</oml:index>
    <oml:name>Number_of_positive_axillary_nodes_detected</oml:name>
    <oml:data_type>numeric</oml:data_type>
        <oml:is_target>false</oml:is_target>
    <oml:is_ignore>false</oml:is_ignore>
    <oml:is_row_identifier>false</oml:is_row_identifier>
    <oml:number_of_missing_values>0</oml:number_of_missing_values>
  </oml:feature>
    <oml:feature>
    <oml:index>3</oml:index>
    <oml:name>Survival_status</oml:name>
    <oml:data_type>nominal</oml:data_type>
          <oml:nominal_value>1</oml:nominal_value>
          <oml:nominal_value>2</oml:nominal_value>
        <oml:is_target>true</oml:is_target>
    <oml:is_ignore>false</oml:is_ignore>
    <oml:is_row_identifier>false</oml:is_row_identifier>
    <oml:number_of_missing_values>0</oml:number_of_missing_values>
  </oml:feature>
  </oml:data_features>
