<oml:data_set_description xmlns:oml="http://openml.org/openml">
  <oml:id>1489</oml:id>
  <oml:name>phoneme</oml:name>
  <oml:version>1</oml:version>
  <oml:description>**Author**: Dominique Van Cappel, THOMSON-SINTRA  
**Source**: [KEEL](http://sci2s.ugr.es/keel/dataset.php?cod=105#sub2), [ELENA](https://www.elen.ucl.ac.be/neural-nets/Research/Projects/ELENA/databases/REAL/phoneme/) - 1993  
**Please cite**: None  

The aim of this dataset is to distinguish between nasal (class 0) and oral sounds (class 1). Five different attributes were chosen to characterize each vowel: they are the amplitudes of the five first harmonics AHi, normalised by the total energy Ene (integrated on all the frequencies): AHi/Ene. The phonemes are transcribed as follows: sh as in she, dcl as in dark, iy as the vowel in she, aa as the vowel in dark, and ao as the first vowel in water.  

### Source

The current dataset was formatted by the KEEL repository, but originally hosted by the [ELENA Project](https://www.elen.ucl.ac.be/neural-nets/Research/Projects/ELENA/elena.htm#stuff). The dataset originates from the European ESPRIT 5516 project: ROARS. The aim of this project was the development and the implementation of a real time analytical system for French and Spanish speech recognition.  

### Relevant information

Most of the already existing speech recognition systems are global systems (typically Hidden Markov Models and Time Delay Neural Networks) which recognizes signals and do not really use the speech
specificities.  On the contrary, analytical systems take into account the articulatory process leading to the different phonemes of a given language, the idea being to deduce the presence of each of the
phonetic features from the acoustic observation.

The main difficulty of analytical systems is to obtain acoustical parameters sufficiantly reliable. These acoustical measurements must :

   - contain all the information relative to the concerned phonetic feature.
   - being speaker independent.
   - being context independent.
   - being more or less robust to noise.

The primary acoustical observation is always voluminous (spectrum x N different observation moments) and classification cannot been processed directly.

In ROARS, the initial database is provided by cochlear spectra, which may be seen as the output of a filters bank having a constant DeltaF/F0, where the central frequencies are distributed on a
logarithmic scale (MEL type) to simulate the frequency answer of the auditory nerves.  The filters outputs are taken every 2 or 8 msec (integration on 4 or 16 msec) depending on the type of phoneme
observed (stationary or transitory).  

The aim of the present database is to distinguish between nasal and
oral vowels. There are thus two different classes:

- Class 0 : Nasals  
- Class 1 : Orals        

This database contains vowels coming from 1809 isolated syllables (for example: pa, ta, pan,...). Five different attributes were chosen to characterize each vowel: they are the amplitudes of the five first harmonics AHi, normalised by the total energy Ene (integrated on all the frequencies): AHi/Ene. Each harmonic is signed: positive when it corresponds to a local maximum of the spectrum and negative otherwise.

Three observation moments have been kept for each vowel to obtain 5427 different instances: 

 - the observation corresponding to the maximum total energy Ene. 
   
 - the observations taken 8 msec before and 8 msec after the observation corresponding to this maximum total energy.

From these 5427 initial values, 23 instances for which the amplitude of the 5 first harmonics was zero were removed, leading to the 5404 instances of the present database. The patterns are presented in a random order.

### Past Usage  

Alinat, P., Periodic Progress Report 4, ROARS Project ESPRIT II- Number 5516, February 1993, Thomson report TS. ASM 93/S/EGS/NC/079  
    
Guerin-Dugue, A. and others, Deliverable R3-B4-P - Task B4: Benchmarks, Technical report, Elena-NervesII &quot;Enhanced Learning for Evolutive Neural Architecture&quot;, ESPRIT-Basic Research Project  Number 6891, June 1995  

Verleysen, M. and Voz, J.L. and Thissen, P. and Legat, J.D., A statistical Neural Network for high-dimensional vector classification, ICNN'95 - IEEE International Conference on Neural Networks, November 1995, Perth, Western Australia.  
    
Voz J.L., Verleysen M., Thissen P. and Legat J.D., Suboptimal Bayesian classification by vector quantization with small clusters. ESANN95-European Symposium on Artificial Neural Networks, April 1995, M. Verleysen editor, D facto publications, Brussels, Belgium.  
    
Voz J.L., Verleysen M., Thissen P. and Legat J.D., A practical view of  suboptimal Bayesian classification, IWANN95-Proceedings of the International Workshop on Artificial Neural Networks, June 1995, Mira, Cabestany, Prieto editors, Springer-Verlag Lecture Notes in Computer Sciences, Malaga, Spain</oml:description>
  <oml:description_version>2</oml:description_version>
  <oml:format>ARFF</oml:format>
        <oml:upload_date>2015-05-25T19:34:17</oml:upload_date>
    <oml:licence>Public</oml:licence>  <oml:url>https://api.openml.org/data/v1/download/1592281/phoneme.arff</oml:url>
  <oml:parquet_url>http://openml1.win.tue.nl/dataset1489/dataset_1489.pq</oml:parquet_url>  <oml:file_id>1592281</oml:file_id>  <oml:default_target_attribute>Class</oml:default_target_attribute>          <oml:tag>OpenML-CC18</oml:tag><oml:tag>OpenML100</oml:tag><oml:tag>speech recognition</oml:tag><oml:tag>study_123</oml:tag><oml:tag>study_14</oml:tag><oml:tag>study_218</oml:tag><oml:tag>study_34</oml:tag><oml:tag>study_50</oml:tag><oml:tag>study_52</oml:tag><oml:tag>study_7</oml:tag><oml:tag>study_98</oml:tag><oml:tag>study_99</oml:tag>  <oml:visibility>public</oml:visibility>  <oml:original_data_url>https://sci2s.ugr.es/keel/dataset.php?cod=105#sub2</oml:original_data_url>    <oml:minio_url>http://openml1.win.tue.nl/dataset1489/dataset_1489.pq</oml:minio_url>  <oml:status>active</oml:status>
  <oml:processing_date>2018-10-03 21:36:39</oml:processing_date>      <oml:md5_checksum>902ff27649dbfb512f3fb01fc05c6b24</oml:md5_checksum>
</oml:data_set_description>
