,att_original_names,shap_m1,shap_m2,shap_m3,shap_m4,eli5_m1,eli5_m2,eli5_m3,eli5_m4,dalex_m1,dalex_m2,dalex_m3,dalex_m4,ci_m1,ci_m2,ci_m3,ci_m4,skater_m1,skater_m2,skater_m3,skater_m4,lofo_m1,lofo_m2,lofo_m3,lofo_m4,exirt_m1,exirt_m2,exirt_m3,exirt_m4
0,loc,lOBlank,lOBlank,total_Opnd,total_Opnd,… 1 more …,… 1 more …,… 1 more …,… 1 more …,b,uniq_Opnd,total_Opnd,lOCode,b,b,total_Opnd,lOCode,b,lOBlank,total_Opnd,lOCode,uniq_Opnd,lOBlank,n,t,t,lOBlank,total_Opnd,lOCode
1,v(g),b,total_Opnd,lOBlank,lOBlank,b,b,b,lOCode,uniq_Opnd,d,uniq_Opnd,total_Opnd,lOBlank,lOBlank,lOBlank,total_Opnd,lOBlank,total_Opnd,loc,total_Opnd,l,uniq_Opnd,uniq_Op,total_Opnd,l,ev(g),lOBlank,lOBlank
2,ev(g),i,uniq_Opnd,uniq_Opnd,lOCode,lOBlank,t,v,d,lOCode,b,i,uniq_Opnd,i,uniq_Opnd,t,lOBlank,uniq_Opnd,i,lOBlank,lOBlank,lOBlank,total_Opnd,uniq_Opnd,n,b,total_Opnd,uniq_Opnd,total_Op
3,iv(g),total_Opnd,i,loc,uniq_Opnd,uniq_Op,n,e,lOBlank,lOBlank,uniq_Op,lOComment,lOBlank,total_Opnd,total_Opnd,b,i,total_Opnd,uniq_Opnd,uniq_Opnd,total_Op,b,n,total_Opnd,d,lOCodeAndComment,branchCount,t,total_Opnd
4,n,uniq_Opnd,ev(g),i,total_Op,d,e,n,v,total_Opnd,total_Opnd,d,uniq_Op,lOCode,iv(g),v,b,lOCode,b,v,uniq_Opnd,total_Opnd,lOCode,total_Op,b,lOBlank,i,i,d
5,v,total_Op,b,v,d,iv(g),uniq_Op,ev(g),lOComment,lOComment,lOComment,lOCodeAndComment,lOComment,uniq_Opnd,ev(g),i,uniq_Opnd,i,ev(g),total_Op,d,n,iv(g),loc,total_Op,total_Opnd,uniq_Opnd,ev(g),branchCount
6,l,lOCode,lOComment,lOCode,i,v(g),lOCodeAndComment,uniq_Op,branchCount,uniq_Op,ev(g),lOBlank,i,ev(g),i,uniq_Opnd,iv(g),d,lOCode,lOCode,loc,ev(g),e,lOCodeAndComment,lOBlank,iv(g),lOCode,v(g),ev(g)
7,d,ev(g),lOCode,ev(g),loc,uniq_Opnd,l,l,total_Op,ev(g),i,iv(g),e,d,v,loc,uniq_Op,ev(g),loc,t,v,d,b,v,e,total_Op,lOComment,uniq_Op,uniq_Opnd
8,i,loc,v,total_Op,ev(g),t,d,total_Op,n,d,e,lOCode,iv(g),total_Op,loc,d,loc,total_Op,lOComment,i,i,lOComment,ev(g),l,v(g),uniq_Opnd,iv(g),lOComment,v
9,e,lOComment,l,t,lOComment,total_Op,lOCode,iv(g),l,iv(g),loc,ev(g),b,lOComment,lOCode,lOCode,branchCount,loc,uniq_Op,d,branchCount,v,branchCount,i,l,lOComment,v(g),lOCodeAndComment,b
10,b,d,uniq_Op,b,v,loc,total_Opnd,lOBlank,loc,l,total_Op,e,v(g),v(g),uniq_Op,iv(g),d,lOComment,v,e,ev(g),t,lOComment,e,v,ev(g),lOCodeAndComment,l,lOComment
11,t,n,loc,n,branchCount,n,uniq_Opnd,lOComment,i,lOCodeAndComment,lOBlank,v(g),d,iv(g),total_Op,n,lOComment,n,branchCount,uniq_Op,lOComment,loc,v,d,uniq_Opnd,lOCode,d,d,i
12,lOCode,e,e,lOComment,uniq_Op,lOCodeAndComment,ev(g),t,uniq_Op,t,v(g),l,ev(g),loc,v(g),e,l,e,total_Op,b,b,lOCodeAndComment,total_Op,b,lOCode,loc,e,iv(g),loc
13,lOComment,v(g),total_Op,uniq_Op,l,total_Opnd,lOComment,v(g),uniq_Opnd,v,v,n,l,e,n,uniq_Op,v,v(g),d,n,uniq_Op,lOCode,t,t,loc,v(g),l,branchCount,uniq_Op
14,lOBlank,uniq_Op,n,iv(g),b,i,loc,lOCodeAndComment,b,branchCount,iv(g),branchCount,t,uniq_Op,e,total_Op,total_Op,uniq_Op,v(g),l,l,i,lOCodeAndComment,lOComment,ev(g),i,loc,total_Op,e
15,lOCodeAndComment,branchCount,lOCodeAndComment,d,e,e,branchCount,d,v(g),v(g),branchCount,total_Op,total_Op,n,d,lOComment,ev(g),branchCount,e,branchCount,e,e,l,lOBlank,lOComment,d,total_Op,loc,v(g)
16,uniq_Op,iv(g),d,branchCount,t,branchCount,v(g),total_Opnd,t,e,l,v,n,v,t,v(g),lOCodeAndComment,iv(g),iv(g),v(g),iv(g),total_Op,d,iv(g),lOCodeAndComment,n,n,lOCode,lOCodeAndComment
17,uniq_Opnd,lOCodeAndComment,iv(g),e,iv(g),l,total_Op,loc,e,loc,t,uniq_Op,v,branchCount,lOCodeAndComment,l,n,v,l,ev(g),n,branchCount,v(g),ev(g),branchCount,e,b,v,n
18,total_Op,v,t,v(g),lOCodeAndComment,ev(g),lOBlank,branchCount,iv(g),n,lOCode,t,branchCount,l,lOComment,ev(g),v(g),lOCodeAndComment,t,lOComment,t,v(g),loc,v(g),iv(g),branchCount,v,n,iv(g)
19,total_Opnd,t,v(g),l,n,lOComment,v,uniq_Opnd,lOCodeAndComment,total_Op,lOCodeAndComment,b,loc,lOCodeAndComment,l,lOCodeAndComment,e,l,n,iv(g),v(g),uniq_Op,i,branchCount,i,uniq_Op,t,b,l
20,branchCount,l,branchCount,lOCodeAndComment,v(g),v,iv(g),lOCode,total_Opnd,i,n,loc,lOCodeAndComment,t,branchCount,branchCount,t,t,lOCodeAndComment,lOCodeAndComment,lOCodeAndComment,iv(g),uniq_Op,lOCode,uniq_Op,v,uniq_Op,e,t
