,att_original_names,shap_m1,shap_m2,shap_m3,shap_m4,eli5_m1,eli5_m2,eli5_m3,eli5_m4,dalex_m1,dalex_m2,dalex_m3,dalex_m4,ci_m1,ci_m2,ci_m3,ci_m4,skater_m1,skater_m2,skater_m3,skater_m4,lofo_m1,lofo_m2,lofo_m3,lofo_m4,exirt_m1,exirt_m2,exirt_m3,exirt_m4
0,V1,V1,V1,V4,V4,… 1 more …,… 1 more …,… 1 more …,… 1 more …,V5,V5,V5,V5,V1,V1,V5,V1,V1,V1,V4,V1,V1,V1,V1,V1,V2,V5,V5,V5
1,V2,V4,V3,V3,V3,V1,V3,V1,V1,V4,V4,V2,V2,V5,V5,V1,V5,V3,V3,V3,V4,V3,V3,V3,V3,V1,V2,V2,V4
2,V3,V3,V4,V1,V1,V3,V1,V2,V3,V2,V2,V4,V4,V2,V2,V3,V2,V2,V2,V1,V3,V5,V4,V2,V2,V5,V1,V4,V2
3,V4,V2,V2,V2,V2,V2,V2,V3,V2,V3,V3,V3,V3,V4,V3,V2,V3,V4,V4,V2,V2,V4,V2,V4,V5,V3,V3,V3,V1
4,V5,V5,V5,V5,V5,V4,V4,V4,V4,V1,V1,V1,V1,V3,V4,V4,V4,V5,V5,V5,V5,V2,V5,V5,V4,V4,V4,V1,V3
