,Final Score
Prefix_Suffix,262.14375564158075
URL_of_Anchor,295.20339816960586
SSLfinal_State,386.6785886330289
web_traffic,474.433414714785
having_Sub_Domain,476.23394552263494
Links_in_tags,479.1925775933407
age_of_domain,486.5203142900969
Links_pointing_to_page,487.6264645476756
having_IP_Address,488.3671864631942
DNSRecord,489.2444796873635
Page_Rank,492.10773985430495
SFH,492.1750815032975
Domain_registeration_length,492.9334630110213
Statistical_report,493.3239457308915
URL_Length,493.5945879784707
Request_URL,493.8887862864056
Submitting_to_email,494.0811899065265
Abnormal_URL,495.70794311454625
Google_Index,495.71444570704114
double_slash_redirecting,496.21670227836586
HTTPS_token,496.91102305163656
popUpWidnow,497.5127076618137
on_mouseover,498.85863501429964
Iframe,499.207500038207
Shortining_Service,499.32367823082967
RightClick,499.32367823082967
Redirect,499.32367823082967
having_At_Symbol,499.32367823082967
port,499.32367823082967
Favicon,499.32367823082967
