Clf,Score
"Clf Std ""Number_of_positive_axillary_nodes_detected""",20.976499999999994
"Clf Invertion ""Number_of_positive_axillary_nodes_detected""",21.976499999999994
"Clf Binning ""Age_of_patient_at_time_of_operation""",22.976499999999994
"Clf Ordernation_Up ""Number_of_positive_axillary_nodes_detected""",25.976500000000005
"Clf Zscore ""Age_of_patient_at_time_of_operation""",28.976499999999994
"Clf Std ""Age_of_patient_at_time_of_operation""",29.976499999999998
"Clf MultNeg ""Number_of_positive_axillary_nodes_detected""",31.976499999999998
"Clf Zeros ""Number_of_positive_axillary_nodes_detected""",31.976499999999998
"Clf Zscore ""Number_of_positive_axillary_nodes_detected""",32.976499999999994
"Clf Invertion ""Age_of_patient_at_time_of_operation""",32.9765
"Clf MultNeg ""Age_of_patient_at_time_of_operation""",33.976499999999994
"Clf Zeros ""Age_of_patient_at_time_of_operation""",33.976499999999994
"Clf Ordernation_Up ""Age_of_patient_at_time_of_operation""",33.976499999999994
"Clf Binning ""Number_of_positive_axillary_nodes_detected""",35.976499999999994
"Clf Binning ""Patients_year_of_operation""",36.9765
"Clf Ordernation_Up ""Patients_year_of_operation""",36.9765
Clf original data,45.59606070672398
"Clf Invertion ""Patients_year_of_operation""",60.050499999999985
"Clf Std ""Patients_year_of_operation""",61.050499999999985
"Clf MultNeg ""Patients_year_of_operation""",62.050499999999985
"Clf Zeros ""Patients_year_of_operation""",62.050499999999985
"Clf Zscore ""Patients_year_of_operation""",62.050499999999985
