Clf,Score
"Clf Invertion ""Patients_year_of_operation""",-2.564
"Clf Std ""Patients_year_of_operation""",-1.564
"Clf MultNeg ""Patients_year_of_operation""",-0.5640000000000001
"Clf Zeros ""Patients_year_of_operation""",-0.5640000000000001
"Clf Zscore ""Patients_year_of_operation""",-0.5640000000000001
"Clf Binning ""Patients_year_of_operation""",9.0
"Clf Ordernation_Up ""Patients_year_of_operation""",9.0
"Clf Zscore ""Number_of_positive_axillary_nodes_detected""",10.0
"Clf Binning ""Number_of_positive_axillary_nodes_detected""",11.0
"Clf Std ""Age_of_patient_at_time_of_operation""",11.0
"Clf MultNeg ""Number_of_positive_axillary_nodes_detected""",12.0
"Clf Zeros ""Number_of_positive_axillary_nodes_detected""",12.0
"Clf Ordernation_Up ""Age_of_patient_at_time_of_operation""",12.0
"Clf Invertion ""Age_of_patient_at_time_of_operation""",12.0
"Clf Binning ""Age_of_patient_at_time_of_operation""",13.0
"Clf Ordernation_Up ""Number_of_positive_axillary_nodes_detected""",13.0
"Clf Invertion ""Number_of_positive_axillary_nodes_detected""",13.0
"Clf Std ""Number_of_positive_axillary_nodes_detected""",13.0
"Clf Zscore ""Age_of_patient_at_time_of_operation""",13.0
Clf original data,13.970045016243542
"Clf MultNeg ""Age_of_patient_at_time_of_operation""",14.0
"Clf Zeros ""Age_of_patient_at_time_of_operation""",14.0
