Clf,Theta
Clf original data,29.3735
"Clf MultNeg ""Age_of_patient_at_time_of_operation""",19576409.9035779
"Clf MultNeg ""Patients_year_of_operation""",-17811095.774572488
"Clf MultNeg ""Number_of_positive_axillary_nodes_detected""",19576409.9035779
"Clf Binning ""Age_of_patient_at_time_of_operation""",19576409.9035779
"Clf Binning ""Patients_year_of_operation""",19576409.9035779
"Clf Binning ""Number_of_positive_axillary_nodes_detected""",19576409.9035779
"Clf Zeros ""Age_of_patient_at_time_of_operation""",19576409.9035779
"Clf Zeros ""Patients_year_of_operation""",-17811095.774572488
"Clf Zeros ""Number_of_positive_axillary_nodes_detected""",19576409.9035779
"Clf Ordernation_Up ""Age_of_patient_at_time_of_operation""",19576409.9035779
"Clf Ordernation_Up ""Patients_year_of_operation""",19576409.9035779
"Clf Ordernation_Up ""Number_of_positive_axillary_nodes_detected""",19576409.9035779
"Clf Invertion ""Age_of_patient_at_time_of_operation""",19576409.9035779
"Clf Invertion ""Patients_year_of_operation""",-17811095.774572488
"Clf Invertion ""Number_of_positive_axillary_nodes_detected""",19576409.9035779
"Clf Std ""Age_of_patient_at_time_of_operation""",19576409.9035779
"Clf Std ""Patients_year_of_operation""",-17811095.774572488
"Clf Std ""Number_of_positive_axillary_nodes_detected""",19576409.9035779
"Clf Zscore ""Age_of_patient_at_time_of_operation""",19576409.9035779
"Clf Zscore ""Patients_year_of_operation""",-17811095.774572488
"Clf Zscore ""Number_of_positive_axillary_nodes_detected""",19576409.9035779
