{
"meta":{"test_sets":[],"test_metrics":[],"learn_metrics":[{"best_value":"Min","name":"Logloss"}],"launch_mode":"Train","parameters":"","iteration_count":1000,"learn_sets":["learn"],"name":"experiment"},
"iterations":[
{"learn":[0.6906451181],"iteration":0,"passed_time":0.0006579227519,"remaining_time":0.6572648292},
{"learn":[0.688134022],"iteration":1,"passed_time":0.00118962861,"remaining_time":0.5936246765},
{"learn":[0.6866656362],"iteration":2,"passed_time":0.001558311928,"remaining_time":0.5178789976},
{"learn":[0.6844311974],"iteration":3,"passed_time":0.002042810208,"remaining_time":0.5086597419},
{"learn":[0.682244685],"iteration":4,"passed_time":0.002514442331,"remaining_time":0.5003740239},
{"learn":[0.6806272749],"iteration":5,"passed_time":0.00300462274,"remaining_time":0.4977658339},
{"learn":[0.6789289273],"iteration":6,"passed_time":0.003470659557,"remaining_time":0.4923378486},
{"learn":[0.6772003157],"iteration":7,"passed_time":0.003932932532,"remaining_time":0.487683634},
{"learn":[0.6755611633],"iteration":8,"passed_time":0.004331147009,"remaining_time":0.4769074095},
{"learn":[0.6738482276],"iteration":9,"passed_time":0.00474007207,"remaining_time":0.4692671349},
{"learn":[0.6718390215],"iteration":10,"passed_time":0.00517360893,"remaining_time":0.4651544757},
{"learn":[0.6702653616],"iteration":11,"passed_time":0.005648286674,"remaining_time":0.4650422695},
{"learn":[0.6683950192],"iteration":12,"passed_time":0.006067108185,"remaining_time":0.4606335214},
{"learn":[0.6668673173],"iteration":13,"passed_time":0.006525975974,"remaining_time":0.4596151651},
{"learn":[0.6646005285],"iteration":14,"passed_time":0.006944427465,"remaining_time":0.4560174036},
{"learn":[0.6627217794],"iteration":15,"passed_time":0.007431910908,"remaining_time":0.4570625209},
{"learn":[0.6613386191],"iteration":16,"passed_time":0.007876239722,"remaining_time":0.4554319792},
{"learn":[0.6601344634],"iteration":17,"passed_time":0.008232763285,"remaining_time":0.4491429748},
{"learn":[0.6583530159],"iteration":18,"passed_time":0.00868846681,"remaining_time":0.4485992601},
{"learn":[0.6566126389],"iteration":19,"passed_time":0.009159551631,"remaining_time":0.4488180299},
{"learn":[0.6545206281],"iteration":20,"passed_time":0.00957548162,"remaining_time":0.4463998336},
{"learn":[0.6530545844],"iteration":21,"passed_time":0.01001087858,"remaining_time":0.445029057},
{"learn":[0.6515212108],"iteration":22,"passed_time":0.01045065533,"remaining_time":0.4439256633},
{"learn":[0.6495707683],"iteration":23,"passed_time":0.01084857979,"remaining_time":0.4411755781},
{"learn":[0.6478509935],"iteration":24,"passed_time":0.0112893325,"remaining_time":0.4402839674},
{"learn":[0.6454914832],"iteration":25,"passed_time":0.01173069206,"remaining_time":0.4394497717},
{"learn":[0.6439472909],"iteration":26,"passed_time":0.01211906872,"remaining_time":0.4367353285},
{"learn":[0.6421199112],"iteration":27,"passed_time":0.01256662317,"remaining_time":0.4362413472},
{"learn":[0.640485525],"iteration":28,"passed_time":0.01299309964,"remaining_time":0.4350448191},
{"learn":[0.6389880535],"iteration":29,"passed_time":0.0134429824,"remaining_time":0.4346564308},
{"learn":[0.637545849],"iteration":30,"passed_time":0.0138696307,"remaining_time":0.4335378112},
{"learn":[0.6353856853],"iteration":31,"passed_time":0.01430350667,"remaining_time":0.4326810767},
{"learn":[0.6337418385],"iteration":32,"passed_time":0.01474919556,"remaining_time":0.4321961243},
{"learn":[0.632287644],"iteration":33,"passed_time":0.01519640316,"remaining_time":0.4317566311},
{"learn":[0.63068978],"iteration":34,"passed_time":0.01559885014,"remaining_time":0.4300825825},
{"learn":[0.6294829198],"iteration":35,"passed_time":0.01604865062,"remaining_time":0.4297471999},
{"learn":[0.6279953385],"iteration":36,"passed_time":0.01647965689,"remaining_time":0.4289164752},
{"learn":[0.6267049496],"iteration":37,"passed_time":0.0169126119,"remaining_time":0.4281561222},
{"learn":[0.6253480591],"iteration":38,"passed_time":0.01734399137,"remaining_time":0.427373736},
{"learn":[0.6238600018],"iteration":39,"passed_time":0.01778162027,"remaining_time":0.4267588865},
{"learn":[0.6221555195],"iteration":40,"passed_time":0.01821541851,"remaining_time":0.4260630817},
{"learn":[0.6205509365],"iteration":41,"passed_time":0.01865879318,"remaining_time":0.4255981872},
{"learn":[0.6187886043],"iteration":42,"passed_time":0.0191031879,"remaining_time":0.4251569959},
{"learn":[0.6173540751],"iteration":43,"passed_time":0.01953520423,"remaining_time":0.42444671},
{"learn":[0.6158571349],"iteration":44,"passed_time":0.01996330261,"remaining_time":0.4236656442},
{"learn":[0.6136282328],"iteration":45,"passed_time":0.0203862598,"remaining_time":0.4227933011},
{"learn":[0.6115797175],"iteration":46,"passed_time":0.0208304327,"remaining_time":0.4223702629},
{"learn":[0.6102101639],"iteration":47,"passed_time":0.02125353535,"remaining_time":0.4215284511},
{"learn":[0.6091055406],"iteration":48,"passed_time":0.02167685301,"remaining_time":0.4207079024},
{"learn":[0.6072887735],"iteration":49,"passed_time":0.02209172158,"remaining_time":0.4197427101},
{"learn":[0.6062715749],"iteration":50,"passed_time":0.02241908537,"remaining_time":0.4171708239},
{"learn":[0.6050968771],"iteration":51,"passed_time":0.02279720239,"remaining_time":0.4156105358},
{"learn":[0.6036474735],"iteration":52,"passed_time":0.02323028377,"remaining_time":0.4150769571},
{"learn":[0.602088601],"iteration":53,"passed_time":0.02366468067,"remaining_time":0.4145701466},
{"learn":[0.6009477474],"iteration":54,"passed_time":0.02411638398,"remaining_time":0.4143633248},
{"learn":[0.5996804227],"iteration":55,"passed_time":0.02452723779,"remaining_time":0.4134591512},
{"learn":[0.5979263813],"iteration":56,"passed_time":0.02498841888,"remaining_time":0.4134048948},
{"learn":[0.5963142685],"iteration":57,"passed_time":0.02539586977,"remaining_time":0.4124639539},
{"learn":[0.5948929072],"iteration":58,"passed_time":0.02582869705,"remaining_time":0.4119458292},
{"learn":[0.5937027162],"iteration":59,"passed_time":0.02625636041,"remaining_time":0.4113496464},
{"learn":[0.592374197],"iteration":60,"passed_time":0.0266989514,"remaining_time":0.4109887764},
{"learn":[0.5904849204],"iteration":61,"passed_time":0.02713617028,"remaining_time":0.4105439955},
{"learn":[0.58939176],"iteration":62,"passed_time":0.02752849761,"remaining_time":0.409431782},
{"learn":[0.5873558845],"iteration":63,"passed_time":0.02794869784,"remaining_time":0.4087497059},
{"learn":[0.5852208591],"iteration":64,"passed_time":0.02837789628,"remaining_time":0.4082051234},
{"learn":[0.5838628731],"iteration":65,"passed_time":0.02876947085,"remaining_time":0.4071316026},
{"learn":[0.5826592502],"iteration":66,"passed_time":0.02915354864,"remaining_time":0.405974043},
{"learn":[0.5817788755],"iteration":67,"passed_time":0.02945576697,"remaining_time":0.4037172767},
{"learn":[0.5807043109],"iteration":68,"passed_time":0.02991110911,"remaining_time":0.4035832258},
{"learn":[0.5794166659],"iteration":69,"passed_time":0.03035774441,"remaining_time":0.4033243186},
{"learn":[0.5779817683],"iteration":70,"passed_time":0.03078458954,"remaining_time":0.4028011787},
{"learn":[0.576849509],"iteration":71,"passed_time":0.03122472813,"remaining_time":0.4024520514},
{"learn":[0.5757319195],"iteration":72,"passed_time":0.03160281196,"remaining_time":0.4013124204},
{"learn":[0.5744731711],"iteration":73,"passed_time":0.03203584834,"remaining_time":0.4008810211},
{"learn":[0.5732555931],"iteration":74,"passed_time":0.03240422073,"remaining_time":0.3996520557},
{"learn":[0.5720692255],"iteration":75,"passed_time":0.03284028636,"remaining_time":0.3992687447},
{"learn":[0.5701837946],"iteration":76,"passed_time":0.03327002756,"remaining_time":0.3988082525},
{"learn":[0.568229298],"iteration":77,"passed_time":0.03368574436,"remaining_time":0.3981827731},
{"learn":[0.5670237256],"iteration":78,"passed_time":0.03411966124,"remaining_time":0.3977747848},
{"learn":[0.5661686458],"iteration":79,"passed_time":0.03454258752,"remaining_time":0.3972397565},
{"learn":[0.5652035077],"iteration":80,"passed_time":0.03499194479,"remaining_time":0.3970073736},
{"learn":[0.5642093912],"iteration":81,"passed_time":0.0354264417,"remaining_time":0.3966033352},
{"learn":[0.5629140879],"iteration":82,"passed_time":0.03586030994,"remaining_time":0.3961916171},
{"learn":[0.5616293714],"iteration":83,"passed_time":0.03628872016,"remaining_time":0.3957198532},
{"learn":[0.5603941128],"iteration":84,"passed_time":0.03675440287,"remaining_time":0.3956503368},
{"learn":[0.5590960252],"iteration":85,"passed_time":0.03719885578,"remaining_time":0.3953459789},
{"learn":[0.5583288916],"iteration":86,"passed_time":0.03753130257,"remaining_time":0.3938629799},
{"learn":[0.5569220857],"iteration":87,"passed_time":0.03796853782,"remaining_time":0.3934921192},
{"learn":[0.5563719473],"iteration":88,"passed_time":0.03827783426,"remaining_time":0.3918101911},
{"learn":[0.5549296246],"iteration":89,"passed_time":0.03873156449,"remaining_time":0.3916191521},
{"learn":[0.5539342705],"iteration":90,"passed_time":0.03916942932,"remaining_time":0.3912638599},
{"learn":[0.5528875173],"iteration":91,"passed_time":0.03960149746,"remaining_time":0.3908495619},
{"learn":[0.5519331065],"iteration":92,"passed_time":0.04002824168,"remaining_time":0.3903829591},
{"learn":[0.5506385366],"iteration":93,"passed_time":0.04045476997,"remaining_time":0.3899151233},
{"learn":[0.5494785445],"iteration":94,"passed_time":0.0408803223,"remaining_time":0.3894388598},
{"learn":[0.5483334388],"iteration":95,"passed_time":0.04131590519,"remaining_time":0.3890581072},
{"learn":[0.5471413289],"iteration":96,"passed_time":0.04174504544,"remaining_time":0.3886162478},
{"learn":[0.5457482554],"iteration":97,"passed_time":0.04216847584,"remaining_time":0.388122094},
{"learn":[0.5449461419],"iteration":98,"passed_time":0.04257957466,"remaining_time":0.3875171391},
{"learn":[0.5441321007],"iteration":99,"passed_time":0.04304311498,"remaining_time":0.3873880348},
{"learn":[0.5432061698],"iteration":100,"passed_time":0.04345556387,"remaining_time":0.3867975437},
{"learn":[0.5424128417],"iteration":101,"passed_time":0.04382062835,"remaining_time":0.3857933751},
{"learn":[0.5414887218],"iteration":102,"passed_time":0.04413707245,"remaining_time":0.3843781941},
{"learn":[0.5406348619],"iteration":103,"passed_time":0.04457264124,"remaining_time":0.3840104476},
{"learn":[0.5395434374],"iteration":104,"passed_time":0.0450096892,"remaining_time":0.3836540175},
{"learn":[0.5389634509],"iteration":105,"passed_time":0.04539562528,"remaining_time":0.3828649906},
{"learn":[0.5378498638],"iteration":106,"passed_time":0.04585267933,"remaining_time":0.3826770341},
{"learn":[0.5367257314],"iteration":107,"passed_time":0.04629456392,"remaining_time":0.3823588057},
{"learn":[0.5354197747],"iteration":108,"passed_time":0.04682866037,"remaining_time":0.3827920769},
{"learn":[0.5342333654],"iteration":109,"passed_time":0.04729192749,"remaining_time":0.382634686},
{"learn":[0.5333298786],"iteration":110,"passed_time":0.04772056272,"remaining_time":0.3821944167},
{"learn":[0.5317864202],"iteration":111,"passed_time":0.04816800715,"remaining_time":0.3819034853},
{"learn":[0.5304465881],"iteration":112,"passed_time":0.04861225005,"remaining_time":0.3815846531},
{"learn":[0.5293937485],"iteration":113,"passed_time":0.04905251001,"remaining_time":0.3812326655},
{"learn":[0.5282847657],"iteration":114,"passed_time":0.04943168708,"remaining_time":0.3804090701},
{"learn":[0.5275006342],"iteration":115,"passed_time":0.04987738461,"remaining_time":0.3801000689},
{"learn":[0.5267986068],"iteration":116,"passed_time":0.05030363789,"remaining_time":0.3796419851},
{"learn":[0.5261819298],"iteration":117,"passed_time":0.05072288169,"remaining_time":0.3791320479},
{"learn":[0.5254979781],"iteration":118,"passed_time":0.05129821221,"remaining_time":0.3797792013},
{"learn":[0.5244661289],"iteration":119,"passed_time":0.05175658542,"remaining_time":0.3795482931},
{"learn":[0.5233099404],"iteration":120,"passed_time":0.05220965471,"remaining_time":0.379275095},
{"learn":[0.5224152022],"iteration":121,"passed_time":0.05265044561,"remaining_time":0.378910584},
{"learn":[0.5216371745],"iteration":122,"passed_time":0.05308680444,"remaining_time":0.3785132317},
{"learn":[0.5207022498],"iteration":123,"passed_time":0.05353135327,"remaining_time":0.3781731086},
{"learn":[0.5200110886],"iteration":124,"passed_time":0.05395108892,"remaining_time":0.3776576224},
{"learn":[0.5191930878],"iteration":125,"passed_time":0.05439090294,"remaining_time":0.3772829299},
{"learn":[0.5182678773],"iteration":126,"passed_time":0.05482406887,"remaining_time":0.3768615128},
{"learn":[0.5172876344],"iteration":127,"passed_time":0.05526622802,"remaining_time":0.3765011784},
{"learn":[0.5162638542],"iteration":128,"passed_time":0.05579597468,"remaining_time":0.3767309608},
{"learn":[0.5154292139],"iteration":129,"passed_time":0.05624902488,"remaining_time":0.3764357819},
{"learn":[0.514232816],"iteration":130,"passed_time":0.05667639504,"remaining_time":0.3759678419},
{"learn":[0.5132126648],"iteration":131,"passed_time":0.05712050657,"remaining_time":0.3756106038},
{"learn":[0.5118688297],"iteration":132,"passed_time":0.05754522385,"remaining_time":0.3751256322},
{"learn":[0.510959037],"iteration":133,"passed_time":0.05800041417,"remaining_time":0.3748384975},
{"learn":[0.5103916185],"iteration":134,"passed_time":0.05843845491,"remaining_time":0.3744389889},
{"learn":[0.5095328598],"iteration":135,"passed_time":0.05886733334,"remaining_time":0.3739807059},
{"learn":[0.5084842599],"iteration":136,"passed_time":0.0593048245,"remaining_time":0.3735771062},
{"learn":[0.5075820836],"iteration":137,"passed_time":0.05973938687,"remaining_time":0.3731547209},
{"learn":[0.5062762784],"iteration":138,"passed_time":0.060177844,"remaining_time":0.3727562855},
{"learn":[0.5058773713],"iteration":139,"passed_time":0.06051643113,"remaining_time":0.3717437912},
{"learn":[0.5050377124],"iteration":140,"passed_time":0.06097910549,"remaining_time":0.37149682},
{"learn":[0.5041188948],"iteration":141,"passed_time":0.06142567216,"remaining_time":0.3711494839},
{"learn":[0.5032819613],"iteration":142,"passed_time":0.06184832933,"remaining_time":0.3706574702},
{"learn":[0.5025365854],"iteration":143,"passed_time":0.06226843591,"remaining_time":0.3701512579},
{"learn":[0.5019532386],"iteration":144,"passed_time":0.06261619309,"remaining_time":0.3692196213},
{"learn":[0.5013675564],"iteration":145,"passed_time":0.06303148895,"remaining_time":0.3686910381},
{"learn":[0.5006673988],"iteration":146,"passed_time":0.06346360301,"remaining_time":0.3682615875},
{"learn":[0.5002530442],"iteration":147,"passed_time":0.06376043149,"remaining_time":0.3670532948},
{"learn":[0.4994818041],"iteration":148,"passed_time":0.064189264,"remaining_time":0.3666111656},
{"learn":[0.4985325367],"iteration":149,"passed_time":0.06465581176,"remaining_time":0.3663829333},
{"learn":[0.4978879876],"iteration":150,"passed_time":0.06508447517,"remaining_time":0.3659385392},
{"learn":[0.4970780287],"iteration":151,"passed_time":0.06551901709,"remaining_time":0.365527148},
{"learn":[0.4963407858],"iteration":152,"passed_time":0.06594814552,"remaining_time":0.3650854854},
{"learn":[0.4955343038],"iteration":153,"passed_time":0.06636872577,"remaining_time":0.364597026},
{"learn":[0.494272632],"iteration":154,"passed_time":0.06679097247,"remaining_time":0.3641185273},
{"learn":[0.4932277825],"iteration":155,"passed_time":0.06721714574,"remaining_time":0.3636619936},
{"learn":[0.4927504525],"iteration":156,"passed_time":0.06763942335,"remaining_time":0.3631849292},
{"learn":[0.4920566199],"iteration":157,"passed_time":0.0680889829,"remaining_time":0.3628539469},
{"learn":[0.4914695793],"iteration":158,"passed_time":0.0685294015,"remaining_time":0.3624731237},
{"learn":[0.4902952465],"iteration":159,"passed_time":0.06895914861,"remaining_time":0.3620355302},
{"learn":[0.48976279],"iteration":160,"passed_time":0.06938764565,"remaining_time":0.3615915199},
{"learn":[0.4887911556],"iteration":161,"passed_time":0.06981791052,"remaining_time":0.3611568458},
{"learn":[0.4879471655],"iteration":162,"passed_time":0.0702525288,"remaining_time":0.3607445804},
{"learn":[0.4870297542],"iteration":163,"passed_time":0.07068660796,"remaining_time":0.3603292942},
{"learn":[0.4866683474],"iteration":164,"passed_time":0.07103603386,"remaining_time":0.3594853835},
{"learn":[0.4858925559],"iteration":165,"passed_time":0.07149226242,"remaining_time":0.3591840172},
{"learn":[0.4851706805],"iteration":166,"passed_time":0.0719551677,"remaining_time":0.3589141},
{"learn":[0.484299763],"iteration":167,"passed_time":0.07241258405,"remaining_time":0.3586147019},
{"learn":[0.4837029084],"iteration":168,"passed_time":0.07283915825,"remaining_time":0.3581617782},
{"learn":[0.4829095127],"iteration":169,"passed_time":0.07331182316,"remaining_time":0.3579341954},
{"learn":[0.4820245742],"iteration":170,"passed_time":0.07374183756,"remaining_time":0.3574969786},
{"learn":[0.4812013934],"iteration":171,"passed_time":0.07412128964,"remaining_time":0.3568164408},
{"learn":[0.4807239792],"iteration":172,"passed_time":0.07458279667,"remaining_time":0.3565316349},
{"learn":[0.4801332173],"iteration":173,"passed_time":0.07504204402,"remaining_time":0.3562340711},
{"learn":[0.4792693905],"iteration":174,"passed_time":0.07547172613,"remaining_time":0.3557952803},
{"learn":[0.4782983],"iteration":175,"passed_time":0.07591906283,"remaining_time":0.3554392487},
{"learn":[0.4774536331],"iteration":176,"passed_time":0.07635913096,"remaining_time":0.3550483886},
{"learn":[0.4765349722],"iteration":177,"passed_time":0.07680486985,"remaining_time":0.354683163},
{"learn":[0.4759374822],"iteration":178,"passed_time":0.07723241411,"remaining_time":0.3542335865},
{"learn":[0.4751584396],"iteration":179,"passed_time":0.07767337865,"remaining_time":0.3538453916},
{"learn":[0.4742082647],"iteration":180,"passed_time":0.07810398671,"remaining_time":0.353409752},
{"learn":[0.4734714433],"iteration":181,"passed_time":0.07855651552,"remaining_time":0.3530726906},
{"learn":[0.4730640969],"iteration":182,"passed_time":0.07895340765,"remaining_time":0.3524859784},
{"learn":[0.4724603209],"iteration":183,"passed_time":0.08169712069,"remaining_time":0.36230897},
{"learn":[0.4717398368],"iteration":184,"passed_time":0.082275395,"remaining_time":0.3624564698},
{"learn":[0.4711115736],"iteration":185,"passed_time":0.08268555603,"remaining_time":0.3618604441},
{"learn":[0.4707273482],"iteration":186,"passed_time":0.08322861524,"remaining_time":0.3618441935},
{"learn":[0.4697413293],"iteration":187,"passed_time":0.08372830117,"remaining_time":0.3616350029},
{"learn":[0.469011502],"iteration":188,"passed_time":0.08427542423,"remaining_time":0.3616262913},
{"learn":[0.4683009671],"iteration":189,"passed_time":0.0848150587,"remaining_time":0.3615799871},
{"learn":[0.4674604315],"iteration":190,"passed_time":0.08532877585,"remaining_time":0.3614187417},
{"learn":[0.4668865597],"iteration":191,"passed_time":0.08585442502,"remaining_time":0.3613040386},
{"learn":[0.4664779007],"iteration":192,"passed_time":0.0862604681,"remaining_time":0.3606849625},
{"learn":[0.4660058402],"iteration":193,"passed_time":0.08681034314,"remaining_time":0.3606656524},
{"learn":[0.4654868025],"iteration":194,"passed_time":0.08736883091,"remaining_time":0.3606764558},
{"learn":[0.4646931671],"iteration":195,"passed_time":0.09154753141,"remaining_time":0.3755317105},
{"learn":[0.4633870336],"iteration":196,"passed_time":0.09358390263,"remaining_time":0.3814612884},
{"learn":[0.4626743137],"iteration":197,"passed_time":0.09417287253,"remaining_time":0.3814476958},
{"learn":[0.4622331797],"iteration":198,"passed_time":0.0946967966,"remaining_time":0.3811665029},
{"learn":[0.4616361031],"iteration":199,"passed_time":0.09523579876,"remaining_time":0.3809431951},
{"learn":[0.4610520688],"iteration":200,"passed_time":0.09576238571,"remaining_time":0.3806673939},
{"learn":[0.4603768881],"iteration":201,"passed_time":0.09628160497,"remaining_time":0.3803600038},
{"learn":[0.4597479265],"iteration":202,"passed_time":0.09687043395,"remaining_time":0.380323822},
{"learn":[0.4592139142],"iteration":203,"passed_time":0.09741263447,"remaining_time":0.3801002796},
{"learn":[0.4583800055],"iteration":204,"passed_time":0.09971103137,"remaining_time":0.3866842436},
{"learn":[0.4577905588],"iteration":205,"passed_time":0.1003155335,"remaining_time":0.3866530756},
{"learn":[0.4574029739],"iteration":206,"passed_time":0.100708489,"remaining_time":0.3858059507},
{"learn":[0.4567480485],"iteration":207,"passed_time":0.101191514,"remaining_time":0.3853061496},
{"learn":[0.4559708631],"iteration":208,"passed_time":0.1016916577,"remaining_time":0.3848712979},
{"learn":[0.4552486828],"iteration":209,"passed_time":0.1021343742,"remaining_time":0.3842197886},
{"learn":[0.4550575247],"iteration":210,"passed_time":0.1024876212,"remaining_time":0.383235702},
{"learn":[0.4547271141],"iteration":211,"passed_time":0.1028283966,"remaining_time":0.3822112101},
{"learn":[0.4540465133],"iteration":212,"passed_time":0.1032576528,"remaining_time":0.3815200599},
{"learn":[0.4535968183],"iteration":213,"passed_time":0.1036970354,"remaining_time":0.3808685507},
{"learn":[0.4531342767],"iteration":214,"passed_time":0.1041702254,"remaining_time":0.3803424508},
{"learn":[0.4527936383],"iteration":215,"passed_time":0.1047173307,"remaining_time":0.3800851263},
{"learn":[0.4522904827],"iteration":216,"passed_time":0.1051956123,"remaining_time":0.3795767946},
{"learn":[0.4517067757],"iteration":217,"passed_time":0.1056651761,"remaining_time":0.3790374666},
{"learn":[0.4511286945],"iteration":218,"passed_time":0.1061180963,"remaining_time":0.3784394211},
{"learn":[0.4507459799],"iteration":219,"passed_time":0.1065540483,"remaining_time":0.3777825349},
{"learn":[0.4501881193],"iteration":220,"passed_time":0.1069993531,"remaining_time":0.3771606156},
{"learn":[0.4497362077],"iteration":221,"passed_time":0.107444746,"remaining_time":0.3765405965},
{"learn":[0.4493273812],"iteration":222,"passed_time":0.1078500932,"remaining_time":0.3757826116},
{"learn":[0.4484264211],"iteration":223,"passed_time":0.1083130235,"remaining_time":0.3752272598},
{"learn":[0.4478864998],"iteration":224,"passed_time":0.108783205,"remaining_time":0.3746977063},
{"learn":[0.4471728495],"iteration":225,"passed_time":0.1092204312,"remaining_time":0.374055813},
{"learn":[0.4465493059],"iteration":226,"passed_time":0.109660282,"remaining_time":0.3734246609},
{"learn":[0.4462007025],"iteration":227,"passed_time":0.1101206954,"remaining_time":0.3728648106},
{"learn":[0.4456583015],"iteration":228,"passed_time":0.1105792022,"remaining_time":0.3722994101},
{"learn":[0.4450856136],"iteration":229,"passed_time":0.1110170489,"remaining_time":0.3716657723},
{"learn":[0.4445034253],"iteration":230,"passed_time":0.1114797996,"remaining_time":0.3711167355},
{"learn":[0.4441081838],"iteration":231,"passed_time":0.1118676103,"remaining_time":0.3703203652},
{"learn":[0.4436645067],"iteration":232,"passed_time":0.1123050506,"remaining_time":0.3696908747},
{"learn":[0.4431737813],"iteration":233,"passed_time":0.1126939164,"remaining_time":0.3689040168},
{"learn":[0.4429281993],"iteration":234,"passed_time":0.1130569266,"remaining_time":0.3680363782},
{"learn":[0.4425925971],"iteration":235,"passed_time":0.1135233326,"remaining_time":0.3675077377},
{"learn":[0.4422144562],"iteration":236,"passed_time":0.1140022333,"remaining_time":0.3670198481},
{"learn":[0.4419824969],"iteration":237,"passed_time":0.1144405722,"remaining_time":0.3664021682},
{"learn":[0.4414590817],"iteration":238,"passed_time":0.1148934697,"remaining_time":0.3658323449},
{"learn":[0.441248689],"iteration":239,"passed_time":0.11534824,"remaining_time":0.3652694266},
{"learn":[0.4405660962],"iteration":240,"passed_time":0.1158142722,"remaining_time":0.364742874},
{"learn":[0.4400998946],"iteration":241,"passed_time":0.1162382122,"remaining_time":0.3640849788},
{"learn":[0.4394750608],"iteration":242,"passed_time":0.1167029362,"remaining_time":0.3635560606},
{"learn":[0.4388501506],"iteration":243,"passed_time":0.1171409683,"remaining_time":0.3629449675},
{"learn":[0.4384574536],"iteration":244,"passed_time":0.1175832584,"remaining_time":0.3623484086},
{"learn":[0.4379262108],"iteration":245,"passed_time":0.1180238311,"remaining_time":0.36174784},
{"learn":[0.4374955249],"iteration":246,"passed_time":0.1183912012,"remaining_time":0.3609254028},
{"learn":[0.4368823685],"iteration":247,"passed_time":0.1188400334,"remaining_time":0.3603536497},
{"learn":[0.4366590139],"iteration":248,"passed_time":0.1192108396,"remaining_time":0.3595475523},
{"learn":[0.4362404273],"iteration":249,"passed_time":0.1196663922,"remaining_time":0.3589991765},
{"learn":[0.4357801857],"iteration":250,"passed_time":0.1201019642,"remaining_time":0.3583919169},
{"learn":[0.4354694106],"iteration":251,"passed_time":0.1205393521,"remaining_time":0.3577914103},
{"learn":[0.4350333114],"iteration":252,"passed_time":0.1209768715,"remaining_time":0.357192581},
{"learn":[0.4345970707],"iteration":253,"passed_time":0.121416545,"remaining_time":0.3566013488},
{"learn":[0.4337664739],"iteration":254,"passed_time":0.1218573737,"remaining_time":0.3560146799},
{"learn":[0.4334312509],"iteration":255,"passed_time":0.1222892886,"remaining_time":0.355403245},
{"learn":[0.4328955922],"iteration":256,"passed_time":0.1230349639,"remaining_time":0.3557003042},
{"learn":[0.4325984306],"iteration":257,"passed_time":0.1234401397,"remaining_time":0.355010014},
{"learn":[0.4317489932],"iteration":258,"passed_time":0.1239300146,"remaining_time":0.3545642502},
{"learn":[0.4314810703],"iteration":259,"passed_time":0.1243754703,"remaining_time":0.3539917231},
{"learn":[0.431111623],"iteration":260,"passed_time":0.1247724665,"remaining_time":0.3532829607},
{"learn":[0.4305117813],"iteration":261,"passed_time":0.1252173572,"remaining_time":0.352711487},
{"learn":[0.4301225694],"iteration":262,"passed_time":0.1256732066,"remaining_time":0.3521716855},
{"learn":[0.4294930653],"iteration":263,"passed_time":0.1261529615,"remaining_time":0.3516991653},
{"learn":[0.4287882102],"iteration":264,"passed_time":0.1266147303,"remaining_time":0.3511767048},
{"learn":[0.4285204661],"iteration":265,"passed_time":0.1270516883,"remaining_time":0.3505862376},
{"learn":[0.4277141327],"iteration":266,"passed_time":0.1275125212,"remaining_time":0.3500624645},
{"learn":[0.4273046799],"iteration":267,"passed_time":0.1279558449,"remaining_time":0.3494913376},
{"learn":[0.4265225646],"iteration":268,"passed_time":0.1284121876,"remaining_time":0.3489565395},
{"learn":[0.4263244617],"iteration":269,"passed_time":0.1287499069,"remaining_time":0.3481016002},
{"learn":[0.4260165886],"iteration":270,"passed_time":0.129215286,"remaining_time":0.3475938874},
{"learn":[0.4256480677],"iteration":271,"passed_time":0.1296569665,"remaining_time":0.3470230573},
{"learn":[0.4252176013],"iteration":272,"passed_time":0.1300958227,"remaining_time":0.3464456524},
{"learn":[0.4246359571],"iteration":273,"passed_time":0.1305388924,"remaining_time":0.3458804228},
{"learn":[0.4239863598],"iteration":274,"passed_time":0.1309935908,"remaining_time":0.3453467395},
{"learn":[0.4235535152],"iteration":275,"passed_time":0.1315820016,"remaining_time":0.345164381},
{"learn":[0.4230552851],"iteration":276,"passed_time":0.1323899407,"remaining_time":0.3455520836},
{"learn":[0.4225357585],"iteration":277,"passed_time":0.1328605764,"remaining_time":0.3450551662},
{"learn":[0.4217088175],"iteration":278,"passed_time":0.133356439,"remaining_time":0.344623629},
{"learn":[0.4210590668],"iteration":279,"passed_time":0.133820703,"remaining_time":0.3441103791},
{"learn":[0.4206473888],"iteration":280,"passed_time":0.1342123666,"remaining_time":0.3434117139},
{"learn":[0.4202667324],"iteration":281,"passed_time":0.134695793,"remaining_time":0.3429488631},
{"learn":[0.4197741371],"iteration":282,"passed_time":0.1351444835,"remaining_time":0.3423978609},
{"learn":[0.4192459536],"iteration":283,"passed_time":0.1356206258,"remaining_time":0.341916789},
{"learn":[0.4189741711],"iteration":284,"passed_time":0.1360647874,"remaining_time":0.3413555192},
{"learn":[0.4183431812],"iteration":285,"passed_time":0.1365274454,"remaining_time":0.3408412447},
{"learn":[0.4178930689],"iteration":286,"passed_time":0.137005491,"remaining_time":0.3403655578},
{"learn":[0.4175238208],"iteration":287,"passed_time":0.13746145,"remaining_time":0.3398352514},
{"learn":[0.4168111716],"iteration":288,"passed_time":0.1379256872,"remaining_time":0.3393258255},
{"learn":[0.4163267159],"iteration":289,"passed_time":0.1383940678,"remaining_time":0.3388268555},
{"learn":[0.415919725],"iteration":290,"passed_time":0.1388574417,"remaining_time":0.3383158975},
{"learn":[0.4155015207],"iteration":291,"passed_time":0.1393113419,"remaining_time":0.3377822949},
{"learn":[0.415038837],"iteration":292,"passed_time":0.1397567285,"remaining_time":0.3372286931},
{"learn":[0.414801392],"iteration":293,"passed_time":0.140213824,"remaining_time":0.3367039446},
{"learn":[0.4144781668],"iteration":294,"passed_time":0.1406660723,"remaining_time":0.3361680711},
{"learn":[0.4141361951],"iteration":295,"passed_time":0.1411014056,"remaining_time":0.3355925323},
{"learn":[0.4136254157],"iteration":296,"passed_time":0.1416958763,"remaining_time":0.3353946162},
{"learn":[0.4131016291],"iteration":297,"passed_time":0.1421596434,"remaining_time":0.3348861399},
{"learn":[0.4125684694],"iteration":298,"passed_time":0.1426156429,"remaining_time":0.3343597513},
{"learn":[0.4120557429],"iteration":299,"passed_time":0.1430597058,"remaining_time":0.3338059801},
{"learn":[0.4116858326],"iteration":300,"passed_time":0.1435252748,"remaining_time":0.3333028807},
{"learn":[0.4112009004],"iteration":301,"passed_time":0.1439752726,"remaining_time":0.3327640406},
{"learn":[0.410967889],"iteration":302,"passed_time":0.1443332362,"remaining_time":0.332014078},
{"learn":[0.4106010138],"iteration":303,"passed_time":0.1448003822,"remaining_time":0.3315166645},
{"learn":[0.4103739469],"iteration":304,"passed_time":0.1452590363,"remaining_time":0.3310000992},
{"learn":[0.4101111168],"iteration":305,"passed_time":0.1456995095,"remaining_time":0.3304426784},
{"learn":[0.4098063284],"iteration":306,"passed_time":0.1461580945,"remaining_time":0.3299269039},
{"learn":[0.4093753372],"iteration":307,"passed_time":0.1466052412,"remaining_time":0.3293858017},
{"learn":[0.4090414928],"iteration":308,"passed_time":0.1470416792,"remaining_time":0.3288213602},
{"learn":[0.4086411669],"iteration":309,"passed_time":0.1474757524,"remaining_time":0.3282524812},
{"learn":[0.4083146138],"iteration":310,"passed_time":0.1479150423,"remaining_time":0.3276960262},
{"learn":[0.4077933556],"iteration":311,"passed_time":0.1483602257,"remaining_time":0.3271533182},
{"learn":[0.4075224827],"iteration":312,"passed_time":0.1488077042,"remaining_time":0.326616271},
{"learn":[0.4067749804],"iteration":313,"passed_time":0.1492434744,"remaining_time":0.3260542148},
{"learn":[0.406401962],"iteration":314,"passed_time":0.1497578384,"remaining_time":0.3256638708},
{"learn":[0.4059799737],"iteration":315,"passed_time":0.1502036782,"remaining_time":0.3251244174},
{"learn":[0.4055336817],"iteration":316,"passed_time":0.1506575807,"remaining_time":0.3246029263},
{"learn":[0.4054132316],"iteration":317,"passed_time":0.1509918554,"remaining_time":0.3238252998},
{"learn":[0.4048820242],"iteration":318,"passed_time":0.1514210538,"remaining_time":0.323253096},
{"learn":[0.4045860681],"iteration":319,"passed_time":0.1518565258,"remaining_time":0.3226951172},
{"learn":[0.4038295979],"iteration":320,"passed_time":0.1523341864,"remaining_time":0.3222271419},
{"learn":[0.403778226],"iteration":321,"passed_time":0.1526676228,"remaining_time":0.3214554293},
{"learn":[0.4033287349],"iteration":322,"passed_time":0.1531010437,"remaining_time":0.3208959957},
{"learn":[0.4030630692],"iteration":323,"passed_time":0.15353206,"remaining_time":0.3203323227},
{"learn":[0.4024718209],"iteration":324,"passed_time":0.1539794476,"remaining_time":0.3198034681},
{"learn":[0.4020340149],"iteration":325,"passed_time":0.1543675784,"remaining_time":0.3191526007},
{"learn":[0.4016944222],"iteration":326,"passed_time":0.1547993001,"remaining_time":0.318593055},
{"learn":[0.40133843],"iteration":327,"passed_time":0.1552418397,"remaining_time":0.3180564522},
{"learn":[0.4012096416],"iteration":328,"passed_time":0.1555463182,"remaining_time":0.3172388435},
{"learn":[0.4008383932],"iteration":329,"passed_time":0.1560026936,"remaining_time":0.3167327415},
{"learn":[0.4005710236],"iteration":330,"passed_time":0.1564407384,"remaining_time":0.3161898912},
{"learn":[0.4000584233],"iteration":331,"passed_time":0.1569272495,"remaining_time":0.3157451888},
{"learn":[0.3997036897],"iteration":332,"passed_time":0.1574032642,"remaining_time":0.3152792108},
{"learn":[0.3992785086],"iteration":333,"passed_time":0.1579144448,"remaining_time":0.3148832941},
{"learn":[0.3989942933],"iteration":334,"passed_time":0.1583614451,"remaining_time":0.3143592866},
{"learn":[0.3983498626],"iteration":335,"passed_time":0.1591376884,"remaining_time":0.3144863843},
{"learn":[0.3981120202],"iteration":336,"passed_time":0.1596426019,"remaining_time":0.3140743177},
{"learn":[0.3980249145],"iteration":337,"passed_time":0.1600375553,"remaining_time":0.3134463361},
{"learn":[0.3977535527],"iteration":338,"passed_time":0.160518668,"remaining_time":0.3129877272},
{"learn":[0.3974005805],"iteration":339,"passed_time":0.160980955,"remaining_time":0.3124924421},
{"learn":[0.3968875948],"iteration":340,"passed_time":0.1614338852,"remaining_time":0.3119792679},
{"learn":[0.3963516359],"iteration":341,"passed_time":0.161875197,"remaining_time":0.3114440926},
{"learn":[0.3959422401],"iteration":342,"passed_time":0.1623538986,"remaining_time":0.3109810828},
{"learn":[0.3957179634],"iteration":343,"passed_time":0.162813761,"remaining_time":0.3104820559},
{"learn":[0.3953541021],"iteration":344,"passed_time":0.163258889,"remaining_time":0.309955282},
{"learn":[0.3950265659],"iteration":345,"passed_time":0.1637128842,"remaining_time":0.3094457407},
{"learn":[0.3947152767],"iteration":346,"passed_time":0.1641725143,"remaining_time":0.3089471235},
{"learn":[0.394460485],"iteration":347,"passed_time":0.1646057557,"remaining_time":0.3083992895},
{"learn":[0.3940749419],"iteration":348,"passed_time":0.1650820395,"remaining_time":0.3079324003},
{"learn":[0.3938448248],"iteration":349,"passed_time":0.1655069299,"remaining_time":0.3073700127},
{"learn":[0.3935861644],"iteration":350,"passed_time":0.1659784571,"remaining_time":0.30689464},
{"learn":[0.3931331958],"iteration":351,"passed_time":0.1664608966,"remaining_time":0.3064393778},
{"learn":[0.3926959284],"iteration":352,"passed_time":0.1668618667,"remaining_time":0.3058346395},
{"learn":[0.3923678299],"iteration":353,"passed_time":0.1672950967,"remaining_time":0.3052899222},
{"learn":[0.3921524995],"iteration":354,"passed_time":0.1677656642,"remaining_time":0.3048136716},
{"learn":[0.392092995],"iteration":355,"passed_time":0.1680980155,"remaining_time":0.3040874214},
{"learn":[0.3917322971],"iteration":356,"passed_time":0.1685418162,"remaining_time":0.3035641114},
{"learn":[0.3916221702],"iteration":357,"passed_time":0.169000853,"remaining_time":0.3030685689},
{"learn":[0.3912507045],"iteration":358,"passed_time":0.1694547392,"remaining_time":0.3025640329},
{"learn":[0.390672999],"iteration":359,"passed_time":0.1698902653,"remaining_time":0.3020271382},
{"learn":[0.3903091697],"iteration":360,"passed_time":0.1704231539,"remaining_time":0.301663145},
{"learn":[0.3900199139],"iteration":361,"passed_time":0.1708877302,"remaining_time":0.3011778228},
{"learn":[0.3895884398],"iteration":362,"passed_time":0.1713480303,"remaining_time":0.3006851111},
{"learn":[0.3891196588],"iteration":363,"passed_time":0.1717725485,"remaining_time":0.3001300573},
{"learn":[0.3887193065],"iteration":364,"passed_time":0.1722157932,"remaining_time":0.2996082977},
{"learn":[0.3885475462],"iteration":365,"passed_time":0.172609096,"remaining_time":0.2990004559},
{"learn":[0.3878735066],"iteration":366,"passed_time":0.1730470058,"remaining_time":0.2984707213},
{"learn":[0.3875608729],"iteration":367,"passed_time":0.1734836956,"remaining_time":0.2979393903},
{"learn":[0.3870683671],"iteration":368,"passed_time":0.1739515562,"remaining_time":0.2974618752},
{"learn":[0.3868590459],"iteration":369,"passed_time":0.1743805114,"remaining_time":0.2969181681},
{"learn":[0.3866456933],"iteration":370,"passed_time":0.1748326761,"remaining_time":0.2964144293},
{"learn":[0.3863529546],"iteration":371,"passed_time":0.1752871714,"remaining_time":0.2959149022},
{"learn":[0.3859754701],"iteration":372,"passed_time":0.1757467538,"remaining_time":0.2954241678},
{"learn":[0.3856702443],"iteration":373,"passed_time":0.1761727961,"remaining_time":0.2948774609},
{"learn":[0.3855213022],"iteration":374,"passed_time":0.1766283314,"remaining_time":0.2943805524},
{"learn":[0.3851772603],"iteration":375,"passed_time":0.1770765141,"remaining_time":0.2938716617},
{"learn":[0.3850160841],"iteration":376,"passed_time":0.1775912013,"remaining_time":0.2934729931},
{"learn":[0.3848677645],"iteration":377,"passed_time":0.1780369379,"remaining_time":0.2929602524},
{"learn":[0.38475052],"iteration":378,"passed_time":0.1784533684,"remaining_time":0.2923998464},
{"learn":[0.3842252147],"iteration":379,"passed_time":0.17890709,"remaining_time":0.2919010416},
{"learn":[0.3838390462],"iteration":380,"passed_time":0.1793447453,"remaining_time":0.2913763709},
{"learn":[0.3833463792],"iteration":381,"passed_time":0.1797872981,"remaining_time":0.2908600791},
{"learn":[0.383092977],"iteration":382,"passed_time":0.180229449,"remaining_time":0.290343525},
{"learn":[0.3828560028],"iteration":383,"passed_time":0.1806603403,"remaining_time":0.2898092959},
{"learn":[0.3825091042],"iteration":384,"passed_time":0.1811026831,"remaining_time":0.2892938964},
{"learn":[0.38233209],"iteration":385,"passed_time":0.1814895774,"remaining_time":0.2886906749},
{"learn":[0.3821046452],"iteration":386,"passed_time":0.1819226906,"remaining_time":0.2881617813},
{"learn":[0.3818498971],"iteration":387,"passed_time":0.1823379992,"remaining_time":0.2876052977},
{"learn":[0.3815018833],"iteration":388,"passed_time":0.1827611855,"remaining_time":0.2870619135},
{"learn":[0.3812732865],"iteration":389,"passed_time":0.1832030324,"remaining_time":0.2865483327},
{"learn":[0.3809866434],"iteration":390,"passed_time":0.1836278578,"remaining_time":0.2860086072},
{"learn":[0.3805705581],"iteration":391,"passed_time":0.1840399067,"remaining_time":0.2854496512},
{"learn":[0.3802930302],"iteration":392,"passed_time":0.1844637271,"remaining_time":0.2849096243},
{"learn":[0.3799608354],"iteration":393,"passed_time":0.1848986341,"remaining_time":0.2843872392},
{"learn":[0.379700186],"iteration":394,"passed_time":0.1853254292,"remaining_time":0.2838528725},
{"learn":[0.3794366385],"iteration":395,"passed_time":0.1857518107,"remaining_time":0.2833184183},
{"learn":[0.3791269988],"iteration":396,"passed_time":0.1861715049,"remaining_time":0.2827743513},
{"learn":[0.3788985882],"iteration":397,"passed_time":0.1866496024,"remaining_time":0.2823192479},
{"learn":[0.3785950667],"iteration":398,"passed_time":0.1871008739,"remaining_time":0.2818236221},
{"learn":[0.3783453884],"iteration":399,"passed_time":0.1876242361,"remaining_time":0.2814363542},
{"learn":[0.3781859417],"iteration":400,"passed_time":0.188064131,"remaining_time":0.2809237269},
{"learn":[0.3778646247],"iteration":401,"passed_time":0.1884965269,"remaining_time":0.2804003062},
{"learn":[0.3775279315],"iteration":402,"passed_time":0.1889245026,"remaining_time":0.2798707892},
{"learn":[0.3773224885],"iteration":403,"passed_time":0.1893420672,"remaining_time":0.279326416},
{"learn":[0.3770968573],"iteration":404,"passed_time":0.1897708865,"remaining_time":0.2787992037},
{"learn":[0.3768798588],"iteration":405,"passed_time":0.1902015964,"remaining_time":0.278275242},
{"learn":[0.3766250403],"iteration":406,"passed_time":0.1906260269,"remaining_time":0.2777425895},
{"learn":[0.3765423328],"iteration":407,"passed_time":0.191003943,"remaining_time":0.2771429761},
{"learn":[0.3762893841],"iteration":408,"passed_time":0.1914468749,"remaining_time":0.2766383938},
{"learn":[0.3760022707],"iteration":409,"passed_time":0.1918923679,"remaining_time":0.2761377976},
{"learn":[0.3758209037],"iteration":410,"passed_time":0.1923235869,"remaining_time":0.2756170138},
{"learn":[0.3756372864],"iteration":411,"passed_time":0.1927661247,"remaining_time":0.2751128187},
{"learn":[0.3754572614],"iteration":412,"passed_time":0.1931993629,"remaining_time":0.2745957046},
{"learn":[0.3752270924],"iteration":413,"passed_time":0.1936399597,"remaining_time":0.2740894115},
{"learn":[0.3751427812],"iteration":414,"passed_time":0.1939605826,"remaining_time":0.2734143153},
{"learn":[0.3749810898],"iteration":415,"passed_time":0.1943475033,"remaining_time":0.272833995},
{"learn":[0.3746291706],"iteration":416,"passed_time":0.1947791464,"remaining_time":0.272317128},
{"learn":[0.3741411459],"iteration":417,"passed_time":0.1952131815,"remaining_time":0.2718039991},
{"learn":[0.3737740776],"iteration":418,"passed_time":0.1956817025,"remaining_time":0.2713390672},
{"learn":[0.3735284192],"iteration":419,"passed_time":0.1961227566,"remaining_time":0.2708361877},
{"learn":[0.3731593511],"iteration":420,"passed_time":0.1965637307,"remaining_time":0.2703334919},
{"learn":[0.3729574253],"iteration":421,"passed_time":0.1969998068,"remaining_time":0.2698243799},
{"learn":[0.3726577841],"iteration":422,"passed_time":0.1974268901,"remaining_time":0.2693033466},
{"learn":[0.3724782303],"iteration":423,"passed_time":0.1978727018,"remaining_time":0.2688081986},
{"learn":[0.3722437421],"iteration":424,"passed_time":0.1983053949,"remaining_time":0.2682955343},
{"learn":[0.3720630844],"iteration":425,"passed_time":0.1987590193,"remaining_time":0.2678114485},
{"learn":[0.3717109146],"iteration":426,"passed_time":0.1991892096,"remaining_time":0.2672960587},
{"learn":[0.3716209548],"iteration":427,"passed_time":0.199614916,"remaining_time":0.2667750747},
{"learn":[0.371440954],"iteration":428,"passed_time":0.2000540959,"remaining_time":0.266272468},
{"learn":[0.3710729402],"iteration":429,"passed_time":0.2004726792,"remaining_time":0.2657428538},
{"learn":[0.3708275271],"iteration":430,"passed_time":0.2009045223,"remaining_time":0.2652312604},
{"learn":[0.3706429968],"iteration":431,"passed_time":0.2013279136,"remaining_time":0.2647089235},
{"learn":[0.370376082],"iteration":432,"passed_time":0.201746406,"remaining_time":0.2641806287},
{"learn":[0.3701197548],"iteration":433,"passed_time":0.2021968316,"remaining_time":0.2636944854},
{"learn":[0.3696607014],"iteration":434,"passed_time":0.2026346096,"remaining_time":0.2631920791},
{"learn":[0.3694666525],"iteration":435,"passed_time":0.2030649608,"remaining_time":0.2626803621},
{"learn":[0.3690339076],"iteration":436,"passed_time":0.2035106506,"remaining_time":0.2621887787},
{"learn":[0.3687314633],"iteration":437,"passed_time":0.2039390476,"remaining_time":0.2616752164},
{"learn":[0.3682874761],"iteration":438,"passed_time":0.2043931942,"remaining_time":0.2611949475},
{"learn":[0.3681263453],"iteration":439,"passed_time":0.2048331915,"remaining_time":0.2606967891},
{"learn":[0.3678066856],"iteration":440,"passed_time":0.2052696112,"remaining_time":0.2601943598},
{"learn":[0.3676097976],"iteration":441,"passed_time":0.2056871476,"remaining_time":0.25966839},
{"learn":[0.3673514694],"iteration":442,"passed_time":0.2061198076,"remaining_time":0.2591619252},
{"learn":[0.3669144222],"iteration":443,"passed_time":0.2065429212,"remaining_time":0.2586438383},
{"learn":[0.3667443753],"iteration":444,"passed_time":0.2069798323,"remaining_time":0.2581433864},
{"learn":[0.3665928784],"iteration":445,"passed_time":0.207403405,"remaining_time":0.2576266511},
{"learn":[0.3664143258],"iteration":446,"passed_time":0.2078656753,"remaining_time":0.2571582068},
{"learn":[0.3663290277],"iteration":447,"passed_time":0.208222943,"remaining_time":0.2565604119},
{"learn":[0.3657591663],"iteration":448,"passed_time":0.2086545038,"remaining_time":0.2560548588},
{"learn":[0.3655024776],"iteration":449,"passed_time":0.2090874847,"remaining_time":0.2555513702},
{"learn":[0.3652097319],"iteration":450,"passed_time":0.2094834113,"remaining_time":0.2550030883},
{"learn":[0.3649457481],"iteration":451,"passed_time":0.2099158836,"remaining_time":0.2544997881},
{"learn":[0.3647184523],"iteration":452,"passed_time":0.2103426419,"remaining_time":0.2539899009},
{"learn":[0.3643834872],"iteration":453,"passed_time":0.2107989859,"remaining_time":0.2535159611},
{"learn":[0.364222695],"iteration":454,"passed_time":0.2111878926,"remaining_time":0.2529613219},
{"learn":[0.3638860873],"iteration":455,"passed_time":0.2116160369,"remaining_time":0.2524542195},
{"learn":[0.3636054202],"iteration":456,"passed_time":0.2120500938,"remaining_time":0.2519544878},
{"learn":[0.3631219156],"iteration":457,"passed_time":0.2124809019,"remaining_time":0.2514511983},
{"learn":[0.3628100856],"iteration":458,"passed_time":0.2128979187,"remaining_time":0.2509319696},
{"learn":[0.3624622947],"iteration":459,"passed_time":0.2133277831,"remaining_time":0.2504282672},
{"learn":[0.3621705386],"iteration":460,"passed_time":0.2137393038,"remaining_time":0.2499034376},
{"learn":[0.3619526586],"iteration":461,"passed_time":0.21416977,"remaining_time":0.2494011608},
{"learn":[0.3618265092],"iteration":462,"passed_time":0.2145064207,"remaining_time":0.2487903843},
{"learn":[0.3616397161],"iteration":463,"passed_time":0.2149454733,"remaining_time":0.2482990812},
{"learn":[0.3611669938],"iteration":464,"passed_time":0.2153687328,"remaining_time":0.2477898323},
{"learn":[0.3610446345],"iteration":465,"passed_time":0.2157189496,"remaining_time":0.2471972513},
{"learn":[0.360957486],"iteration":466,"passed_time":0.2161539684,"remaining_time":0.246702495},
{"learn":[0.360800725],"iteration":467,"passed_time":0.2165760951,"remaining_time":0.2461933389},
{"learn":[0.3606867738],"iteration":468,"passed_time":0.2170190847,"remaining_time":0.2457081748},
{"learn":[0.3603390244],"iteration":469,"passed_time":0.217449016,"remaining_time":0.2452084648},
{"learn":[0.3601432706],"iteration":470,"passed_time":0.2178774653,"remaining_time":0.2447073867},
{"learn":[0.3600924063],"iteration":471,"passed_time":0.2182100116,"remaining_time":0.244099335},
{"learn":[0.3596420556],"iteration":472,"passed_time":0.2186386582,"remaining_time":0.2435995198},
{"learn":[0.3593442211],"iteration":473,"passed_time":0.219080356,"remaining_time":0.2431144878},
{"learn":[0.3588800499],"iteration":474,"passed_time":0.2194921307,"remaining_time":0.2425965655},
{"learn":[0.3584856961],"iteration":475,"passed_time":0.219915752,"remaining_time":0.2420921304},
{"learn":[0.3582618362],"iteration":476,"passed_time":0.2203643079,"remaining_time":0.2416153732},
{"learn":[0.3580486312],"iteration":477,"passed_time":0.2207976793,"remaining_time":0.2411221519},
{"learn":[0.3578971478],"iteration":478,"passed_time":0.2212277505,"remaining_time":0.2406255909},
{"learn":[0.3576173139],"iteration":479,"passed_time":0.2216523669,"remaining_time":0.2401233975},
{"learn":[0.3575030025],"iteration":480,"passed_time":0.2220625007,"remaining_time":0.2396058999},
{"learn":[0.3572524605],"iteration":481,"passed_time":0.2224984017,"remaining_time":0.2391165396},
{"learn":[0.3569558665],"iteration":482,"passed_time":0.222946228,"remaining_time":0.2386401654},
{"learn":[0.3569055083],"iteration":483,"passed_time":0.2232937079,"remaining_time":0.2380569283},
{"learn":[0.3567560453],"iteration":484,"passed_time":0.2237544081,"remaining_time":0.2375948869},
{"learn":[0.3565289404],"iteration":485,"passed_time":0.2241798167,"remaining_time":0.2370955264},
{"learn":[0.3562812036],"iteration":486,"passed_time":0.2246210072,"remaining_time":0.2366130938},
{"learn":[0.356118946],"iteration":487,"passed_time":0.225036019,"remaining_time":0.2361033642},
{"learn":[0.3559557891],"iteration":488,"passed_time":0.2254689499,"remaining_time":0.2356127472},
{"learn":[0.3557298149],"iteration":489,"passed_time":0.2259089857,"remaining_time":0.2351297607},
{"learn":[0.3555518976],"iteration":490,"passed_time":0.2263350013,"remaining_time":0.2346324148},
{"learn":[0.3552796292],"iteration":491,"passed_time":0.2267982534,"remaining_time":0.2341738064},
{"learn":[0.3550659047],"iteration":492,"passed_time":0.2272479389,"remaining_time":0.2337012272},
{"learn":[0.3546889269],"iteration":493,"passed_time":0.2276767714,"remaining_time":0.2332073812},
{"learn":[0.3544270094],"iteration":494,"passed_time":0.2281150353,"remaining_time":0.2327234199},
{"learn":[0.3542561069],"iteration":495,"passed_time":0.2285516146,"remaining_time":0.232237931},
{"learn":[0.3539016247],"iteration":496,"passed_time":0.2289988281,"remaining_time":0.2317634015},
{"learn":[0.3537413223],"iteration":497,"passed_time":0.2294416732,"remaining_time":0.2312845782},
{"learn":[0.3535940522],"iteration":498,"passed_time":0.2299088006,"remaining_time":0.2308302787},
{"learn":[0.3534390862],"iteration":499,"passed_time":0.2303389709,"remaining_time":0.2303389709},
{"learn":[0.353189506],"iteration":500,"passed_time":0.2308986473,"remaining_time":0.2299768963},
{"learn":[0.3530149283],"iteration":501,"passed_time":0.2313477842,"remaining_time":0.2295043755},
{"learn":[0.3524144992],"iteration":502,"passed_time":0.2318007093,"remaining_time":0.2290356909},
{"learn":[0.3519109699],"iteration":503,"passed_time":0.2322323175,"remaining_time":0.2285460902},
{"learn":[0.3517978006],"iteration":504,"passed_time":0.2325868605,"remaining_time":0.2279811801},
{"learn":[0.3516258196],"iteration":505,"passed_time":0.2330167176,"remaining_time":0.2274906294},
{"learn":[0.3514437891],"iteration":506,"passed_time":0.2334572685,"remaining_time":0.2270107167},
{"learn":[0.3509703646],"iteration":507,"passed_time":0.2338759272,"remaining_time":0.2265097563},
{"learn":[0.3508387705],"iteration":508,"passed_time":0.2343057066,"remaining_time":0.2260198467},
{"learn":[0.3506689845],"iteration":509,"passed_time":0.2347645508,"remaining_time":0.2255580978},
{"learn":[0.3503903107],"iteration":510,"passed_time":0.2352104992,"remaining_time":0.2250840198},
{"learn":[0.349903679],"iteration":511,"passed_time":0.2356414814,"remaining_time":0.2245957869},
{"learn":[0.3497081589],"iteration":512,"passed_time":0.2361320473,"remaining_time":0.2241643412},
{"learn":[0.3494273925],"iteration":513,"passed_time":0.2365881626,"remaining_time":0.2237000915},
{"learn":[0.349346642],"iteration":514,"passed_time":0.237018733,"remaining_time":0.2232118165},
{"learn":[0.3492208676],"iteration":515,"passed_time":0.2374820319,"remaining_time":0.222754464},
{"learn":[0.3488130824],"iteration":516,"passed_time":0.237915517,"remaining_time":0.2222692354},
{"learn":[0.3486699121],"iteration":517,"passed_time":0.238261594,"remaining_time":0.2217028732},
{"learn":[0.3484933238],"iteration":518,"passed_time":0.2386834534,"remaining_time":0.2212075936},
{"learn":[0.3483508687],"iteration":519,"passed_time":0.2391236075,"remaining_time":0.2207294838},
{"learn":[0.3482473493],"iteration":520,"passed_time":0.2394675458,"remaining_time":0.2201630604},
{"learn":[0.3480075291],"iteration":521,"passed_time":0.2399204433,"remaining_time":0.2196972641},
{"learn":[0.3476806646],"iteration":522,"passed_time":0.2403489526,"remaining_time":0.2192092742},
{"learn":[0.3472526238],"iteration":523,"passed_time":0.2407973493,"remaining_time":0.2187395769},
{"learn":[0.3470114314],"iteration":524,"passed_time":0.2412276356,"remaining_time":0.218253575},
{"learn":[0.346851031],"iteration":525,"passed_time":0.2416814381,"remaining_time":0.2177889765},
{"learn":[0.3464868945],"iteration":526,"passed_time":0.2421046607,"remaining_time":0.2172969726},
{"learn":[0.3464354579],"iteration":527,"passed_time":0.2424335055,"remaining_time":0.216720861},
{"learn":[0.3461704133],"iteration":528,"passed_time":0.2428751956,"remaining_time":0.2162461571},
{"learn":[0.3460399569],"iteration":529,"passed_time":0.2432990842,"remaining_time":0.2157557916},
{"learn":[0.345962127],"iteration":530,"passed_time":0.2436374476,"remaining_time":0.2151901374},
{"learn":[0.3457238821],"iteration":531,"passed_time":0.2440669311,"remaining_time":0.2147054958},
{"learn":[0.3456076124],"iteration":532,"passed_time":0.2445730256,"remaining_time":0.2142881856},
{"learn":[0.3453995313],"iteration":533,"passed_time":0.2450179212,"remaining_time":0.2138171373},
{"learn":[0.3452863538],"iteration":534,"passed_time":0.2454227874,"remaining_time":0.2133113947},
{"learn":[0.3451527832],"iteration":535,"passed_time":0.2458648952,"remaining_time":0.2128382675},
{"learn":[0.3448628891],"iteration":536,"passed_time":0.2463055888,"remaining_time":0.2123640365},
{"learn":[0.3446357902],"iteration":537,"passed_time":0.2467493958,"remaining_time":0.2118926038},
{"learn":[0.3445573734],"iteration":538,"passed_time":0.2471672641,"remaining_time":0.2113990886},
{"learn":[0.3442870201],"iteration":539,"passed_time":0.2475839568,"remaining_time":0.2109048521},
{"learn":[0.3442291211],"iteration":540,"passed_time":0.2479154954,"remaining_time":0.2103386551},
{"learn":[0.3440788824],"iteration":541,"passed_time":0.2483449202,"remaining_time":0.2098560396},
{"learn":[0.3439644078],"iteration":542,"passed_time":0.2487158614,"remaining_time":0.209324399},
{"learn":[0.3434567214],"iteration":543,"passed_time":0.2493361207,"remaining_time":0.2090023365},
{"learn":[0.3432475026],"iteration":544,"passed_time":0.2498954613,"remaining_time":0.2086283209},
{"learn":[0.3430459728],"iteration":545,"passed_time":0.2503738278,"remaining_time":0.2081862964},
{"learn":[0.3427641932],"iteration":546,"passed_time":0.2508642492,"remaining_time":0.2077541223},
{"learn":[0.3425271895],"iteration":547,"passed_time":0.2513177048,"remaining_time":0.2072912456},
{"learn":[0.3423859421],"iteration":548,"passed_time":0.2517091762,"remaining_time":0.2067774836},
{"learn":[0.3421494494],"iteration":549,"passed_time":0.2521739975,"remaining_time":0.2063241798},
{"learn":[0.342016148],"iteration":550,"passed_time":0.2526105045,"remaining_time":0.2058477614},
{"learn":[0.3419008449],"iteration":551,"passed_time":0.2530323771,"remaining_time":0.2053596104},
{"learn":[0.3416267845],"iteration":552,"passed_time":0.2534772937,"remaining_time":0.204890326},
{"learn":[0.3413169237],"iteration":553,"passed_time":0.2539318499,"remaining_time":0.20442889},
{"learn":[0.3411547874],"iteration":554,"passed_time":0.2543758746,"remaining_time":0.2039590346},
{"learn":[0.3411101902],"iteration":555,"passed_time":0.2547971412,"remaining_time":0.2034710984},
{"learn":[0.3409402738],"iteration":556,"passed_time":0.2552393027,"remaining_time":0.2030000199},
{"learn":[0.3407757049],"iteration":557,"passed_time":0.2556706121,"remaining_time":0.202520449},
{"learn":[0.3405854711],"iteration":558,"passed_time":0.2561200076,"remaining_time":0.202055319},
{"learn":[0.3405264655],"iteration":559,"passed_time":0.2564641459,"remaining_time":0.2015075432},
{"learn":[0.3404392255],"iteration":560,"passed_time":0.2567844571,"remaining_time":0.2009418479},
{"learn":[0.3403548106],"iteration":561,"passed_time":0.2572151051,"remaining_time":0.2004630179},
{"learn":[0.3400504809],"iteration":562,"passed_time":0.2576606967,"remaining_time":0.1999959582},
{"learn":[0.3399581391],"iteration":563,"passed_time":0.2581039414,"remaining_time":0.1995271604},
{"learn":[0.3398540711],"iteration":564,"passed_time":0.2585435886,"remaining_time":0.1990556833},
{"learn":[0.3395945443],"iteration":565,"passed_time":0.2589707887,"remaining_time":0.1985747744},
{"learn":[0.3394566865],"iteration":566,"passed_time":0.2594279387,"remaining_time":0.1981169267},
{"learn":[0.3393331986],"iteration":567,"passed_time":0.2598697515,"remaining_time":0.1976474166},
{"learn":[0.3392113136],"iteration":568,"passed_time":0.2603264214,"remaining_time":0.1971892577},
{"learn":[0.3390242276],"iteration":569,"passed_time":0.2607594719,"remaining_time":0.1967132858},
{"learn":[0.3387044832],"iteration":570,"passed_time":0.2611932629,"remaining_time":0.1962380206},
{"learn":[0.3384798795],"iteration":571,"passed_time":0.2616326178,"remaining_time":0.1957670636},
{"learn":[0.338162972],"iteration":572,"passed_time":0.2620708417,"remaining_time":0.1952953742},
{"learn":[0.3380437869],"iteration":573,"passed_time":0.2625185025,"remaining_time":0.194830805},
{"learn":[0.3379095188],"iteration":574,"passed_time":0.2628981464,"remaining_time":0.1943160213},
{"learn":[0.3376354329],"iteration":575,"passed_time":0.263347966,"remaining_time":0.1938533639},
{"learn":[0.3376133688],"iteration":576,"passed_time":0.2636818733,"remaining_time":0.1933057754},
{"learn":[0.3374963416],"iteration":577,"passed_time":0.2640671421,"remaining_time":0.1927964255},
{"learn":[0.3374059192],"iteration":578,"passed_time":0.2644139133,"remaining_time":0.1922595121},
{"learn":[0.3372778996],"iteration":579,"passed_time":0.2648732293,"remaining_time":0.1918047523},
{"learn":[0.3370899437],"iteration":580,"passed_time":0.2653011936,"remaining_time":0.1913273668},
{"learn":[0.3370251319],"iteration":581,"passed_time":0.2656978625,"remaining_time":0.1908276745},
{"learn":[0.3368737365],"iteration":582,"passed_time":0.2661167231,"remaining_time":0.1903442085},
{"learn":[0.3367169193],"iteration":583,"passed_time":0.2665703634,"remaining_time":0.1898857383},
{"learn":[0.3366378226],"iteration":584,"passed_time":0.2669577922,"remaining_time":0.1893803142},
{"learn":[0.3363069572],"iteration":585,"passed_time":0.267400346,"remaining_time":0.1889142376},
{"learn":[0.3363005502],"iteration":586,"passed_time":0.2677200589,"remaining_time":0.1883618131},
{"learn":[0.3361609582],"iteration":587,"passed_time":0.2681548399,"remaining_time":0.1878908062},
{"learn":[0.3359702882],"iteration":588,"passed_time":0.26852345,"remaining_time":0.1873737487},
{"learn":[0.3358287673],"iteration":589,"passed_time":0.2689550763,"remaining_time":0.1869009852},
{"learn":[0.3354456308],"iteration":590,"passed_time":0.2693903851,"remaining_time":0.1864309095},
{"learn":[0.3350766647],"iteration":591,"passed_time":0.2698167825,"remaining_time":0.1859548095},
{"learn":[0.3350006269],"iteration":592,"passed_time":0.2702599781,"remaining_time":0.1854904065},
{"learn":[0.3348046472],"iteration":593,"passed_time":0.2706904702,"remaining_time":0.1850173921},
{"learn":[0.3347133696],"iteration":594,"passed_time":0.2711369937,"remaining_time":0.1845554327},
{"learn":[0.3344828681],"iteration":595,"passed_time":0.2716602368,"remaining_time":0.1841455296},
{"learn":[0.3344072963],"iteration":596,"passed_time":0.2720937532,"remaining_time":0.1836746776},
{"learn":[0.3342460558],"iteration":597,"passed_time":0.2726108655,"remaining_time":0.1832601471},
{"learn":[0.3339608752],"iteration":598,"passed_time":0.2730406199,"remaining_time":0.1827867923},
{"learn":[0.3337924005],"iteration":599,"passed_time":0.2734934165,"remaining_time":0.1823289443},
{"learn":[0.3337152104],"iteration":600,"passed_time":0.2739245746,"remaining_time":0.1818567475},
{"learn":[0.3335489903],"iteration":601,"passed_time":0.2743535716,"remaining_time":0.1813832583},
{"learn":[0.333285365],"iteration":602,"passed_time":0.274771484,"remaining_time":0.1809026188},
{"learn":[0.3331419454],"iteration":603,"passed_time":0.275198531,"remaining_time":0.1804281759},
{"learn":[0.332944007],"iteration":604,"passed_time":0.2756452167,"remaining_time":0.1799667117},
{"learn":[0.3327838226],"iteration":605,"passed_time":0.2760526458,"remaining_time":0.179479773},
{"learn":[0.332693043],"iteration":606,"passed_time":0.2764324806,"remaining_time":0.1789752305},
{"learn":[0.3325410304],"iteration":607,"passed_time":0.2768482997,"remaining_time":0.1784942985},
{"learn":[0.33237237],"iteration":608,"passed_time":0.2772939763,"remaining_time":0.17803275},
{"learn":[0.3322748265],"iteration":609,"passed_time":0.2776667585,"remaining_time":0.1775246489},
{"learn":[0.3320610648],"iteration":610,"passed_time":0.2781153353,"remaining_time":0.1770652462},
{"learn":[0.331885987],"iteration":611,"passed_time":0.2785593754,"remaining_time":0.1766030027},
{"learn":[0.3317814167],"iteration":612,"passed_time":0.2789691965,"remaining_time":0.1761192154},
{"learn":[0.3315435799],"iteration":613,"passed_time":0.2793888848,"remaining_time":0.1756418722},
{"learn":[0.3313766567],"iteration":614,"passed_time":0.2798437956,"remaining_time":0.1751867663},
{"learn":[0.3313106782],"iteration":615,"passed_time":0.2802650931,"remaining_time":0.1747107074},
{"learn":[0.331300586],"iteration":616,"passed_time":0.2806253346,"remaining_time":0.1741969257},
{"learn":[0.3311490049],"iteration":617,"passed_time":0.2809786767,"remaining_time":0.1736793762},
{"learn":[0.3310231549],"iteration":618,"passed_time":0.2814145859,"remaining_time":0.1732131781},
{"learn":[0.3306874266],"iteration":619,"passed_time":0.2818446149,"remaining_time":0.1727434736},
{"learn":[0.3306048279],"iteration":620,"passed_time":0.2823127877,"remaining_time":0.1722971764},
{"learn":[0.3305647369],"iteration":621,"passed_time":0.2826612649,"remaining_time":0.1717780677},
{"learn":[0.3301563012],"iteration":622,"passed_time":0.283089281,"remaining_time":0.1713076388},
{"learn":[0.3300175844],"iteration":623,"passed_time":0.2835286627,"remaining_time":0.1708441942},
{"learn":[0.3297366241],"iteration":624,"passed_time":0.2839541319,"remaining_time":0.1703724791},
{"learn":[0.3296391325],"iteration":625,"passed_time":0.2843879229,"remaining_time":0.1699058836},
{"learn":[0.3295649679],"iteration":626,"passed_time":0.2848088336,"remaining_time":0.1694317303},
{"learn":[0.3294180774],"iteration":627,"passed_time":0.2852710806,"remaining_time":0.1689822325},
{"learn":[0.3293172657],"iteration":628,"passed_time":0.2856951733,"remaining_time":0.1685101897},
{"learn":[0.3291897273],"iteration":629,"passed_time":0.2861229685,"remaining_time":0.1680404736},
{"learn":[0.3291251599],"iteration":630,"passed_time":0.2864614138,"remaining_time":0.1675186398},
{"learn":[0.3290085732],"iteration":631,"passed_time":0.2868956021,"remaining_time":0.1670531354},
{"learn":[0.3288237146],"iteration":632,"passed_time":0.2873199125,"remaining_time":0.166582003},
{"learn":[0.3285571043],"iteration":633,"passed_time":0.2877463281,"remaining_time":0.1661122336},
{"learn":[0.3282042357],"iteration":634,"passed_time":0.2881759757,"remaining_time":0.1656444585},
{"learn":[0.3281103256],"iteration":635,"passed_time":0.2886017889,"remaining_time":0.1651746088},
{"learn":[0.3279692604],"iteration":636,"passed_time":0.2890604631,"remaining_time":0.1647236234},
{"learn":[0.3279047539],"iteration":637,"passed_time":0.2894466469,"remaining_time":0.164231483},
{"learn":[0.3276942122],"iteration":638,"passed_time":0.2898834439,"remaining_time":0.163768268},
{"learn":[0.32758357],"iteration":639,"passed_time":0.2902735925,"remaining_time":0.1632788958},
{"learn":[0.3275396949],"iteration":640,"passed_time":0.2905905807,"remaining_time":0.1627488588},
{"learn":[0.3274037069],"iteration":641,"passed_time":0.2910175809,"remaining_time":0.1622808317},
{"learn":[0.3271016794],"iteration":642,"passed_time":0.2914851996,"remaining_time":0.1618354841},
{"learn":[0.3269596471],"iteration":643,"passed_time":0.2918663277,"remaining_time":0.1613422557},
{"learn":[0.3266582403],"iteration":644,"passed_time":0.2923070472,"remaining_time":0.1608821733},
{"learn":[0.3265088827],"iteration":645,"passed_time":0.292745032,"remaining_time":0.1604206522},
{"learn":[0.3263559769],"iteration":646,"passed_time":0.2932112411,"remaining_time":0.159974603},
{"learn":[0.3262195151],"iteration":647,"passed_time":0.2936483232,"remaining_time":0.1595126694},
{"learn":[0.3260838359],"iteration":648,"passed_time":0.294090576,"remaining_time":0.1590536089},
{"learn":[0.3259735466],"iteration":649,"passed_time":0.294502143,"remaining_time":0.158578077},
{"learn":[0.3257494068],"iteration":650,"passed_time":0.2948651496,"remaining_time":0.1580767085},
{"learn":[0.3255388059],"iteration":651,"passed_time":0.2952889028,"remaining_time":0.1576081874},
{"learn":[0.3252240791],"iteration":652,"passed_time":0.2957502616,"remaining_time":0.1571597868},
{"learn":[0.3251264018],"iteration":653,"passed_time":0.2961766199,"remaining_time":0.1566928295},
{"learn":[0.3249621996],"iteration":654,"passed_time":0.2966209969,"remaining_time":0.1562354869},
{"learn":[0.3248814094],"iteration":655,"passed_time":0.2970547829,"remaining_time":0.15577263},
{"learn":[0.3247936053],"iteration":656,"passed_time":0.2974987626,"remaining_time":0.1553151835},
{"learn":[0.3244190695],"iteration":657,"passed_time":0.2979151085,"remaining_time":0.1548434151},
{"learn":[0.3242177246],"iteration":658,"passed_time":0.2983390639,"remaining_time":0.1543757523},
{"learn":[0.3240350087],"iteration":659,"passed_time":0.2987679642,"remaining_time":0.1539107694},
{"learn":[0.3237961928],"iteration":660,"passed_time":0.2991795839,"remaining_time":0.1534370332},
{"learn":[0.3235078916],"iteration":661,"passed_time":0.2996161787,"remaining_time":0.1529762362},
{"learn":[0.3232984962],"iteration":662,"passed_time":0.3000524857,"remaining_time":0.152515366},
{"learn":[0.3231300703],"iteration":663,"passed_time":0.3004806786,"remaining_time":0.1520504639},
{"learn":[0.3229191333],"iteration":664,"passed_time":0.3008956686,"remaining_time":0.151579021},
{"learn":[0.3228649674],"iteration":665,"passed_time":0.30132951,"remaining_time":0.1511172017},
{"learn":[0.3226279789],"iteration":666,"passed_time":0.3017451459,"remaining_time":0.1506463772},
{"learn":[0.3224915469],"iteration":667,"passed_time":0.3021742052,"remaining_time":0.1501823894},
{"learn":[0.3223296045],"iteration":668,"passed_time":0.3025319138,"remaining_time":0.149683204},
{"learn":[0.3220701913],"iteration":669,"passed_time":0.3029991598,"remaining_time":0.1492383921},
{"learn":[0.3219998367],"iteration":670,"passed_time":0.303441784,"remaining_time":0.148781441},
{"learn":[0.3218132651],"iteration":671,"passed_time":0.3038852127,"remaining_time":0.1483249253},
{"learn":[0.3216553287],"iteration":672,"passed_time":0.3043041284,"remaining_time":0.1478565378},
{"learn":[0.3215562351],"iteration":673,"passed_time":0.3047195519,"remaining_time":0.1473866082},
{"learn":[0.321368363],"iteration":674,"passed_time":0.3052452247,"remaining_time":0.146969923},
{"learn":[0.3209435923],"iteration":675,"passed_time":0.3057094547,"remaining_time":0.1465234664},
{"learn":[0.3208475813],"iteration":676,"passed_time":0.3061322918,"remaining_time":0.1460572087},
{"learn":[0.3206778069],"iteration":677,"passed_time":0.3065821955,"remaining_time":0.1456039336},
{"learn":[0.3205058324],"iteration":678,"passed_time":0.3070296863,"remaining_time":0.1451495277},
{"learn":[0.3204860869],"iteration":679,"passed_time":0.3073443135,"remaining_time":0.1446326181},
{"learn":[0.3204628739],"iteration":680,"passed_time":0.307719008,"remaining_time":0.1441444399},
{"learn":[0.3202192105],"iteration":681,"passed_time":0.3082091071,"remaining_time":0.1437104048},
{"learn":[0.3201597091],"iteration":682,"passed_time":0.3086257676,"remaining_time":0.1432421205},
{"learn":[0.3199877458],"iteration":683,"passed_time":0.3090749494,"remaining_time":0.1427890117},
{"learn":[0.3198100506],"iteration":684,"passed_time":0.3095142875,"remaining_time":0.1423313877},
{"learn":[0.3197012911],"iteration":685,"passed_time":0.3099467429,"remaining_time":0.1418706666},
{"learn":[0.3194565281],"iteration":686,"passed_time":0.3103793329,"remaining_time":0.1414100891},
{"learn":[0.3192872677],"iteration":687,"passed_time":0.3108060512,"remaining_time":0.1409469302},
{"learn":[0.3189770087],"iteration":688,"passed_time":0.3113785065,"remaining_time":0.1405496597},
{"learn":[0.3188575912],"iteration":689,"passed_time":0.3119692502,"remaining_time":0.1401600979},
{"learn":[0.3187552099],"iteration":690,"passed_time":0.3125927488,"remaining_time":0.1397846011},
{"learn":[0.3184972725],"iteration":691,"passed_time":0.3130731323,"remaining_time":0.1393446889},
{"learn":[0.3182943593],"iteration":692,"passed_time":0.3135167511,"remaining_time":0.1388883731},
{"learn":[0.3181355436],"iteration":693,"passed_time":0.3139978473,"remaining_time":0.1384486186},
{"learn":[0.3179297076],"iteration":694,"passed_time":0.314448251,"remaining_time":0.1379952756},
{"learn":[0.3177399346],"iteration":695,"passed_time":0.3149037645,"remaining_time":0.137544173},
{"learn":[0.3176243802],"iteration":696,"passed_time":0.3153273731,"remaining_time":0.137079188},
{"learn":[0.3174669902],"iteration":697,"passed_time":0.3157663194,"remaining_time":0.1366209577},
{"learn":[0.3172920623],"iteration":698,"passed_time":0.3162319566,"remaining_time":0.136174276},
{"learn":[0.3171803774],"iteration":699,"passed_time":0.3165695819,"remaining_time":0.135672678},
{"learn":[0.3170970592],"iteration":700,"passed_time":0.3170287311,"remaining_time":0.1352233817},
{"learn":[0.3169518446],"iteration":701,"passed_time":0.3174594446,"remaining_time":0.1347619864},
{"learn":[0.3168346994],"iteration":702,"passed_time":0.3178645458,"remaining_time":0.1342898579},
{"learn":[0.3166065972],"iteration":703,"passed_time":0.3182966039,"remaining_time":0.1338292539},
{"learn":[0.3164888949],"iteration":704,"passed_time":0.3187499714,"remaining_time":0.1333776476},
{"learn":[0.3161883998],"iteration":705,"passed_time":0.3191817477,"remaining_time":0.1329170451},
{"learn":[0.3160632019],"iteration":706,"passed_time":0.3197257188,"remaining_time":0.1325030207},
{"learn":[0.315941719],"iteration":707,"passed_time":0.320161494,"remaining_time":0.132044006},
{"learn":[0.3156137665],"iteration":708,"passed_time":0.3206218923,"remaining_time":0.1315951631},
{"learn":[0.3153423516],"iteration":709,"passed_time":0.3210494634,"remaining_time":0.1311328794},
{"learn":[0.3151497729],"iteration":710,"passed_time":0.3214890619,"remaining_time":0.1306755821},
{"learn":[0.3150720709],"iteration":711,"passed_time":0.3218998421,"remaining_time":0.1302066777},
{"learn":[0.3150377148],"iteration":712,"passed_time":0.3222232089,"remaining_time":0.1297027503},
{"learn":[0.3148099257],"iteration":713,"passed_time":0.3226357928,"remaining_time":0.1292350654},
{"learn":[0.3147225203],"iteration":714,"passed_time":0.3230550084,"remaining_time":0.1287701782},
{"learn":[0.3145279409],"iteration":715,"passed_time":0.3234832186,"remaining_time":0.1283089861},
{"learn":[0.3143172299],"iteration":716,"passed_time":0.3239246881,"remaining_time":0.1278531196},
{"learn":[0.3142289312],"iteration":717,"passed_time":0.3242995691,"remaining_time":0.1273711399},
{"learn":[0.3139701274],"iteration":718,"passed_time":0.3247329805,"remaining_time":0.1269123331},
{"learn":[0.3137872923],"iteration":719,"passed_time":0.3251793644,"remaining_time":0.1264586417},
{"learn":[0.313676305],"iteration":720,"passed_time":0.3256173265,"remaining_time":0.1260017116},
{"learn":[0.3135406142],"iteration":721,"passed_time":0.3260652751,"remaining_time":0.1255486793},
{"learn":[0.3133998699],"iteration":722,"passed_time":0.3264850216,"remaining_time":0.1250848561},
{"learn":[0.3132790288],"iteration":723,"passed_time":0.3269087493,"remaining_time":0.1246226724},
{"learn":[0.3130884598],"iteration":724,"passed_time":0.3273330807,"remaining_time":0.1241608237},
{"learn":[0.3128949097],"iteration":725,"passed_time":0.3277829189,"remaining_time":0.1237087049},
{"learn":[0.3127474863],"iteration":726,"passed_time":0.3282149388,"remaining_time":0.1232499014},
{"learn":[0.3127036008],"iteration":727,"passed_time":0.3286112514,"remaining_time":0.1227778302},
{"learn":[0.3124643892],"iteration":728,"passed_time":0.3290787296,"remaining_time":0.1223324221},
{"learn":[0.3122203255],"iteration":729,"passed_time":0.3295244463,"remaining_time":0.1218789048},
{"learn":[0.3120059406],"iteration":730,"passed_time":0.3299703356,"remaining_time":0.1214254723},
{"learn":[0.3119378496],"iteration":731,"passed_time":0.3304082886,"remaining_time":0.1209691549},
{"learn":[0.3118385228],"iteration":732,"passed_time":0.3308356847,"remaining_time":0.120509042},
{"learn":[0.3116318065],"iteration":733,"passed_time":0.3312658841,"remaining_time":0.1200500343},
{"learn":[0.3113893836],"iteration":734,"passed_time":0.3317054472,"remaining_time":0.119594481},
{"learn":[0.3111444241],"iteration":735,"passed_time":0.3321361962,"remaining_time":0.1191358095},
{"learn":[0.3109996712],"iteration":736,"passed_time":0.3325516739,"remaining_time":0.1186717642},
{"learn":[0.3109130808],"iteration":737,"passed_time":0.3329897578,"remaining_time":0.1182158761},
{"learn":[0.3107874467],"iteration":738,"passed_time":0.3334278758,"remaining_time":0.1177600482},
{"learn":[0.3106531851],"iteration":739,"passed_time":0.3338424785,"remaining_time":0.1172960059},
{"learn":[0.310635422],"iteration":740,"passed_time":0.3341370332,"remaining_time":0.1167901371},
{"learn":[0.3104450789],"iteration":741,"passed_time":0.334560625,"remaining_time":0.1163297052},
{"learn":[0.3102470261],"iteration":742,"passed_time":0.3349662321,"remaining_time":0.1158631516},
{"learn":[0.3101342692],"iteration":743,"passed_time":0.3354001581,"remaining_time":0.115406506},
{"learn":[0.3100590969],"iteration":744,"passed_time":0.3358397489,"remaining_time":0.1149518604},
{"learn":[0.3099986522],"iteration":745,"passed_time":0.3362640184,"remaining_time":0.1144920385},
{"learn":[0.3097427842],"iteration":746,"passed_time":0.3366908618,"remaining_time":0.1140331834},
{"learn":[0.3094264887],"iteration":747,"passed_time":0.3371264496,"remaining_time":0.11357736},
{"learn":[0.3092852304],"iteration":748,"passed_time":0.337549555,"remaining_time":0.1131174076},
{"learn":[0.3090581358],"iteration":749,"passed_time":0.3379922497,"remaining_time":0.1126640832},
{"learn":[0.30882376],"iteration":750,"passed_time":0.3384124071,"remaining_time":0.1122033148},
{"learn":[0.3086259896],"iteration":751,"passed_time":0.3388563828,"remaining_time":0.1117505092},
{"learn":[0.3085021018],"iteration":752,"passed_time":0.3392844471,"remaining_time":0.1112925079},
{"learn":[0.3083409723],"iteration":753,"passed_time":0.3397171311,"remaining_time":0.1108360932},
{"learn":[0.3082484931],"iteration":754,"passed_time":0.34009494,"remaining_time":0.1103619342},
{"learn":[0.3081278715],"iteration":755,"passed_time":0.3405336589,"remaining_time":0.1099076889},
{"learn":[0.3079490294],"iteration":756,"passed_time":0.340946581,"remaining_time":0.1094452037},
{"learn":[0.3076947202],"iteration":757,"passed_time":0.3413801524,"remaining_time":0.1089894418},
{"learn":[0.3075179898],"iteration":758,"passed_time":0.341798698,"remaining_time":0.1085289674},
{"learn":[0.3073803204],"iteration":759,"passed_time":0.3422273173,"remaining_time":0.1080717844},
{"learn":[0.3071356627],"iteration":760,"passed_time":0.3426550843,"remaining_time":0.1076144089},
{"learn":[0.3070597955],"iteration":761,"passed_time":0.343106494,"remaining_time":0.1071644955},
{"learn":[0.3068735643],"iteration":762,"passed_time":0.3435216176,"remaining_time":0.1067033072},
{"learn":[0.3066850983],"iteration":763,"passed_time":0.3439675842,"remaining_time":0.1062517668},
{"learn":[0.3064894849],"iteration":764,"passed_time":0.3443894891,"remaining_time":0.1057928496},
{"learn":[0.3064027653],"iteration":765,"passed_time":0.3448461881,"remaining_time":0.105344658},
{"learn":[0.3062412173],"iteration":766,"passed_time":0.345264936,"remaining_time":0.1048849154},
{"learn":[0.3060632966],"iteration":767,"passed_time":0.3457139823,"remaining_time":0.1044344322},
{"learn":[0.3058865239],"iteration":768,"passed_time":0.3461483642,"remaining_time":0.1039795476},
{"learn":[0.3058235784],"iteration":769,"passed_time":0.3465804642,"remaining_time":0.1035240348},
{"learn":[0.305737273],"iteration":770,"passed_time":0.3470023809,"remaining_time":0.103065558},
{"learn":[0.3055784193],"iteration":771,"passed_time":0.347443574,"remaining_time":0.102612869},
{"learn":[0.3054181342],"iteration":772,"passed_time":0.347856408,"remaining_time":0.1021518818},
{"learn":[0.3052006779],"iteration":773,"passed_time":0.3482849523,"remaining_time":0.1016956062},
{"learn":[0.3051705633],"iteration":774,"passed_time":0.3487515641,"remaining_time":0.1012504541},
{"learn":[0.3051119632],"iteration":775,"passed_time":0.3491946701,"remaining_time":0.1007984615},
{"learn":[0.3047743388],"iteration":776,"passed_time":0.3496156127,"remaining_time":0.1003401308},
{"learn":[0.3047082286],"iteration":777,"passed_time":0.3500466148,"remaining_time":0.0998847667},
{"learn":[0.3046169752],"iteration":778,"passed_time":0.3504741968,"remaining_time":0.09942849487},
{"learn":[0.3045415308],"iteration":779,"passed_time":0.3509031371,"remaining_time":0.09897267969},
{"learn":[0.3044532373],"iteration":780,"passed_time":0.3513277894,"remaining_time":0.09851573095},
{"learn":[0.3043288386],"iteration":781,"passed_time":0.3517617885,"remaining_time":0.09806147046},
{"learn":[0.3040849804],"iteration":782,"passed_time":0.3521856399,"remaining_time":0.09760444936},
{"learn":[0.3039723138],"iteration":783,"passed_time":0.3526112963,"remaining_time":0.0971480102},
{"learn":[0.3038473833],"iteration":784,"passed_time":0.3530299646,"remaining_time":0.09668973553},
{"learn":[0.3037486655],"iteration":785,"passed_time":0.3534424835,"remaining_time":0.09622988737},
{"learn":[0.3036262972],"iteration":786,"passed_time":0.3538880242,"remaining_time":0.09577909677},
{"learn":[0.3036013565],"iteration":787,"passed_time":0.3542316598,"remaining_time":0.09530090339},
{"learn":[0.3034863805],"iteration":788,"passed_time":0.3546702287,"remaining_time":0.09484843886},
{"learn":[0.303364457],"iteration":789,"passed_time":0.3550924209,"remaining_time":0.09439165619},
{"learn":[0.3031996342],"iteration":790,"passed_time":0.3555291216,"remaining_time":0.09393879444},
{"learn":[0.3030867667],"iteration":791,"passed_time":0.355952672,"remaining_time":0.09348251991},
{"learn":[0.302866122],"iteration":792,"passed_time":0.3563946506,"remaining_time":0.09303113832},
{"learn":[0.3028490587],"iteration":793,"passed_time":0.3566942316,"remaining_time":0.0925428359},
{"learn":[0.302753699],"iteration":794,"passed_time":0.3571225627,"remaining_time":0.09208820799},
{"learn":[0.3026375486],"iteration":795,"passed_time":0.357549951,"remaining_time":0.09163340453},
{"learn":[0.3024794779],"iteration":796,"passed_time":0.3579788822,"remaining_time":0.09117906284},
{"learn":[0.3021654215],"iteration":797,"passed_time":0.3584100462,"remaining_time":0.09072535004},
{"learn":[0.3019224427],"iteration":798,"passed_time":0.3588544977,"remaining_time":0.09027503635},
{"learn":[0.3017556827],"iteration":799,"passed_time":0.3592797741,"remaining_time":0.08981994353},
{"learn":[0.3015330218],"iteration":800,"passed_time":0.3597177212,"remaining_time":0.08936807307},
{"learn":[0.3014651269],"iteration":801,"passed_time":0.3601740816,"remaining_time":0.08892078324},
{"learn":[0.3012995456],"iteration":802,"passed_time":0.3606005667,"remaining_time":0.08846614153},
{"learn":[0.3012446731],"iteration":803,"passed_time":0.3610189923,"remaining_time":0.08800960509},
{"learn":[0.3010941977],"iteration":804,"passed_time":0.3614344018,"remaining_time":0.08755243274},
{"learn":[0.3009585695],"iteration":805,"passed_time":0.3618571995,"remaining_time":0.0870971423},
{"learn":[0.3008028027],"iteration":806,"passed_time":0.3622905122,"remaining_time":0.08664444716},
{"learn":[0.3007006239],"iteration":807,"passed_time":0.3627455957,"remaining_time":0.08619697324},
{"learn":[0.3005168049],"iteration":808,"passed_time":0.3631642222,"remaining_time":0.08574087323},
{"learn":[0.3003262243],"iteration":809,"passed_time":0.363597475,"remaining_time":0.08528829659},
{"learn":[0.3002478437],"iteration":810,"passed_time":0.3640538235,"remaining_time":0.08484114999},
{"learn":[0.300176373],"iteration":811,"passed_time":0.3645320869,"remaining_time":0.0843990546},
{"learn":[0.3000275557],"iteration":812,"passed_time":0.3649790945,"remaining_time":0.08394968102},
{"learn":[0.2998874615],"iteration":813,"passed_time":0.365425102,"remaining_time":0.08350008474},
{"learn":[0.2996130603],"iteration":814,"passed_time":0.3658457346,"remaining_time":0.08304473729},
{"learn":[0.2994060551],"iteration":815,"passed_time":0.3662807824,"remaining_time":0.08259272545},
{"learn":[0.2992983404],"iteration":816,"passed_time":0.366754471,"remaining_time":0.08214941028},
{"learn":[0.2991791899],"iteration":817,"passed_time":0.3672047697,"remaining_time":0.08170081673},
{"learn":[0.2991111849],"iteration":818,"passed_time":0.3676275814,"remaining_time":0.08124614437},
{"learn":[0.2989212128],"iteration":819,"passed_time":0.3680702183,"remaining_time":0.08079590159},
{"learn":[0.2987836807],"iteration":820,"passed_time":0.3685065931,"remaining_time":0.08034431201},
{"learn":[0.2986062873],"iteration":821,"passed_time":0.3689470058,"remaining_time":0.07989363385},
{"learn":[0.2983694521],"iteration":822,"passed_time":0.3694846519,"remaining_time":0.07946389234},
{"learn":[0.2982813396],"iteration":823,"passed_time":0.3699467381,"remaining_time":0.07901774988},
{"learn":[0.2981931451],"iteration":824,"passed_time":0.3703667656,"remaining_time":0.07856264724},
{"learn":[0.2980787771],"iteration":825,"passed_time":0.3708002447,"remaining_time":0.07811046317},
{"learn":[0.2979964139],"iteration":826,"passed_time":0.3712107217,"remaining_time":0.07765351252},
{"learn":[0.2977434544],"iteration":827,"passed_time":0.3716542414,"remaining_time":0.07720353806},
{"learn":[0.2976188625],"iteration":828,"passed_time":0.3720791409,"remaining_time":0.07674973836},
{"learn":[0.297442044],"iteration":829,"passed_time":0.3725123719,"remaining_time":0.07629771472},
{"learn":[0.2973333843],"iteration":830,"passed_time":0.3729500067,"remaining_time":0.07584663192},
{"learn":[0.2972700004],"iteration":831,"passed_time":0.3733882129,"remaining_time":0.07539569683},
{"learn":[0.2971139593],"iteration":832,"passed_time":0.3737672149,"remaining_time":0.07493292304},
{"learn":[0.2969419822],"iteration":833,"passed_time":0.3742167795,"remaining_time":0.07448439496},
{"learn":[0.2966608755],"iteration":834,"passed_time":0.3746711089,"remaining_time":0.07403680594},
{"learn":[0.2963980406],"iteration":835,"passed_time":0.3751229681,"remaining_time":0.07358871623},
{"learn":[0.2961370811],"iteration":836,"passed_time":0.3755520165,"remaining_time":0.07313617526},
{"learn":[0.2960265283],"iteration":837,"passed_time":0.3760217763,"remaining_time":0.07269156057},
{"learn":[0.2959686384],"iteration":838,"passed_time":0.3764126426,"remaining_time":0.07223174667},
{"learn":[0.295866939],"iteration":839,"passed_time":0.3768783126,"remaining_time":0.07178634525},
{"learn":[0.2957835167],"iteration":840,"passed_time":0.3773075128,"remaining_time":0.07133400065},
{"learn":[0.2956508761],"iteration":841,"passed_time":0.377757487,"remaining_time":0.07088560919},
{"learn":[0.2955135928],"iteration":842,"passed_time":0.3781862572,"remaining_time":0.07043326498},
{"learn":[0.2954428572],"iteration":843,"passed_time":0.3786978515,"remaining_time":0.06999628535},
{"learn":[0.2953654506],"iteration":844,"passed_time":0.3791228447,"remaining_time":0.06954324371},
{"learn":[0.2950792986],"iteration":845,"passed_time":0.3795745403,"remaining_time":0.06909512909},
{"learn":[0.2950238231],"iteration":846,"passed_time":0.3800040674,"remaining_time":0.06864300155},
{"learn":[0.2949532029],"iteration":847,"passed_time":0.38044307,"remaining_time":0.06819262576},
{"learn":[0.294827856],"iteration":848,"passed_time":0.3808613065,"remaining_time":0.06773858337},
{"learn":[0.2947614668],"iteration":849,"passed_time":0.3812938078,"remaining_time":0.06728714256},
{"learn":[0.2946075788],"iteration":850,"passed_time":0.3817267378,"remaining_time":0.06683582132},
{"learn":[0.2945298613],"iteration":851,"passed_time":0.3821182956,"remaining_time":0.06637735651},
{"learn":[0.2943007022],"iteration":852,"passed_time":0.3825682934,"remaining_time":0.06592911972},
{"learn":[0.294233488],"iteration":853,"passed_time":0.3829949894,"remaining_time":0.06547689514},
{"learn":[0.2940970452],"iteration":854,"passed_time":0.383415401,"remaining_time":0.06502366449},
{"learn":[0.2940883667],"iteration":855,"passed_time":0.3837281503,"remaining_time":0.06455239912},
{"learn":[0.2938099633],"iteration":856,"passed_time":0.3841741929,"remaining_time":0.06410374514},
{"learn":[0.2937176729],"iteration":857,"passed_time":0.3845566156,"remaining_time":0.06364456808},
{"learn":[0.2935689295],"iteration":858,"passed_time":0.3849932135,"remaining_time":0.06319446229},
{"learn":[0.2933670688],"iteration":859,"passed_time":0.3854477529,"remaining_time":0.06274730861},
{"learn":[0.2932348333],"iteration":860,"passed_time":0.3858885661,"remaining_time":0.06229792182},
{"learn":[0.2930984424],"iteration":861,"passed_time":0.3863282033,"remaining_time":0.06184836665},
{"learn":[0.2929592379],"iteration":862,"passed_time":0.3867625343,"remaining_time":0.06139799211},
{"learn":[0.2928564847],"iteration":863,"passed_time":0.3871888384,"remaining_time":0.06094639124},
{"learn":[0.2927540485],"iteration":864,"passed_time":0.3876506878,"remaining_time":0.06050039636},
{"learn":[0.2927238915],"iteration":865,"passed_time":0.3880081055,"remaining_time":0.0600382057},
{"learn":[0.292568218],"iteration":866,"passed_time":0.3884436806,"remaining_time":0.05958824628},
{"learn":[0.2924524874],"iteration":867,"passed_time":0.3888750928,"remaining_time":0.05913768693},
{"learn":[0.2922594971],"iteration":868,"passed_time":0.3893084838,"remaining_time":0.05868746993},
{"learn":[0.2921613481],"iteration":869,"passed_time":0.3897345779,"remaining_time":0.0582362013},
{"learn":[0.2920035582],"iteration":870,"passed_time":0.3901789895,"remaining_time":0.05778770338},
{"learn":[0.2917935507],"iteration":871,"passed_time":0.3906172325,"remaining_time":0.05733830936},
{"learn":[0.2916939984],"iteration":872,"passed_time":0.3910471737,"remaining_time":0.05688773318},
{"learn":[0.2915863814],"iteration":873,"passed_time":0.3914673912,"remaining_time":0.05643580239},
{"learn":[0.2914836791],"iteration":874,"passed_time":0.3919048342,"remaining_time":0.05598640489},
{"learn":[0.2913479801],"iteration":875,"passed_time":0.3923333053,"remaining_time":0.05553576468},
{"learn":[0.2911385406],"iteration":876,"passed_time":0.3927667545,"remaining_time":0.0550858732},
{"learn":[0.2909946597],"iteration":877,"passed_time":0.3931982367,"remaining_time":0.05463574587},
{"learn":[0.2908897858],"iteration":878,"passed_time":0.3936336268,"remaining_time":0.05418619891},
{"learn":[0.2907798342],"iteration":879,"passed_time":0.3940627043,"remaining_time":0.05373582332},
{"learn":[0.2906599408],"iteration":880,"passed_time":0.3944887385,"remaining_time":0.053285085},
{"learn":[0.290460273],"iteration":881,"passed_time":0.3949442838,"remaining_time":0.0528383509},
{"learn":[0.2903422744],"iteration":882,"passed_time":0.3953935175,"remaining_time":0.05239076053},
{"learn":[0.2901602556],"iteration":883,"passed_time":0.3958365439,"remaining_time":0.05194235192},
{"learn":[0.290050983],"iteration":884,"passed_time":0.3961765034,"remaining_time":0.05148056259},
{"learn":[0.289914313],"iteration":885,"passed_time":0.3965980301,"remaining_time":0.05102954337},
{"learn":[0.2898760447],"iteration":886,"passed_time":0.3969375963,"remaining_time":0.05056814925},
{"learn":[0.2897716506],"iteration":887,"passed_time":0.3973659547,"remaining_time":0.05011822853},
{"learn":[0.2897182677],"iteration":888,"passed_time":0.3978089858,"remaining_time":0.04967018832},
{"learn":[0.2894867261],"iteration":889,"passed_time":0.3982360591,"remaining_time":0.04922018708},
{"learn":[0.2893740004],"iteration":890,"passed_time":0.3986579876,"remaining_time":0.04876960791},
{"learn":[0.2892453135],"iteration":891,"passed_time":0.3990915026,"remaining_time":0.04832049583},
{"learn":[0.2891547771],"iteration":892,"passed_time":0.3995465479,"remaining_time":0.04787399846},
{"learn":[0.2890365409],"iteration":893,"passed_time":0.4000187628,"remaining_time":0.04742951774},
{"learn":[0.28892288],"iteration":894,"passed_time":0.4004543339,"remaining_time":0.04698067604},
{"learn":[0.2888333141],"iteration":895,"passed_time":0.4009037525,"remaining_time":0.04653347127},
{"learn":[0.2887581021],"iteration":896,"passed_time":0.4013371116,"remaining_time":0.0460844175},
{"learn":[0.2887095571],"iteration":897,"passed_time":0.4017815495,"remaining_time":0.04563665708},
{"learn":[0.2885838622],"iteration":898,"passed_time":0.4021737919,"remaining_time":0.04518304002},
{"learn":[0.2884729461],"iteration":899,"passed_time":0.4026102907,"remaining_time":0.04473447675},
{"learn":[0.2884255289],"iteration":900,"passed_time":0.4029928898,"remaining_time":0.04428001786},
{"learn":[0.2883718035],"iteration":901,"passed_time":0.4033526113,"remaining_time":0.04382323271},
{"learn":[0.2881259171],"iteration":902,"passed_time":0.4038172803,"remaining_time":0.04337793598},
{"learn":[0.28796646],"iteration":903,"passed_time":0.4042514885,"remaining_time":0.04292936161},
{"learn":[0.2876295408],"iteration":904,"passed_time":0.4047144729,"remaining_time":0.0424838397},
{"learn":[0.2875318791],"iteration":905,"passed_time":0.4051592554,"remaining_time":0.04203639074},
{"learn":[0.2875020811],"iteration":906,"passed_time":0.4055655771,"remaining_time":0.04158500405},
{"learn":[0.2873747569],"iteration":907,"passed_time":0.4059928496,"remaining_time":0.04113583938},
{"learn":[0.2870477637],"iteration":908,"passed_time":0.4064223798,"remaining_time":0.04068694892},
{"learn":[0.2870335087],"iteration":909,"passed_time":0.4067184574,"remaining_time":0.04022490238},
{"learn":[0.2869326166],"iteration":910,"passed_time":0.4071077914,"remaining_time":0.03977233088},
{"learn":[0.2867860509],"iteration":911,"passed_time":0.4075323968,"remaining_time":0.03932330145},
{"learn":[0.2867663274],"iteration":912,"passed_time":0.4078432352,"remaining_time":0.03886348462},
{"learn":[0.2865753653],"iteration":913,"passed_time":0.4082536849,"remaining_time":0.03841336641},
{"learn":[0.2865141419],"iteration":914,"passed_time":0.4086742974,"remaining_time":0.03796427899},
{"learn":[0.2864480822],"iteration":915,"passed_time":0.4091213281,"remaining_time":0.03751767638},
{"learn":[0.2863239827],"iteration":916,"passed_time":0.4095786113,"remaining_time":0.03707200081},
{"learn":[0.2861601248],"iteration":917,"passed_time":0.4100057746,"remaining_time":0.0366236095},
{"learn":[0.2860926696],"iteration":918,"passed_time":0.4104611981,"remaining_time":0.03617775522},
{"learn":[0.2859466672],"iteration":919,"passed_time":0.4108865096,"remaining_time":0.0357292617},
{"learn":[0.2857760701],"iteration":920,"passed_time":0.4113049233,"remaining_time":0.03528022686},
{"learn":[0.2857071209],"iteration":921,"passed_time":0.4117558198,"remaining_time":0.03483400644},
{"learn":[0.2855973598],"iteration":922,"passed_time":0.4122138639,"remaining_time":0.03438837218},
{"learn":[0.2854506114],"iteration":923,"passed_time":0.412649079,"remaining_time":0.03394083334},
{"learn":[0.2853533544],"iteration":924,"passed_time":0.4130860688,"remaining_time":0.03349346504},
{"learn":[0.2852741942],"iteration":925,"passed_time":0.4135111225,"remaining_time":0.03304516529},
{"learn":[0.2852225628],"iteration":926,"passed_time":0.4139520493,"remaining_time":0.03259816569},
{"learn":[0.2850540224],"iteration":927,"passed_time":0.4143752487,"remaining_time":0.03214980378},
{"learn":[0.2849508226],"iteration":928,"passed_time":0.414799546,"remaining_time":0.03170157994},
{"learn":[0.2847740965],"iteration":929,"passed_time":0.415174501,"remaining_time":0.03124969363},
{"learn":[0.2847088899],"iteration":930,"passed_time":0.4156036531,"remaining_time":0.03080198933},
{"learn":[0.2846529959],"iteration":931,"passed_time":0.4160345403,"remaining_time":0.03035445144},
{"learn":[0.284631479],"iteration":932,"passed_time":0.4164556387,"remaining_time":0.0299062463},
{"learn":[0.2844557002],"iteration":933,"passed_time":0.4168795751,"remaining_time":0.02945829974},
{"learn":[0.284342527],"iteration":934,"passed_time":0.4173247044,"remaining_time":0.02901187784},
{"learn":[0.2842933488],"iteration":935,"passed_time":0.4177930713,"remaining_time":0.02856704761},
{"learn":[0.2841534252],"iteration":936,"passed_time":0.4182126251,"remaining_time":0.02811888515},
{"learn":[0.2840380068],"iteration":937,"passed_time":0.4186279342,"remaining_time":0.02767050311},
{"learn":[0.2838886963],"iteration":938,"passed_time":0.4190471766,"remaining_time":0.02722244704},
{"learn":[0.2837158359],"iteration":939,"passed_time":0.4194825386,"remaining_time":0.02677548119},
{"learn":[0.2836008957],"iteration":940,"passed_time":0.4199085619,"remaining_time":0.02632795446},
{"learn":[0.2835336651],"iteration":941,"passed_time":0.4203835673,"remaining_time":0.02588348928},
{"learn":[0.2834628989],"iteration":942,"passed_time":0.4208031839,"remaining_time":0.02543561133},
{"learn":[0.2834470004],"iteration":943,"passed_time":0.4211646768,"remaining_time":0.02498434524},
{"learn":[0.2834169977],"iteration":944,"passed_time":0.4215089561,"remaining_time":0.02453226729},
{"learn":[0.2833767063],"iteration":945,"passed_time":0.4219443371,"remaining_time":0.02408561755},
{"learn":[0.2832619595],"iteration":946,"passed_time":0.4223795291,"remaining_time":0.02363898104},
{"learn":[0.2831412904],"iteration":947,"passed_time":0.4228022385,"remaining_time":0.02319168397},
{"learn":[0.2830018358],"iteration":948,"passed_time":0.4232427126,"remaining_time":0.02274539341},
{"learn":[0.2828939358],"iteration":949,"passed_time":0.4236692509,"remaining_time":0.02229838163},
{"learn":[0.28275166],"iteration":950,"passed_time":0.4240996235,"remaining_time":0.02185161046},
{"learn":[0.2826503325],"iteration":951,"passed_time":0.4247562548,"remaining_time":0.02141628175},
{"learn":[0.2826373918],"iteration":952,"passed_time":0.4251555052,"remaining_time":0.02096779512},
{"learn":[0.2825159806],"iteration":953,"passed_time":0.4256257182,"remaining_time":0.02052283337},
{"learn":[0.282357345],"iteration":954,"passed_time":0.4266290148,"remaining_time":0.02010293787},
{"learn":[0.2822173449],"iteration":955,"passed_time":0.4276979132,"remaining_time":0.01968484119},
{"learn":[0.282068259],"iteration":956,"passed_time":0.4289801241,"remaining_time":0.01927496901},
{"learn":[0.2818983776],"iteration":957,"passed_time":0.4294535695,"remaining_time":0.01882781829},
{"learn":[0.2818396169],"iteration":958,"passed_time":0.4299246053,"remaining_time":0.01838050971},
{"learn":[0.2817082932],"iteration":959,"passed_time":0.4303876574,"remaining_time":0.01793281906},
{"learn":[0.2815959259],"iteration":960,"passed_time":0.4308584681,"remaining_time":0.0174854113},
{"learn":[0.2815244293],"iteration":961,"passed_time":0.4313000399,"remaining_time":0.01703679991},
{"learn":[0.2814499101],"iteration":962,"passed_time":0.4317509114,"remaining_time":0.01658856046},
{"learn":[0.2813655026],"iteration":963,"passed_time":0.4321952584,"remaining_time":0.01614007189},
{"learn":[0.2812220739],"iteration":964,"passed_time":0.4326775556,"remaining_time":0.01569296834},
{"learn":[0.2811269367],"iteration":965,"passed_time":0.4331033098,"remaining_time":0.01524380179},
{"learn":[0.2810382994],"iteration":966,"passed_time":0.4335590074,"remaining_time":0.01479570553},
{"learn":[0.2809646492],"iteration":967,"passed_time":0.434007636,"remaining_time":0.01434735987},
{"learn":[0.2808811237],"iteration":968,"passed_time":0.4344790817,"remaining_time":0.01389974359},
{"learn":[0.2808388424],"iteration":969,"passed_time":0.4349122109,"remaining_time":0.01345089312},
{"learn":[0.2807141858],"iteration":970,"passed_time":0.4353578607,"remaining_time":0.01300244898},
{"learn":[0.2804649429],"iteration":971,"passed_time":0.4358568247,"remaining_time":0.01255554639},
{"learn":[0.2803459392],"iteration":972,"passed_time":0.4363031473,"remaining_time":0.01210707603},
{"learn":[0.2802673259],"iteration":973,"passed_time":0.436660035,"remaining_time":0.0116562227},
{"learn":[0.2801277465],"iteration":974,"passed_time":0.4371014495,"remaining_time":0.01120772947},
{"learn":[0.2800284209],"iteration":975,"passed_time":0.4375483644,"remaining_time":0.01075938601},
{"learn":[0.2800163817],"iteration":976,"passed_time":0.437854747,"remaining_time":0.01030773714},
{"learn":[0.2798964545],"iteration":977,"passed_time":0.438284355,"remaining_time":0.009859157271},
{"learn":[0.2798040254],"iteration":978,"passed_time":0.4387327836,"remaining_time":0.009411019873},
{"learn":[0.2797669967],"iteration":979,"passed_time":0.4391526952,"remaining_time":0.008962299902},
{"learn":[0.2796393287],"iteration":980,"passed_time":0.4395817018,"remaining_time":0.008513814816},
{"learn":[0.2794978273],"iteration":981,"passed_time":0.4400176402,"remaining_time":0.008065496459},
{"learn":[0.2792974905],"iteration":982,"passed_time":0.4404697298,"remaining_time":0.007617482612},
{"learn":[0.2792164999],"iteration":983,"passed_time":0.4409004911,"remaining_time":0.007169113676},
{"learn":[0.2789397585],"iteration":984,"passed_time":0.441336489,"remaining_time":0.006720860239},
{"learn":[0.2787634368],"iteration":985,"passed_time":0.4417708214,"remaining_time":0.006272608011},
{"learn":[0.2787509077],"iteration":986,"passed_time":0.4420719837,"remaining_time":0.005822629978},
{"learn":[0.2786382566],"iteration":987,"passed_time":0.4425118346,"remaining_time":0.005374637667},
{"learn":[0.2784732831],"iteration":988,"passed_time":0.4429425067,"remaining_time":0.004926559731},
{"learn":[0.2784237939],"iteration":989,"passed_time":0.4433789647,"remaining_time":0.004478575401},
{"learn":[0.2782450979],"iteration":990,"passed_time":0.4438296911,"remaining_time":0.004030743915},
{"learn":[0.2781611098],"iteration":991,"passed_time":0.4442812394,"remaining_time":0.003582913221},
{"learn":[0.2780787128],"iteration":992,"passed_time":0.444728602,"remaining_time":0.003135045533},
{"learn":[0.2779803565],"iteration":993,"passed_time":0.4451899281,"remaining_time":0.002687263148},
{"learn":[0.2778428525],"iteration":994,"passed_time":0.4456093969,"remaining_time":0.002239243201},
{"learn":[0.2776996584],"iteration":995,"passed_time":0.4460623553,"remaining_time":0.001791415082},
{"learn":[0.2775448332],"iteration":996,"passed_time":0.4465060227,"remaining_time":0.001343548714},
{"learn":[0.277484842],"iteration":997,"passed_time":0.446943133,"remaining_time":0.0008956776211},
{"learn":[0.2773612254],"iteration":998,"passed_time":0.4473800109,"remaining_time":0.0004478278387},
{"learn":[0.277066014],"iteration":999,"passed_time":0.4478483888,"remaining_time":0}
]}