,Final Score
duration,235.58230556678944
checking_status,237.1949255564886
savings_status,255.5252143257574
age,260.919615282487
credit_history,263.4376893024258
credit_amount,264.96424704515033
property_magnitude,271.9471969258379
employment,273.62572894822654
purpose,274.1430262968057
installment_commitment,276.9691267603135
residence_since,276.9978919263996
personal_status,286.9003460263658
own_telephone,288.81280726429605
housing,289.5165315396003
other_payment_plans,290.26404514513507
existing_credits,291.0548307895236
job,292.3157308816968
other_parties,292.78727296414087
foreign_worker,294.4247707132783
num_dependents,294.8136417252174
