,att_original_names,shap_m1,shap_m2,shap_m3,shap_m4,eli5_m1,eli5_m2,eli5_m3,eli5_m4,dalex_m1,dalex_m2,dalex_m3,dalex_m4,ci_m1,ci_m2,ci_m3,ci_m4,skater_m1,skater_m2,skater_m3,skater_m4,lofo_m1,lofo_m2,lofo_m3,lofo_m4,exirt_m1,exirt_m2,exirt_m3,exirt_m4
0,Length.of.service,CAP,CAP,CAP,CAP,… 1 more …,… 1 more …,… 1 more …,… 1 more …,CAP,CAP,CAP,CAP,CAP,CAP,CAP,PA.normalized,CAP,CAP,CAP,CAP,CAP,CAP,CAP,CAP,CAP,CAP,CAP,CAP
1,CAP,PA.normalized,PA.normalized,PA.normalized,PA.normalized,CAP,CAP,CAP,CAP,PA.normalized,PA.normalized,PA.normalized,PA.normalized,PA.normalized,PA.normalized,PA.normalized,CAP,PA.normalized,PA.normalized,PA.normalized,PA.normalized,PA.normalized,PA.normalized,PA.normalized,PA.normalized,PA.normalized,PA.normalized,PA.normalized,PA.normalized
2,PA.normalized,Length.of.service,Minority,Length.of.service,Length.of.service,PA.normalized,PA.normalized,PA.normalized,PA.normalized,Length.of.service,Length.of.service,Minority,Length.of.service,Length.of.service,Length.of.service,Length.of.service,Length.of.service,Length.of.service,Length.of.service,Length.of.service,Length.of.service,Minority,Length.of.service,Minority,Minority,Length.of.service,Length.of.service,Length.of.service,Length.of.service
3,Minority,Minority,Length.of.service,Minority,Minority,Length.of.service,Length.of.service,Minority,Minority,Minority,Minority,Length.of.service,Minority,Minority,Minority,Minority,Minority,Minority,Minority,Minority,Minority,Length.of.service,Minority,Length.of.service,Length.of.service,Minority,Minority,Minority,Minority
