Clf,Score
"Clf Std ""Number_of_positive_axillary_nodes_detected""",25.369999999999997
"Clf Binning ""Age_of_patient_at_time_of_operation""",26.369999999999997
"Clf Invertion ""Number_of_positive_axillary_nodes_detected""",26.369999999999997
"Clf Ordernation_Up ""Number_of_positive_axillary_nodes_detected""",30.369999999999997
"Clf Zscore ""Age_of_patient_at_time_of_operation""",33.37
"Clf Std ""Age_of_patient_at_time_of_operation""",34.370000000000005
"Clf Invertion ""Age_of_patient_at_time_of_operation""",36.37
"Clf MultNeg ""Number_of_positive_axillary_nodes_detected""",36.370000000000005
"Clf Zeros ""Number_of_positive_axillary_nodes_detected""",36.370000000000005
"Clf Zscore ""Number_of_positive_axillary_nodes_detected""",37.370000000000005
"Clf MultNeg ""Age_of_patient_at_time_of_operation""",38.37
"Clf Zeros ""Age_of_patient_at_time_of_operation""",38.37
"Clf Ordernation_Up ""Age_of_patient_at_time_of_operation""",38.370000000000005
"Clf Binning ""Number_of_positive_axillary_nodes_detected""",40.36999999999999
"Clf Binning ""Patients_year_of_operation""",41.36999999999999
"Clf Ordernation_Up ""Patients_year_of_operation""",41.36999999999999
"Clf MultNeg ""Patients_year_of_operation""",44.36999999999999
"Clf Zeros ""Patients_year_of_operation""",44.36999999999999
"Clf Zscore ""Patients_year_of_operation""",44.36999999999999
Clf original data,48.4664920665686
"Clf Invertion ""Patients_year_of_operation""",60.32599999999998
"Clf Std ""Patients_year_of_operation""",61.32599999999998
