Clf,Theta
Clf original data,23.475
"Clf MultNeg ""Age_of_patient_at_time_of_operation""",338967054.310152
"Clf MultNeg ""Patients_year_of_operation""",338967054.310152
"Clf MultNeg ""Number_of_positive_axillary_nodes_detected""",338967054.310152
"Clf Binning ""Age_of_patient_at_time_of_operation""",338967054.310152
"Clf Binning ""Patients_year_of_operation""",338967054.310152
"Clf Binning ""Number_of_positive_axillary_nodes_detected""",338967054.310152
"Clf Zeros ""Age_of_patient_at_time_of_operation""",338967054.310152
"Clf Zeros ""Patients_year_of_operation""",338967054.310152
"Clf Zeros ""Number_of_positive_axillary_nodes_detected""",338967054.310152
"Clf Ordernation_Up ""Age_of_patient_at_time_of_operation""",338967054.310152
"Clf Ordernation_Up ""Patients_year_of_operation""",338967054.310152
"Clf Ordernation_Up ""Number_of_positive_axillary_nodes_detected""",338967054.310152
"Clf Invertion ""Age_of_patient_at_time_of_operation""",338967054.310152
"Clf Invertion ""Patients_year_of_operation""",-308402325.2559855
"Clf Invertion ""Number_of_positive_axillary_nodes_detected""",338967054.310152
"Clf Std ""Age_of_patient_at_time_of_operation""",338967054.310152
"Clf Std ""Patients_year_of_operation""",-308402325.2559855
"Clf Std ""Number_of_positive_axillary_nodes_detected""",338967054.310152
"Clf Zscore ""Age_of_patient_at_time_of_operation""",338967054.310152
"Clf Zscore ""Patients_year_of_operation""",338967054.310152
"Clf Zscore ""Number_of_positive_axillary_nodes_detected""",338967054.310152
