,att_original_names,shap_m1,shap_m2,shap_m3,shap_m4,eli5_m1,eli5_m2,eli5_m3,eli5_m4,dalex_m1,dalex_m2,dalex_m3,dalex_m4,ci_m1,ci_m2,ci_m3,ci_m4,skater_m1,skater_m2,skater_m3,skater_m4,lofo_m1,lofo_m2,lofo_m3,lofo_m4,exirt_m1,exirt_m2,exirt_m3,exirt_m4
0,LOC_BLANK,PERCENT_COMMENTS,PERCENT_COMMENTS,LOC_CODE_AND_COMMENT,PERCENT_COMMENTS,… 1 more …,… 1 more …,… 1 more …,… 1 more …,PERCENT_COMMENTS,PERCENT_COMMENTS,LOC_CODE_AND_COMMENT,LOC_EXECUTABLE,CYCLOMATIC_DENSITY,PERCENT_COMMENTS,CALL_PAIRS,HALSTEAD_CONTENT,PERCENT_COMMENTS,PERCENT_COMMENTS,NUM_OPERATORS,NUMBER_OF_LINES,CALL_PAIRS,CYCLOMATIC_COMPLEXITY,NORMALIZED_CYLOMATIC_COMPLEXITY,HALSTEAD_VOLUME,CALL_PAIRS,PERCENT_COMMENTS,HALSTEAD_VOLUME,NUMBER_OF_LINES
1,BRANCH_COUNT,CYCLOMATIC_DENSITY,LOC_CODE_AND_COMMENT,NODE_COUNT,LOC_EXECUTABLE,NUMBER_OF_LINES,NUM_UNIQUE_OPERATORS,NUMBER_OF_LINES,NUMBER_OF_LINES,LOC_CODE_AND_COMMENT,LOC_CODE_AND_COMMENT,CALL_PAIRS,PERCENT_COMMENTS,PERCENT_COMMENTS,LOC_CODE_AND_COMMENT,PERCENT_COMMENTS,PERCENT_COMMENTS,NUMBER_OF_LINES,LOC_CODE_AND_COMMENT,HALSTEAD_EFFORT,LOC_EXECUTABLE,GLOBAL_DATA_DENSITY,PERCENT_COMMENTS,LOC_TOTAL,LOC_CODE_AND_COMMENT,PERCENT_COMMENTS,LOC_CODE_AND_COMMENT,LOC_BLANK,PERCENT_COMMENTS
2,CALL_PAIRS,LOC_CODE_AND_COMMENT,HALSTEAD_CONTENT,PERCENT_COMMENTS,NUMBER_OF_LINES,PERCENT_COMMENTS,LOC_CODE_AND_COMMENT,PERCENT_COMMENTS,HALSTEAD_CONTENT,CYCLOMATIC_DENSITY,NUM_UNIQUE_OPERATORS,NODE_COUNT,NUMBER_OF_LINES,HALSTEAD_CONTENT,NUM_UNIQUE_OPERANDS,NODE_COUNT,ESSENTIAL_COMPLEXITY,HALSTEAD_CONTENT,NUM_OPERATORS,HALSTEAD_VOLUME,PERCENT_COMMENTS,GLOBAL_DATA_COMPLEXITY,PARAMETER_COUNT,HALSTEAD_DIFFICULTY,HALSTEAD_LENGTH,HALSTEAD_CONTENT,NUM_UNIQUE_OPERATORS,NUM_OPERANDS,NUM_UNIQUE_OPERANDS
3,LOC_CODE_AND_COMMENT,NUMBER_OF_LINES,HALSTEAD_EFFORT,NUMBER_OF_LINES,LOC_CODE_AND_COMMENT,CYCLOMATIC_DENSITY,PARAMETER_COUNT,NUM_UNIQUE_OPERATORS,NORMALIZED_CYLOMATIC_COMPLEXITY,CONDITION_COUNT,LOC_COMMENTS,BRANCH_COUNT,ESSENTIAL_DENSITY,NUMBER_OF_LINES,HALSTEAD_CONTENT,HALSTEAD_CONTENT,LOC_EXECUTABLE,CYCLOMATIC_DENSITY,NUMBER_OF_LINES,LOC_EXECUTABLE,NORMALIZED_CYLOMATIC_COMPLEXITY,CYCLOMATIC_DENSITY,NUM_UNIQUE_OPERATORS,DESIGN_DENSITY,HALSTEAD_DIFFICULTY,BRANCH_COUNT,ESSENTIAL_COMPLEXITY,LOC_EXECUTABLE,LOC_EXECUTABLE
4,LOC_COMMENTS,HALSTEAD_CONTENT,NORMALIZED_CYLOMATIC_COMPLEXITY,LOC_EXECUTABLE,NORMALIZED_CYLOMATIC_COMPLEXITY,ESSENTIAL_DENSITY,HALSTEAD_EFFORT,NUM_OPERANDS,LOC_EXECUTABLE,HALSTEAD_CONTENT,HALSTEAD_VOLUME,LOC_COMMENTS,LOC_CODE_AND_COMMENT,CALL_PAIRS,CALL_PAIRS,CYCLOMATIC_DENSITY,CYCLOMATIC_DENSITY,LOC_CODE_AND_COMMENT,HALSTEAD_PROG_TIME,NUM_OPERANDS,HALSTEAD_CONTENT,PERCENT_COMMENTS,NUM_UNIQUE_OPERANDS,DESIGN_COMPLEXITY,GLOBAL_DATA_DENSITY,MODIFIED_CONDITION_COUNT,LOC_COMMENTS,LOC_TOTAL,ESSENTIAL_COMPLEXITY
5,CONDITION_COUNT,LOC_EXECUTABLE,HALSTEAD_PROG_TIME,LOC_TOTAL,CYCLOMATIC_DENSITY,CALL_PAIRS,LOC_COMMENTS,PARAMETER_COUNT,PERCENT_COMMENTS,CALL_PAIRS,CYCLOMATIC_COMPLEXITY,CONDITION_COUNT,HALSTEAD_CONTENT,NUM_OPERATORS,LOC_COMMENTS,NUM_UNIQUE_OPERANDS,GLOBAL_DATA_COMPLEXITY,ESSENTIAL_DENSITY,HALSTEAD_LEVEL,NODE_COUNT,HALSTEAD_EFFORT,PARAMETER_COUNT,NUM_OPERATORS,CYCLOMATIC_DENSITY,LOC_TOTAL,ESSENTIAL_COMPLEXITY,CALL_PAIRS,HALSTEAD_CONTENT,LOC_COMMENTS
6,CYCLOMATIC_COMPLEXITY,HALSTEAD_EFFORT,CYCLOMATIC_DENSITY,CYCLOMATIC_DENSITY,HALSTEAD_CONTENT,LOC_EXECUTABLE,DECISION_COUNT,NUM_UNIQUE_OPERANDS,HALSTEAD_EFFORT,MODIFIED_CONDITION_COUNT,NODE_COUNT,MULTIPLE_CONDITION_COUNT,ESSENTIAL_COMPLEXITY,LOC_CODE_AND_COMMENT,HALSTEAD_PROG_TIME,LOC_EXECUTABLE,LOC_CODE_AND_COMMENT,LOC_EXECUTABLE,NUM_UNIQUE_OPERANDS,NUM_UNIQUE_OPERANDS,ESSENTIAL_COMPLEXITY,NUM_UNIQUE_OPERATORS,NUM_OPERANDS,CONDITION_COUNT,LOC_EXECUTABLE,NUMBER_OF_LINES,NODE_COUNT,CALL_PAIRS,HALSTEAD_CONTENT
7,CYCLOMATIC_DENSITY,EDGE_COUNT,HALSTEAD_VOLUME,EDGE_COUNT,GLOBAL_DATA_COMPLEXITY,LOC_CODE_AND_COMMENT,NUM_OPERATORS,NUM_OPERATORS,ESSENTIAL_COMPLEXITY,LOC_EXECUTABLE,NUM_UNIQUE_OPERANDS,MODIFIED_CONDITION_COUNT,NORMALIZED_CYLOMATIC_COMPLEXITY,ESSENTIAL_COMPLEXITY,NUM_OPERATORS,NUM_OPERANDS,NUMBER_OF_LINES,LOC_COMMENTS,HALSTEAD_DIFFICULTY,NUMBER_OF_LINES,ESSENTIAL_DENSITY,NUM_UNIQUE_OPERANDS,NUMBER_OF_LINES,CALL_PAIRS,LOC_COMMENTS,LOC_TOTAL,LOC_BLANK,NUMBER_OF_LINES,NORMALIZED_CYLOMATIC_COMPLEXITY
8,DECISION_COUNT,GLOBAL_DATA_COMPLEXITY,NUMBER_OF_LINES,HALSTEAD_DIFFICULTY,ESSENTIAL_COMPLEXITY,HALSTEAD_CONTENT,MULTIPLE_CONDITION_COUNT,LOC_CODE_AND_COMMENT,ESSENTIAL_DENSITY,NUMBER_OF_LINES,HALSTEAD_PROG_TIME,DESIGN_COMPLEXITY,GLOBAL_DATA_COMPLEXITY,GLOBAL_DATA_COMPLEXITY,HALSTEAD_EFFORT,LOC_TOTAL,LOC_COMMENTS,LOC_BLANK,HALSTEAD_EFFORT,CYCLOMATIC_DENSITY,LOC_CODE_AND_COMMENT,NUM_OPERATORS,NORMALIZED_CYLOMATIC_COMPLEXITY,PERCENT_COMMENTS,HALSTEAD_LEVEL,LOC_CODE_AND_COMMENT,CONDITION_COUNT,BRANCH_COUNT,CALL_PAIRS
9,DESIGN_COMPLEXITY,CALL_PAIRS,PARAMETER_COUNT,NUM_OPERATORS,LOC_BLANK,EDGE_COUNT,MAINTENANCE_SEVERITY,HALSTEAD_PROG_TIME,LOC_CODE_AND_COMMENT,NUM_OPERANDS,NORMALIZED_CYLOMATIC_COMPLEXITY,DECISION_COUNT,CYCLOMATIC_DENSITY,DECISION_COUNT,NUMBER_OF_LINES,LOC_CODE_AND_COMMENT,CALL_PAIRS,CALL_PAIRS,LOC_TOTAL,HALSTEAD_ERROR_EST,CYCLOMATIC_DENSITY,NUM_OPERANDS,NODE_COUNT,PARAMETER_COUNT,GLOBAL_DATA_COMPLEXITY,CYCLOMATIC_DENSITY,LOC_EXECUTABLE,NORMALIZED_CYLOMATIC_COMPLEXITY,HALSTEAD_EFFORT
10,DESIGN_DENSITY,NODE_COUNT,NUM_UNIQUE_OPERATORS,HALSTEAD_ERROR_EST,CALL_PAIRS,HALSTEAD_LEVEL,HALSTEAD_PROG_TIME,HALSTEAD_LENGTH,PARAMETER_COUNT,MAINTENANCE_SEVERITY,DESIGN_COMPLEXITY,PARAMETER_COUNT,HALSTEAD_ERROR_EST,EDGE_COUNT,HALSTEAD_VOLUME,HALSTEAD_VOLUME,LOC_BLANK,HALSTEAD_LEVEL,LOC_COMMENTS,HALSTEAD_PROG_TIME,GLOBAL_DATA_COMPLEXITY,NUMBER_OF_LINES,MULTIPLE_CONDITION_COUNT,NUM_UNIQUE_OPERATORS,DESIGN_DENSITY,DECISION_COUNT,DECISION_COUNT,NODE_COUNT,CYCLOMATIC_DENSITY
11,EDGE_COUNT,LOC_BLANK,HALSTEAD_LEVEL,NORMALIZED_CYLOMATIC_COMPLEXITY,NUM_OPERANDS,NUM_UNIQUE_OPERATORS,HALSTEAD_ERROR_EST,HALSTEAD_ERROR_EST,HALSTEAD_VOLUME,NORMALIZED_CYLOMATIC_COMPLEXITY,HALSTEAD_CONTENT,MAINTENANCE_SEVERITY,LOC_COMMENTS,NODE_COUNT,HALSTEAD_LENGTH,LOC_COMMENTS,NUM_OPERANDS,NUM_UNIQUE_OPERANDS,NODE_COUNT,LOC_CODE_AND_COMMENT,NUM_UNIQUE_OPERANDS,NORMALIZED_CYLOMATIC_COMPLEXITY,MODIFIED_CONDITION_COUNT,NUM_UNIQUE_OPERANDS,DECISION_COUNT,DESIGN_COMPLEXITY,HALSTEAD_LEVEL,MODIFIED_CONDITION_COUNT,LOC_CODE_AND_COMMENT
12,ESSENTIAL_COMPLEXITY,CONDITION_COUNT,NODE_COUNT,NUM_UNIQUE_OPERANDS,ESSENTIAL_DENSITY,NUM_UNIQUE_OPERANDS,HALSTEAD_DIFFICULTY,HALSTEAD_DIFFICULTY,CYCLOMATIC_DENSITY,NUM_UNIQUE_OPERANDS,HALSTEAD_EFFORT,ESSENTIAL_DENSITY,CALL_PAIRS,HALSTEAD_DIFFICULTY,ESSENTIAL_COMPLEXITY,NUM_OPERATORS,ESSENTIAL_DENSITY,ESSENTIAL_COMPLEXITY,HALSTEAD_VOLUME,HALSTEAD_LENGTH,HALSTEAD_VOLUME,NODE_COUNT,MAINTENANCE_SEVERITY,NUM_OPERATORS,CYCLOMATIC_COMPLEXITY,ESSENTIAL_DENSITY,HALSTEAD_PROG_TIME,LOC_COMMENTS,DESIGN_COMPLEXITY
13,ESSENTIAL_DENSITY,NUM_OPERATORS,EDGE_COUNT,CALL_PAIRS,NUM_UNIQUE_OPERANDS,LOC_COMMENTS,GLOBAL_DATA_COMPLEXITY,HALSTEAD_CONTENT,HALSTEAD_LEVEL,ESSENTIAL_COMPLEXITY,HALSTEAD_LENGTH,NUM_UNIQUE_OPERANDS,LOC_BLANK,HALSTEAD_EFFORT,CYCLOMATIC_DENSITY,HALSTEAD_EFFORT,NUM_UNIQUE_OPERATORS,HALSTEAD_EFFORT,HALSTEAD_CONTENT,EDGE_COUNT,LOC_COMMENTS,MULTIPLE_CONDITION_COUNT,LOC_TOTAL,NUM_OPERANDS,BRANCH_COUNT,NUM_UNIQUE_OPERATORS,NUM_OPERATORS,PERCENT_COMMENTS,HALSTEAD_LEVEL
14,LOC_EXECUTABLE,NORMALIZED_CYLOMATIC_COMPLEXITY,HALSTEAD_DIFFICULTY,HALSTEAD_LEVEL,HALSTEAD_DIFFICULTY,MAINTENANCE_SEVERITY,ESSENTIAL_DENSITY,GLOBAL_DATA_DENSITY,LOC_COMMENTS,NUM_OPERATORS,GLOBAL_DATA_COMPLEXITY,NUM_OPERATORS,PARAMETER_COUNT,LOC_TOTAL,MULTIPLE_CONDITION_COUNT,EDGE_COUNT,DECISION_COUNT,NORMALIZED_CYLOMATIC_COMPLEXITY,ESSENTIAL_COMPLEXITY,HALSTEAD_DIFFICULTY,CALL_PAIRS,MODIFIED_CONDITION_COUNT,LOC_EXECUTABLE,NUMBER_OF_LINES,PARAMETER_COUNT,NUM_UNIQUE_OPERANDS,NUM_UNIQUE_OPERANDS,CONDITION_COUNT,PARAMETER_COUNT
15,PARAMETER_COUNT,HALSTEAD_LEVEL,LOC_COMMENTS,HALSTEAD_EFFORT,LOC_COMMENTS,HALSTEAD_EFFORT,DESIGN_COMPLEXITY,GLOBAL_DATA_COMPLEXITY,BRANCH_COUNT,CYCLOMATIC_COMPLEXITY,BRANCH_COUNT,EDGE_COUNT,NUM_OPERANDS,HALSTEAD_VOLUME,NUM_UNIQUE_OPERATORS,HALSTEAD_PROG_TIME,MODIFIED_CONDITION_COUNT,GLOBAL_DATA_COMPLEXITY,CALL_PAIRS,CALL_PAIRS,PARAMETER_COUNT,MAINTENANCE_SEVERITY,LOC_COMMENTS,NODE_COUNT,NUM_UNIQUE_OPERATORS,NUM_OPERATORS,MULTIPLE_CONDITION_COUNT,CYCLOMATIC_COMPLEXITY,NUM_OPERANDS
16,GLOBAL_DATA_COMPLEXITY,ESSENTIAL_COMPLEXITY,GLOBAL_DATA_DENSITY,NUM_OPERANDS,DECISION_COUNT,HALSTEAD_DIFFICULTY,CALL_PAIRS,ESSENTIAL_DENSITY,DESIGN_COMPLEXITY,EDGE_COUNT,CALL_PAIRS,GLOBAL_DATA_COMPLEXITY,NUM_UNIQUE_OPERANDS,MODIFIED_CONDITION_COUNT,MODIFIED_CONDITION_COUNT,HALSTEAD_ERROR_EST,CYCLOMATIC_COMPLEXITY,EDGE_COUNT,CYCLOMATIC_DENSITY,LOC_TOTAL,HALSTEAD_LEVEL,LOC_TOTAL,LOC_CODE_AND_COMMENT,MULTIPLE_CONDITION_COUNT,NUM_OPERANDS,NUM_OPERANDS,MODIFIED_CONDITION_COUNT,ESSENTIAL_COMPLEXITY,NUM_OPERATORS
17,GLOBAL_DATA_DENSITY,MAINTENANCE_SEVERITY,LOC_EXECUTABLE,HALSTEAD_VOLUME,HALSTEAD_PROG_TIME,CONDITION_COUNT,NUM_OPERANDS,DESIGN_DENSITY,CALL_PAIRS,BRANCH_COUNT,GLOBAL_DATA_DENSITY,NUM_UNIQUE_OPERATORS,EDGE_COUNT,NUM_UNIQUE_OPERATORS,NODE_COUNT,HALSTEAD_LENGTH,HALSTEAD_DIFFICULTY,MODIFIED_CONDITION_COUNT,DECISION_COUNT,HALSTEAD_CONTENT,LOC_BLANK,LOC_EXECUTABLE,LOC_BLANK,MODIFIED_CONDITION_COUNT,NUMBER_OF_LINES,NORMALIZED_CYLOMATIC_COMPLEXITY,MAINTENANCE_SEVERITY,EDGE_COUNT,HALSTEAD_PROG_TIME
18,HALSTEAD_CONTENT,HALSTEAD_DIFFICULTY,LOC_TOTAL,NUM_UNIQUE_OPERATORS,HALSTEAD_EFFORT,PARAMETER_COUNT,NORMALIZED_CYLOMATIC_COMPLEXITY,DESIGN_COMPLEXITY,GLOBAL_DATA_COMPLEXITY,GLOBAL_DATA_COMPLEXITY,EDGE_COUNT,CYCLOMATIC_COMPLEXITY,NUM_OPERATORS,PARAMETER_COUNT,CONDITION_COUNT,DESIGN_COMPLEXITY,DESIGN_COMPLEXITY,LOC_TOTAL,LOC_EXECUTABLE,HALSTEAD_LEVEL,HALSTEAD_DIFFICULTY,LOC_COMMENTS,HALSTEAD_VOLUME,MAINTENANCE_SEVERITY,NODE_COUNT,NODE_COUNT,NUMBER_OF_LINES,HALSTEAD_DIFFICULTY,NUM_UNIQUE_OPERATORS
19,HALSTEAD_DIFFICULTY,HALSTEAD_VOLUME,ESSENTIAL_COMPLEXITY,HALSTEAD_LENGTH,HALSTEAD_VOLUME,NUM_OPERATORS,LOC_EXECUTABLE,NODE_COUNT,NUM_UNIQUE_OPERATORS,GLOBAL_DATA_DENSITY,ESSENTIAL_DENSITY,ESSENTIAL_COMPLEXITY,MODIFIED_CONDITION_COUNT,HALSTEAD_LENGTH,NUM_OPERANDS,DECISION_COUNT,NUM_UNIQUE_OPERANDS,HALSTEAD_DIFFICULTY,DESIGN_COMPLEXITY,NORMALIZED_CYLOMATIC_COMPLEXITY,HALSTEAD_PROG_TIME,LOC_BLANK,HALSTEAD_PROG_TIME,LOC_EXECUTABLE,MULTIPLE_CONDITION_COUNT,MULTIPLE_CONDITION_COUNT,HALSTEAD_VOLUME,CYCLOMATIC_DENSITY,NODE_COUNT
20,HALSTEAD_EFFORT,ESSENTIAL_DENSITY,NUM_OPERATORS,HALSTEAD_PROG_TIME,HALSTEAD_ERROR_EST,NUM_OPERANDS,HALSTEAD_VOLUME,MULTIPLE_CONDITION_COUNT,NUM_OPERATORS,HALSTEAD_DIFFICULTY,HALSTEAD_LEVEL,HALSTEAD_ERROR_EST,HALSTEAD_VOLUME,BRANCH_COUNT,LOC_BLANK,CONDITION_COUNT,HALSTEAD_PROG_TIME,HALSTEAD_VOLUME,CONDITION_COUNT,PERCENT_COMMENTS,NUM_OPERANDS,HALSTEAD_VOLUME,HALSTEAD_LEVEL,LOC_COMMENTS,MODIFIED_CONDITION_COUNT,LOC_COMMENTS,NORMALIZED_CYLOMATIC_COMPLEXITY,DECISION_COUNT,MULTIPLE_CONDITION_COUNT
21,HALSTEAD_ERROR_EST,MODIFIED_CONDITION_COUNT,HALSTEAD_LENGTH,MULTIPLE_CONDITION_COUNT,MULTIPLE_CONDITION_COUNT,NORMALIZED_CYLOMATIC_COMPLEXITY,HALSTEAD_CONTENT,MODIFIED_CONDITION_COUNT,NUM_OPERANDS,PARAMETER_COUNT,MAINTENANCE_SEVERITY,CYCLOMATIC_DENSITY,NODE_COUNT,HALSTEAD_LEVEL,LOC_TOTAL,NUMBER_OF_LINES,MULTIPLE_CONDITION_COUNT,NUM_UNIQUE_OPERATORS,HALSTEAD_LENGTH,NUM_UNIQUE_OPERATORS,HALSTEAD_ERROR_EST,HALSTEAD_PROG_TIME,HALSTEAD_LENGTH,LOC_CODE_AND_COMMENT,MAINTENANCE_SEVERITY,MAINTENANCE_SEVERITY,NUM_OPERANDS,MULTIPLE_CONDITION_COUNT,MODIFIED_CONDITION_COUNT
22,HALSTEAD_LENGTH,GLOBAL_DATA_DENSITY,NUM_UNIQUE_OPERANDS,HALSTEAD_CONTENT,HALSTEAD_LEVEL,NODE_COUNT,EDGE_COUNT,LOC_TOTAL,NODE_COUNT,MULTIPLE_CONDITION_COUNT,HALSTEAD_DIFFICULTY,LOC_BLANK,BRANCH_COUNT,ESSENTIAL_DENSITY,BRANCH_COUNT,NUM_UNIQUE_OPERATORS,EDGE_COUNT,DECISION_COUNT,NUM_OPERANDS,BRANCH_COUNT,BRANCH_COUNT,HALSTEAD_LEVEL,HALSTEAD_ERROR_EST,LOC_BLANK,HALSTEAD_ERROR_EST,HALSTEAD_VOLUME,HALSTEAD_CONTENT,HALSTEAD_ERROR_EST,MAINTENANCE_SEVERITY
23,HALSTEAD_LEVEL,NUM_UNIQUE_OPERANDS,NUM_OPERANDS,LOC_BLANK,NUM_UNIQUE_OPERATORS,MULTIPLE_CONDITION_COUNT,DESIGN_DENSITY,LOC_COMMENTS,MULTIPLE_CONDITION_COUNT,ESSENTIAL_DENSITY,NUM_OPERANDS,NUM_OPERANDS,CYCLOMATIC_COMPLEXITY,LOC_BLANK,DECISION_COUNT,MODIFIED_CONDITION_COUNT,HALSTEAD_EFFORT,BRANCH_COUNT,MODIFIED_CONDITION_COUNT,DECISION_COUNT,NUM_UNIQUE_OPERATORS,HALSTEAD_LENGTH,HALSTEAD_EFFORT,HALSTEAD_VOLUME,HALSTEAD_EFFORT,HALSTEAD_PROG_TIME,HALSTEAD_ERROR_EST,HALSTEAD_LEVEL,LOC_BLANK
24,HALSTEAD_PROG_TIME,HALSTEAD_LENGTH,CALL_PAIRS,DECISION_COUNT,PARAMETER_COUNT,MODIFIED_CONDITION_COUNT,CYCLOMATIC_COMPLEXITY,LOC_BLANK,MODIFIED_CONDITION_COUNT,DESIGN_DENSITY,CYCLOMATIC_DENSITY,DESIGN_DENSITY,LOC_TOTAL,LOC_COMMENTS,EDGE_COUNT,GLOBAL_DATA_COMPLEXITY,LOC_TOTAL,HALSTEAD_ERROR_EST,NUM_UNIQUE_OPERATORS,MULTIPLE_CONDITION_COUNT,HALSTEAD_LENGTH,HALSTEAD_ERROR_EST,HALSTEAD_DIFFICULTY,HALSTEAD_PROG_TIME,ESSENTIAL_COMPLEXITY,HALSTEAD_LENGTH,HALSTEAD_EFFORT,DESIGN_COMPLEXITY,HALSTEAD_ERROR_EST
25,HALSTEAD_VOLUME,LOC_COMMENTS,LOC_BLANK,BRANCH_COUNT,CONDITION_COUNT,LOC_TOTAL,BRANCH_COUNT,HALSTEAD_LEVEL,MAINTENANCE_SEVERITY,HALSTEAD_LEVEL,NUM_OPERATORS,HALSTEAD_DIFFICULTY,NUM_UNIQUE_OPERATORS,NUM_UNIQUE_OPERANDS,LOC_EXECUTABLE,CYCLOMATIC_COMPLEXITY,NODE_COUNT,CONDITION_COUNT,LOC_BLANK,CONDITION_COUNT,EDGE_COUNT,HALSTEAD_EFFORT,HALSTEAD_CONTENT,HALSTEAD_LEVEL,CYCLOMATIC_DENSITY,HALSTEAD_ERROR_EST,HALSTEAD_DIFFICULTY,HALSTEAD_EFFORT,HALSTEAD_DIFFICULTY
26,MAINTENANCE_SEVERITY,DECISION_COUNT,DESIGN_COMPLEXITY,LOC_COMMENTS,DESIGN_COMPLEXITY,LOC_BLANK,NUM_UNIQUE_OPERANDS,ESSENTIAL_COMPLEXITY,LOC_TOTAL,LOC_COMMENTS,CONDITION_COUNT,HALSTEAD_EFFORT,MAINTENANCE_SEVERITY,NORMALIZED_CYLOMATIC_COMPLEXITY,HALSTEAD_ERROR_EST,BRANCH_COUNT,PARAMETER_COUNT,GLOBAL_DATA_DENSITY,EDGE_COUNT,CYCLOMATIC_COMPLEXITY,DESIGN_COMPLEXITY,HALSTEAD_DIFFICULTY,GLOBAL_DATA_DENSITY,HALSTEAD_LENGTH,CALL_PAIRS,HALSTEAD_EFFORT,GLOBAL_DATA_DENSITY,NUM_OPERATORS,GLOBAL_DATA_DENSITY
27,MODIFIED_CONDITION_COUNT,NUM_UNIQUE_OPERATORS,BRANCH_COUNT,CONDITION_COUNT,HALSTEAD_LENGTH,HALSTEAD_VOLUME,LOC_TOTAL,EDGE_COUNT,LOC_BLANK,HALSTEAD_PROG_TIME,LOC_BLANK,HALSTEAD_VOLUME,DESIGN_DENSITY,CYCLOMATIC_COMPLEXITY,ESSENTIAL_DENSITY,LOC_BLANK,NUM_OPERATORS,MAINTENANCE_SEVERITY,NORMALIZED_CYLOMATIC_COMPLEXITY,LOC_COMMENTS,GLOBAL_DATA_DENSITY,HALSTEAD_CONTENT,GLOBAL_DATA_COMPLEXITY,HALSTEAD_ERROR_EST,PERCENT_COMMENTS,HALSTEAD_DIFFICULTY,GLOBAL_DATA_COMPLEXITY,MAINTENANCE_SEVERITY,EDGE_COUNT
28,MULTIPLE_CONDITION_COUNT,BRANCH_COUNT,MULTIPLE_CONDITION_COUNT,CYCLOMATIC_COMPLEXITY,MODIFIED_CONDITION_COUNT,HALSTEAD_PROG_TIME,CYCLOMATIC_DENSITY,DECISION_COUNT,HALSTEAD_PROG_TIME,HALSTEAD_VOLUME,MODIFIED_CONDITION_COUNT,HALSTEAD_PROG_TIME,CONDITION_COUNT,NUM_OPERANDS,GLOBAL_DATA_COMPLEXITY,PARAMETER_COUNT,NORMALIZED_CYLOMATIC_COMPLEXITY,NODE_COUNT,HALSTEAD_ERROR_EST,DESIGN_COMPLEXITY,MULTIPLE_CONDITION_COUNT,ESSENTIAL_DENSITY,ESSENTIAL_DENSITY,HALSTEAD_EFFORT,NORMALIZED_CYLOMATIC_COMPLEXITY,CONDITION_COUNT,PARAMETER_COUNT,LOC_CODE_AND_COMMENT,DESIGN_DENSITY
29,NODE_COUNT,HALSTEAD_ERROR_EST,CONDITION_COUNT,MODIFIED_CONDITION_COUNT,NODE_COUNT,HALSTEAD_LENGTH,PERCENT_COMMENTS,CYCLOMATIC_COMPLEXITY,HALSTEAD_LENGTH,LOC_TOTAL,LOC_EXECUTABLE,HALSTEAD_CONTENT,GLOBAL_DATA_DENSITY,MULTIPLE_CONDITION_COUNT,HALSTEAD_DIFFICULTY,NORMALIZED_CYLOMATIC_COMPLEXITY,MAINTENANCE_SEVERITY,HALSTEAD_LENGTH,MULTIPLE_CONDITION_COUNT,MODIFIED_CONDITION_COUNT,DECISION_COUNT,ESSENTIAL_COMPLEXITY,ESSENTIAL_COMPLEXITY,HALSTEAD_CONTENT,LOC_BLANK,GLOBAL_DATA_DENSITY,ESSENTIAL_DENSITY,HALSTEAD_LENGTH,DECISION_COUNT
30,NORMALIZED_CYLOMATIC_COMPLEXITY,DESIGN_COMPLEXITY,GLOBAL_DATA_COMPLEXITY,GLOBAL_DATA_COMPLEXITY,CYCLOMATIC_COMPLEXITY,HALSTEAD_ERROR_EST,NUMBER_OF_LINES,CONDITION_COUNT,HALSTEAD_ERROR_EST,NODE_COUNT,HALSTEAD_ERROR_EST,NORMALIZED_CYLOMATIC_COMPLEXITY,DESIGN_COMPLEXITY,MAINTENANCE_SEVERITY,CYCLOMATIC_COMPLEXITY,MULTIPLE_CONDITION_COUNT,HALSTEAD_VOLUME,CYCLOMATIC_COMPLEXITY,ESSENTIAL_DENSITY,LOC_BLANK,CYCLOMATIC_COMPLEXITY,EDGE_COUNT,EDGE_COUNT,GLOBAL_DATA_DENSITY,HALSTEAD_PROG_TIME,GLOBAL_DATA_COMPLEXITY,EDGE_COUNT,NUM_UNIQUE_OPERANDS,CYCLOMATIC_COMPLEXITY
31,NUM_OPERANDS,LOC_TOTAL,CYCLOMATIC_COMPLEXITY,ESSENTIAL_DENSITY,EDGE_COUNT,GLOBAL_DATA_DENSITY,NODE_COUNT,CALL_PAIRS,HALSTEAD_DIFFICULTY,HALSTEAD_LENGTH,ESSENTIAL_COMPLEXITY,LOC_EXECUTABLE,HALSTEAD_LENGTH,LOC_EXECUTABLE,DESIGN_COMPLEXITY,MAINTENANCE_SEVERITY,HALSTEAD_LEVEL,DESIGN_COMPLEXITY,CYCLOMATIC_COMPLEXITY,GLOBAL_DATA_COMPLEXITY,CONDITION_COUNT,DESIGN_DENSITY,DESIGN_DENSITY,GLOBAL_DATA_COMPLEXITY,HALSTEAD_CONTENT,PARAMETER_COUNT,DESIGN_DENSITY,HALSTEAD_PROG_TIME,CONDITION_COUNT
32,NUM_OPERATORS,NUM_OPERANDS,DECISION_COUNT,ESSENTIAL_COMPLEXITY,GLOBAL_DATA_DENSITY,GLOBAL_DATA_COMPLEXITY,MODIFIED_CONDITION_COUNT,BRANCH_COUNT,GLOBAL_DATA_DENSITY,HALSTEAD_EFFORT,DESIGN_DENSITY,NUMBER_OF_LINES,DECISION_COUNT,HALSTEAD_PROG_TIME,PARAMETER_COUNT,HALSTEAD_LEVEL,HALSTEAD_LENGTH,NUM_OPERATORS,BRANCH_COUNT,ESSENTIAL_DENSITY,MODIFIED_CONDITION_COUNT,DESIGN_COMPLEXITY,DESIGN_COMPLEXITY,ESSENTIAL_DENSITY,ESSENTIAL_DENSITY,LOC_EXECUTABLE,DESIGN_COMPLEXITY,ESSENTIAL_DENSITY,HALSTEAD_LENGTH
33,NUM_UNIQUE_OPERANDS,CYCLOMATIC_COMPLEXITY,MODIFIED_CONDITION_COUNT,DESIGN_COMPLEXITY,BRANCH_COUNT,DESIGN_DENSITY,HALSTEAD_LEVEL,NORMALIZED_CYLOMATIC_COMPLEXITY,EDGE_COUNT,HALSTEAD_ERROR_EST,MULTIPLE_CONDITION_COUNT,GLOBAL_DATA_DENSITY,MULTIPLE_CONDITION_COUNT,HALSTEAD_ERROR_EST,NORMALIZED_CYLOMATIC_COMPLEXITY,HALSTEAD_DIFFICULTY,HALSTEAD_ERROR_EST,NUM_OPERANDS,PARAMETER_COUNT,GLOBAL_DATA_DENSITY,LOC_TOTAL,DECISION_COUNT,DECISION_COUNT,ESSENTIAL_COMPLEXITY,EDGE_COUNT,CYCLOMATIC_COMPLEXITY,CYCLOMATIC_DENSITY,GLOBAL_DATA_DENSITY,LOC_TOTAL
34,NUM_UNIQUE_OPERATORS,PARAMETER_COUNT,HALSTEAD_ERROR_EST,PARAMETER_COUNT,NUM_OPERATORS,DESIGN_COMPLEXITY,HALSTEAD_LENGTH,MAINTENANCE_SEVERITY,DESIGN_DENSITY,NUM_UNIQUE_OPERATORS,LOC_TOTAL,LOC_TOTAL,HALSTEAD_LEVEL,GLOBAL_DATA_DENSITY,HALSTEAD_LEVEL,GLOBAL_DATA_DENSITY,GLOBAL_DATA_DENSITY,PARAMETER_COUNT,MAINTENANCE_SEVERITY,ESSENTIAL_COMPLEXITY,NUM_OPERATORS,CYCLOMATIC_COMPLEXITY,CYCLOMATIC_DENSITY,EDGE_COUNT,DESIGN_COMPLEXITY,EDGE_COUNT,CYCLOMATIC_COMPLEXITY,NUM_UNIQUE_OPERATORS,GLOBAL_DATA_COMPLEXITY
35,NUMBER_OF_LINES,DESIGN_DENSITY,ESSENTIAL_DENSITY,GLOBAL_DATA_DENSITY,LOC_TOTAL,DECISION_COUNT,GLOBAL_DATA_DENSITY,LOC_EXECUTABLE,DECISION_COUNT,DECISION_COUNT,DECISION_COUNT,HALSTEAD_LEVEL,HALSTEAD_DIFFICULTY,DESIGN_DENSITY,GLOBAL_DATA_DENSITY,ESSENTIAL_DENSITY,DESIGN_DENSITY,DESIGN_DENSITY,DESIGN_DENSITY,PARAMETER_COUNT,NODE_COUNT,CONDITION_COUNT,CONDITION_COUNT,DECISION_COUNT,CONDITION_COUNT,DESIGN_DENSITY,BRANCH_COUNT,GLOBAL_DATA_COMPLEXITY,BRANCH_COUNT
36,PERCENT_COMMENTS,MULTIPLE_CONDITION_COUNT,MAINTENANCE_SEVERITY,MAINTENANCE_SEVERITY,MAINTENANCE_SEVERITY,CYCLOMATIC_COMPLEXITY,ESSENTIAL_COMPLEXITY,CYCLOMATIC_DENSITY,CYCLOMATIC_COMPLEXITY,LOC_BLANK,PARAMETER_COUNT,HALSTEAD_LENGTH,HALSTEAD_EFFORT,DESIGN_COMPLEXITY,DESIGN_DENSITY,ESSENTIAL_COMPLEXITY,CONDITION_COUNT,MULTIPLE_CONDITION_COUNT,GLOBAL_DATA_COMPLEXITY,MAINTENANCE_SEVERITY,MAINTENANCE_SEVERITY,BRANCH_COUNT,CALL_PAIRS,CYCLOMATIC_COMPLEXITY,NUM_UNIQUE_OPERANDS,HALSTEAD_LEVEL,HALSTEAD_LENGTH,DESIGN_DENSITY,HALSTEAD_VOLUME
37,LOC_TOTAL,HALSTEAD_PROG_TIME,DESIGN_DENSITY,DESIGN_DENSITY,DESIGN_DENSITY,BRANCH_COUNT,CONDITION_COUNT,HALSTEAD_EFFORT,CONDITION_COUNT,DESIGN_COMPLEXITY,NUMBER_OF_LINES,PERCENT_COMMENTS,HALSTEAD_PROG_TIME,CONDITION_COUNT,MAINTENANCE_SEVERITY,DESIGN_DENSITY,BRANCH_COUNT,HALSTEAD_PROG_TIME,GLOBAL_DATA_DENSITY,DESIGN_DENSITY,DESIGN_DENSITY,LOC_CODE_AND_COMMENT,BRANCH_COUNT,BRANCH_COUNT,NUM_OPERATORS,LOC_BLANK,LOC_TOTAL,PARAMETER_COUNT,ESSENTIAL_DENSITY
