,att_original_names,shap_m1,shap_m2,shap_m3,shap_m4,eli5_m1,eli5_m2,eli5_m3,eli5_m4,dalex_m1,dalex_m2,dalex_m3,dalex_m4,ci_m1,ci_m2,ci_m3,ci_m4,skater_m1,skater_m2,skater_m3,skater_m4,lofo_m1,lofo_m2,lofo_m3,lofo_m4,exirt_m1,exirt_m2,exirt_m3,exirt_m4
0,V1,V6,V6,V7,V6,… 1 more …,… 1 more …,… 1 more …,… 1 more …,V9,V9,V9,V9,V2,V2,V6,V6,V6,V7,V7,V6,V6,V7,V7,V6,V7,V13,V7,V6
1,V2,V7,V7,V6,V7,V7,V7,V7,V6,V3,V4,V3,V3,V6,V4,V2,V2,V7,V6,V6,V7,V7,V6,V6,V7,V6,V7,V6,V7
2,V3,V2,V2,V2,V2,V6,V6,V6,V7,V4,V14,V5,V4,V3,V3,V3,V7,V2,V2,V1,V2,V2,V13,V2,V2,V11,V6,V2,V2
3,V4,V1,V1,V1,V1,V2,V2,V2,V2,V10,V3,V8,V10,V11,V11,V7,V13,V13,V13,V14,V1,V13,V2,V13,V13,V2,V2,V14,V13
4,V5,V14,V13,V14,V14,V13,V13,V13,V1,V8,V8,V4,V11,V10,V6,V4,V14,V1,V1,V13,V13,V1,V12,V14,V1,V12,V12,V13,V1
5,V6,V13,V14,V13,V13,V1,V1,V1,V13,V11,V10,V11,V8,V1,V5,V8,V11,V14,V12,V2,V14,V5,V1,V11,V5,V14,V9,V1,V11
6,V7,V12,V12,V10,V5,V12,V12,V14,V5,V5,V11,V10,V12,V14,V12,V10,V5,V12,V14,V12,V10,V11,V14,V1,V11,V13,V11,V12,V14
7,V8,V10,V10,V4,V10,V14,V11,V12,V8,V14,V5,V12,V14,V13,V10,V5,V3,V8,V8,V10,V5,V14,V5,V12,V3,V3,V1,V11,V12
8,V9,V5,V11,V12,V12,V5,V10,V4,V14,V12,V12,V14,V5,V12,V1,V14,V10,V10,V10,V4,V8,V8,V11,V5,V8,V1,V5,V4,V8
9,V10,V8,V5,V8,V11,V8,V8,V11,V10,V13,V1,V13,V13,V5,V7,V1,V9,V5,V11,V11,V12,V12,V8,V10,V4,V10,V3,V3,V4
10,V11,V11,V8,V11,V8,V10,V5,V10,V12,V1,V13,V1,V1,V7,V9,V9,V1,V11,V3,V3,V11,V3,V10,V8,V12,V5,V8,V10,V5
11,V12,V4,V4,V9,V4,V4,V14,V3,V11,V2,V2,V2,V2,V8,V13,V12,V12,V3,V5,V8,V4,V9,V4,V4,V9,V4,V14,V5,V3
12,V13,V3,V3,V3,V3,V11,V4,V5,V4,V6,V6,V6,V7,V9,V14,V11,V8,V4,V4,V5,V3,V10,V3,V3,V14,V9,V4,V9,V10
13,V14,V9,V9,V5,V9,V3,V3,V8,V3,V7,V7,V7,V6,V4,V8,V13,V4,V9,V9,V9,V9,V4,V9,V9,V10,V8,V10,V8,V9
