,att_original_names,shap_m1,shap_m2,shap_m3,shap_m4,eli5_m1,eli5_m2,eli5_m3,eli5_m4,dalex_m1,dalex_m2,dalex_m3,dalex_m4,ci_m1,ci_m2,ci_m3,ci_m4,skater_m1,skater_m2,skater_m3,skater_m4,lofo_m1,lofo_m2,lofo_m3,lofo_m4,exirt_m1,exirt_m2,exirt_m3,exirt_m4
0,BRANCH_COUNT,HALSTEAD_CONTENT,PARAMETER_COUNT,NUM_OPERANDS,HALSTEAD_PROG_TIME,… 1 more …,… 1 more …,… 1 more …,… 1 more …,HALSTEAD_DIFFICULTY,PERCENT_COMMENTS,NUM_OPERANDS,HALSTEAD_VOLUME,PERCENT_COMMENTS,PERCENT_COMMENTS,HALSTEAD_EFFORT,PERCENT_COMMENTS,NORMALIZED_CYLOMATIC_COMPLEXITY,PERCENT_COMMENTS,HALSTEAD_EFFORT,HALSTEAD_PROG_TIME,PERCENT_COMMENTS,PARAMETER_COUNT,ESSENTIAL_COMPLEXITY,HALSTEAD_ERROR_EST,PERCENT_COMMENTS,PERCENT_COMMENTS,BRANCH_COUNT,MAINTENANCE_SEVERITY
1,CALL_PAIRS,HALSTEAD_DIFFICULTY,CALL_PAIRS,HALSTEAD_EFFORT,HALSTEAD_EFFORT,NORMALIZED_CYLOMATIC_COMPLEXITY,HALSTEAD_PROG_TIME,PERCENT_COMMENTS,HALSTEAD_PROG_TIME,NORMALIZED_CYLOMATIC_COMPLEXITY,HALSTEAD_EFFORT,HALSTEAD_DIFFICULTY,HALSTEAD_PROG_TIME,EDGE_COUNT,NORMALIZED_CYLOMATIC_COMPLEXITY,PERCENT_COMMENTS,NUM_UNIQUE_OPERATORS,HALSTEAD_DIFFICULTY,NORMALIZED_CYLOMATIC_COMPLEXITY,HALSTEAD_LENGTH,HALSTEAD_DIFFICULTY,PARAMETER_COUNT,NUM_UNIQUE_OPERATORS,CYCLOMATIC_DENSITY,NORMALIZED_CYLOMATIC_COMPLEXITY,HALSTEAD_DIFFICULTY,CALL_PAIRS,HALSTEAD_LENGTH,HALSTEAD_PROG_TIME
2,LOC_CODE_AND_COMMENT,NORMALIZED_CYLOMATIC_COMPLEXITY,NORMALIZED_CYLOMATIC_COMPLEXITY,HALSTEAD_PROG_TIME,NUMBER_OF_LINES,HALSTEAD_DIFFICULTY,PARAMETER_COUNT,PARAMETER_COUNT,HALSTEAD_EFFORT,PERCENT_COMMENTS,CYCLOMATIC_DENSITY,PARAMETER_COUNT,CYCLOMATIC_DENSITY,LOC_COMMENTS,CALL_PAIRS,DESIGN_DENSITY,CYCLOMATIC_DENSITY,PERCENT_COMMENTS,HALSTEAD_PROG_TIME,HALSTEAD_PROG_TIME,HALSTEAD_EFFORT,NUM_UNIQUE_OPERATORS,NUM_UNIQUE_OPERANDS,PERCENT_COMMENTS,LOC_COMMENTS,NORMALIZED_CYLOMATIC_COMPLEXITY,NUM_UNIQUE_OPERANDS,HALSTEAD_LEVEL,NUM_UNIQUE_OPERATORS
3,LOC_COMMENTS,CALL_PAIRS,PERCENT_COMMENTS,HALSTEAD_LENGTH,HALSTEAD_DIFFICULTY,NUM_UNIQUE_OPERATORS,NUM_UNIQUE_OPERATORS,NUM_UNIQUE_OPERATORS,HALSTEAD_DIFFICULTY,HALSTEAD_CONTENT,HALSTEAD_DIFFICULTY,LOC_COMMENTS,HALSTEAD_EFFORT,CYCLOMATIC_DENSITY,NUM_UNIQUE_OPERATORS,NUM_UNIQUE_OPERANDS,DESIGN_DENSITY,HALSTEAD_CONTENT,CALL_PAIRS,HALSTEAD_DIFFICULTY,MAINTENANCE_SEVERITY,NUM_UNIQUE_OPERANDS,NUM_OPERATORS,PARAMETER_COUNT,NUM_OPERATORS,PARAMETER_COUNT,NORMALIZED_CYLOMATIC_COMPLEXITY,HALSTEAD_PROG_TIME,HALSTEAD_EFFORT
4,CONDITION_COUNT,CYCLOMATIC_DENSITY,HALSTEAD_EFFORT,EDGE_COUNT,NORMALIZED_CYLOMATIC_COMPLEXITY,NUM_OPERATORS,NUM_OPERATORS,NUM_UNIQUE_OPERANDS,MAINTENANCE_SEVERITY,HALSTEAD_VOLUME,HALSTEAD_LEVEL,HALSTEAD_ERROR_EST,HALSTEAD_DIFFICULTY,HALSTEAD_LENGTH,NUM_UNIQUE_OPERANDS,LOC_TOTAL,HALSTEAD_CONTENT,NUM_OPERANDS,NUM_UNIQUE_OPERANDS,HALSTEAD_VOLUME,HALSTEAD_LEVEL,NUM_OPERATORS,NUM_OPERANDS,NUM_UNIQUE_OPERATORS,NUMBER_OF_LINES,NUM_UNIQUE_OPERATORS,LOC_COMMENTS,HALSTEAD_VOLUME,HALSTEAD_LEVEL
5,CYCLOMATIC_COMPLEXITY,EDGE_COUNT,NUM_OPERANDS,HALSTEAD_DIFFICULTY,HALSTEAD_LEVEL,NUMBER_OF_LINES,NUM_OPERANDS,NUM_OPERATORS,HALSTEAD_LEVEL,HALSTEAD_EFFORT,LOC_COMMENTS,NORMALIZED_CYLOMATIC_COMPLEXITY,DESIGN_DENSITY,HALSTEAD_DIFFICULTY,BRANCH_COUNT,LOC_CODE_AND_COMMENT,HALSTEAD_LEVEL,PARAMETER_COUNT,HALSTEAD_EFFORT,NUM_OPERANDS,NUM_UNIQUE_OPERATORS,NUM_OPERANDS,NORMALIZED_CYLOMATIC_COMPLEXITY,NUM_UNIQUE_OPERANDS,EDGE_COUNT,NUM_UNIQUE_OPERANDS,NUM_UNIQUE_OPERATORS,MAINTENANCE_SEVERITY,PERCENT_COMMENTS
6,CYCLOMATIC_DENSITY,PARAMETER_COUNT,HALSTEAD_PROG_TIME,PERCENT_COMMENTS,HALSTEAD_VOLUME,NODE_COUNT,NUMBER_OF_LINES,NUM_OPERANDS,NUMBER_OF_LINES,LOC_COMMENTS,NUMBER_OF_LINES,DESIGN_DENSITY,HALSTEAD_CONTENT,CONDITION_COUNT,HALSTEAD_CONTENT,HALSTEAD_LENGTH,EDGE_COUNT,CONDITION_COUNT,NUM_OPERANDS,LOC_CODE_AND_COMMENT,NUM_UNIQUE_OPERANDS,NUMBER_OF_LINES,NODE_COUNT,NUM_OPERATORS,DESIGN_DENSITY,NUM_OPERATORS,BRANCH_COUNT,MODIFIED_CONDITION_COUNT,HALSTEAD_DIFFICULTY
7,DECISION_COUNT,HALSTEAD_LENGTH,HALSTEAD_LEVEL,LOC_TOTAL,CALL_PAIRS,MULTIPLE_CONDITION_COUNT,NORMALIZED_CYLOMATIC_COMPLEXITY,NUMBER_OF_LINES,NUM_UNIQUE_OPERANDS,CYCLOMATIC_DENSITY,HALSTEAD_ERROR_EST,BRANCH_COUNT,MAINTENANCE_SEVERITY,DECISION_DENSITY,MODIFIED_CONDITION_COUNT,HALSTEAD_CONTENT,NUM_UNIQUE_OPERANDS,NUM_UNIQUE_OPERANDS,PARAMETER_COUNT,NUM_UNIQUE_OPERANDS,NUMBER_OF_LINES,NODE_COUNT,MULTIPLE_CONDITION_COUNT,NUM_OPERANDS,DECISION_COUNT,NUM_OPERANDS,HALSTEAD_LENGTH,HALSTEAD_ERROR_EST,DESIGN_DENSITY
8,DECISION_DENSITY,HALSTEAD_EFFORT,HALSTEAD_LENGTH,NUM_UNIQUE_OPERANDS,DESIGN_DENSITY,MODIFIED_CONDITION_COUNT,NODE_COUNT,NORMALIZED_CYLOMATIC_COMPLEXITY,NUM_UNIQUE_OPERATORS,HALSTEAD_LENGTH,HALSTEAD_LENGTH,DESIGN_COMPLEXITY,HALSTEAD_LEVEL,HALSTEAD_CONTENT,HALSTEAD_DIFFICULTY,NUM_UNIQUE_OPERATORS,HALSTEAD_VOLUME,LOC_COMMENTS,HALSTEAD_LENGTH,NUM_OPERATORS,PERCENT_COMMENTS,MULTIPLE_CONDITION_COUNT,MAINTENANCE_SEVERITY,NUMBER_OF_LINES,PARAMETER_COUNT,NODE_COUNT,HALSTEAD_LEVEL,MULTIPLE_CONDITION_COUNT,CYCLOMATIC_DENSITY
9,DESIGN_COMPLEXITY,PERCENT_COMMENTS,HALSTEAD_CONTENT,NODE_COUNT,NUM_UNIQUE_OPERATORS,MAINTENANCE_SEVERITY,MULTIPLE_CONDITION_COUNT,NODE_COUNT,HALSTEAD_CONTENT,HALSTEAD_LEVEL,NORMALIZED_CYLOMATIC_COMPLEXITY,DECISION_DENSITY,PERCENT_COMMENTS,LOC_CODE_AND_COMMENT,CONDITION_COUNT,NODE_COUNT,CALL_PAIRS,CALL_PAIRS,EDGE_COUNT,LOC_TOTAL,HALSTEAD_CONTENT,MODIFIED_CONDITION_COUNT,LOC_TOTAL,NORMALIZED_CYLOMATIC_COMPLEXITY,MODIFIED_CONDITION_COUNT,HALSTEAD_ERROR_EST,HALSTEAD_PROG_TIME,NORMALIZED_CYLOMATIC_COMPLEXITY,NUM_UNIQUE_OPERANDS
10,DESIGN_DENSITY,HALSTEAD_LEVEL,HALSTEAD_DIFFICULTY,HALSTEAD_CONTENT,HALSTEAD_CONTENT,LOC_TOTAL,MODIFIED_CONDITION_COUNT,MULTIPLE_CONDITION_COUNT,CYCLOMATIC_DENSITY,NUM_UNIQUE_OPERANDS,NUM_UNIQUE_OPERATORS,MULTIPLE_CONDITION_COUNT,NODE_COUNT,NORMALIZED_CYLOMATIC_COMPLEXITY,MULTIPLE_CONDITION_COUNT,MULTIPLE_CONDITION_COUNT,NORMALIZED_CYLOMATIC_COMPLEXITY,LOC_EXECUTABLE,HALSTEAD_DIFFICULTY,EDGE_COUNT,CYCLOMATIC_DENSITY,MAINTENANCE_SEVERITY,LOC_EXECUTABLE,NODE_COUNT,LOC_EXECUTABLE,MODIFIED_CONDITION_COUNT,HALSTEAD_VOLUME,NUM_OPERANDS,NUMBER_OF_LINES
11,EDGE_COUNT,NUM_OPERANDS,NUM_OPERATORS,LOC_CODE_AND_COMMENT,CYCLOMATIC_DENSITY,LOC_EXECUTABLE,MAINTENANCE_SEVERITY,MODIFIED_CONDITION_COUNT,PARAMETER_COUNT,NUM_OPERANDS,MODIFIED_CONDITION_COUNT,HALSTEAD_PROG_TIME,LOC_EXECUTABLE,HALSTEAD_EFFORT,LOC_COMMENTS,MODIFIED_CONDITION_COUNT,NUM_OPERATORS,CYCLOMATIC_DENSITY,NUM_OPERATORS,HALSTEAD_ERROR_EST,CONDITION_COUNT,LOC_TOTAL,LOC_CODE_AND_COMMENT,MULTIPLE_CONDITION_COUNT,HALSTEAD_EFFORT,MAINTENANCE_SEVERITY,MAINTENANCE_SEVERITY,NUM_OPERATORS,HALSTEAD_CONTENT
12,ESSENTIAL_COMPLEXITY,NUM_UNIQUE_OPERATORS,CYCLOMATIC_DENSITY,NUM_OPERATORS,PERCENT_COMMENTS,LOC_CODE_AND_COMMENT,LOC_TOTAL,MAINTENANCE_SEVERITY,NUM_OPERATORS,MAINTENANCE_SEVERITY,ESSENTIAL_DENSITY,MODIFIED_CONDITION_COUNT,DECISION_COUNT,HALSTEAD_LEVEL,NUM_OPERANDS,HALSTEAD_VOLUME,HALSTEAD_DIFFICULTY,MAINTENANCE_SEVERITY,NUM_UNIQUE_OPERATORS,HALSTEAD_LEVEL,NORMALIZED_CYLOMATIC_COMPLEXITY,LOC_EXECUTABLE,HALSTEAD_VOLUME,MODIFIED_CONDITION_COUNT,NUM_OPERANDS,HALSTEAD_VOLUME,NODE_COUNT,NUM_UNIQUE_OPERANDS,CONDITION_COUNT
13,ESSENTIAL_DENSITY,NUM_UNIQUE_OPERANDS,NUM_UNIQUE_OPERATORS,NORMALIZED_CYLOMATIC_COMPLEXITY,PARAMETER_COUNT,HALSTEAD_VOLUME,LOC_EXECUTABLE,LOC_TOTAL,NUM_OPERANDS,CONDITION_COUNT,DECISION_DENSITY,LOC_EXECUTABLE,DECISION_DENSITY,ESSENTIAL_COMPLEXITY,LOC_EXECUTABLE,HALSTEAD_ERROR_EST,PARAMETER_COUNT,HALSTEAD_LEVEL,HALSTEAD_VOLUME,NODE_COUNT,HALSTEAD_VOLUME,LOC_CODE_AND_COMMENT,HALSTEAD_LENGTH,MAINTENANCE_SEVERITY,HALSTEAD_VOLUME,HALSTEAD_PROG_TIME,MULTIPLE_CONDITION_COUNT,NUM_UNIQUE_OPERATORS,NUM_OPERANDS
14,LOC_EXECUTABLE,CONDITION_COUNT,MAINTENANCE_SEVERITY,CYCLOMATIC_DENSITY,EDGE_COUNT,HALSTEAD_PROG_TIME,LOC_COMMENTS,LOC_EXECUTABLE,NORMALIZED_CYLOMATIC_COMPLEXITY,HALSTEAD_ERROR_EST,DESIGN_COMPLEXITY,CONDITION_COUNT,MULTIPLE_CONDITION_COUNT,NUM_OPERANDS,HALSTEAD_EFFORT,DECISION_DENSITY,LOC_CODE_AND_COMMENT,HALSTEAD_LENGTH,LOC_CODE_AND_COMMENT,CYCLOMATIC_DENSITY,PARAMETER_COUNT,HALSTEAD_VOLUME,HALSTEAD_ERROR_EST,LOC_TOTAL,HALSTEAD_PROG_TIME,HALSTEAD_LEVEL,NUM_OPERANDS,NUMBER_OF_LINES,NORMALIZED_CYLOMATIC_COMPLEXITY
15,PARAMETER_COUNT,MAINTENANCE_SEVERITY,NUM_UNIQUE_OPERANDS,NUMBER_OF_LINES,NUM_UNIQUE_OPERANDS,HALSTEAD_LEVEL,LOC_CODE_AND_COMMENT,LOC_COMMENTS,NODE_COUNT,DESIGN_DENSITY,MULTIPLE_CONDITION_COUNT,ESSENTIAL_COMPLEXITY,MODIFIED_CONDITION_COUNT,CALL_PAIRS,DESIGN_DENSITY,CONDITION_COUNT,LOC_TOTAL,EDGE_COUNT,HALSTEAD_ERROR_EST,NUM_UNIQUE_OPERATORS,EDGE_COUNT,HALSTEAD_PROG_TIME,HALSTEAD_EFFORT,LOC_EXECUTABLE,HALSTEAD_LEVEL,HALSTEAD_LENGTH,NUM_OPERATORS,NODE_COUNT,NUM_OPERATORS
16,HALSTEAD_CONTENT,LOC_COMMENTS,HALSTEAD_VOLUME,HALSTEAD_VOLUME,NUM_OPERATORS,HALSTEAD_LENGTH,HALSTEAD_VOLUME,LOC_CODE_AND_COMMENT,MULTIPLE_CONDITION_COUNT,DECISION_DENSITY,DECISION_COUNT,CYCLOMATIC_COMPLEXITY,HALSTEAD_ERROR_EST,NUM_UNIQUE_OPERATORS,DESIGN_COMPLEXITY,NUM_OPERATORS,LOC_COMMENTS,LOC_TOTAL,NODE_COUNT,NUMBER_OF_LINES,DESIGN_DENSITY,HALSTEAD_LEVEL,HALSTEAD_CONTENT,LOC_COMMENTS,HALSTEAD_LENGTH,NUMBER_OF_LINES,NUMBER_OF_LINES,HALSTEAD_EFFORT,MULTIPLE_CONDITION_COUNT
17,HALSTEAD_DIFFICULTY,NODE_COUNT,LOC_CODE_AND_COMMENT,HALSTEAD_LEVEL,MAINTENANCE_SEVERITY,HALSTEAD_ERROR_EST,HALSTEAD_LEVEL,HALSTEAD_VOLUME,MODIFIED_CONDITION_COUNT,DESIGN_COMPLEXITY,CONDITION_COUNT,ESSENTIAL_DENSITY,ESSENTIAL_DENSITY,LOC_EXECUTABLE,NUM_OPERATORS,NUM_OPERANDS,DECISION_DENSITY,HALSTEAD_EFFORT,HALSTEAD_CONTENT,PERCENT_COMMENTS,CALL_PAIRS,HALSTEAD_LENGTH,ESSENTIAL_COMPLEXITY,LOC_CODE_AND_COMMENT,DESIGN_COMPLEXITY,MULTIPLE_CONDITION_COUNT,MODIFIED_CONDITION_COUNT,HALSTEAD_DIFFICULTY,MODIFIED_CONDITION_COUNT
18,HALSTEAD_EFFORT,NUM_OPERATORS,EDGE_COUNT,NUM_UNIQUE_OPERATORS,LOC_TOTAL,HALSTEAD_EFFORT,HALSTEAD_LENGTH,HALSTEAD_PROG_TIME,LOC_TOTAL,CALL_PAIRS,NUM_OPERATORS,PERCENT_COMMENTS,ESSENTIAL_COMPLEXITY,DESIGN_DENSITY,HALSTEAD_LEVEL,MAINTENANCE_SEVERITY,MAINTENANCE_SEVERITY,NUM_OPERATORS,LOC_COMMENTS,HALSTEAD_CONTENT,LOC_TOTAL,HALSTEAD_ERROR_EST,DESIGN_DENSITY,HALSTEAD_VOLUME,BRANCH_COUNT,BRANCH_COUNT,HALSTEAD_ERROR_EST,HALSTEAD_CONTENT,HALSTEAD_VOLUME
19,HALSTEAD_ERROR_EST,HALSTEAD_ERROR_EST,NUMBER_OF_LINES,CALL_PAIRS,CONDITION_COUNT,ESSENTIAL_DENSITY,HALSTEAD_ERROR_EST,HALSTEAD_LEVEL,LOC_EXECUTABLE,MULTIPLE_CONDITION_COUNT,CYCLOMATIC_COMPLEXITY,EDGE_COUNT,CYCLOMATIC_COMPLEXITY,NUM_UNIQUE_OPERANDS,HALSTEAD_ERROR_EST,LOC_EXECUTABLE,NODE_COUNT,CYCLOMATIC_COMPLEXITY,LOC_TOTAL,NORMALIZED_CYLOMATIC_COMPLEXITY,NUM_OPERATORS,HALSTEAD_EFFORT,DECISION_DENSITY,HALSTEAD_PROG_TIME,CONDITION_COUNT,HALSTEAD_CONTENT,HALSTEAD_DIFFICULTY,CALL_PAIRS,NODE_COUNT
20,HALSTEAD_LENGTH,LOC_EXECUTABLE,DESIGN_DENSITY,MAINTENANCE_SEVERITY,LOC_CODE_AND_COMMENT,ESSENTIAL_COMPLEXITY,HALSTEAD_EFFORT,HALSTEAD_LENGTH,LOC_COMMENTS,MODIFIED_CONDITION_COUNT,LOC_TOTAL,NUM_UNIQUE_OPERATORS,BRANCH_COUNT,NUM_OPERATORS,ESSENTIAL_COMPLEXITY,HALSTEAD_LEVEL,NUM_OPERANDS,DESIGN_DENSITY,HALSTEAD_LEVEL,CALL_PAIRS,LOC_CODE_AND_COMMENT,HALSTEAD_DIFFICULTY,CYCLOMATIC_DENSITY,HALSTEAD_LEVEL,NUM_UNIQUE_OPERATORS,CALL_PAIRS,HALSTEAD_CONTENT,LOC_CODE_AND_COMMENT,BRANCH_COUNT
21,HALSTEAD_LEVEL,HALSTEAD_VOLUME,HALSTEAD_ERROR_EST,LOC_COMMENTS,NODE_COUNT,EDGE_COUNT,HALSTEAD_DIFFICULTY,HALSTEAD_ERROR_EST,LOC_CODE_AND_COMMENT,HALSTEAD_PROG_TIME,ESSENTIAL_COMPLEXITY,HALSTEAD_LENGTH,NUM_OPERANDS,PARAMETER_COUNT,CYCLOMATIC_DENSITY,HALSTEAD_DIFFICULTY,NUMBER_OF_LINES,DECISION_DENSITY,CYCLOMATIC_DENSITY,LOC_EXECUTABLE,NODE_COUNT,HALSTEAD_CONTENT,BRANCH_COUNT,HALSTEAD_LENGTH,PERCENT_COMMENTS,LOC_CODE_AND_COMMENT,PARAMETER_COUNT,LOC_COMMENTS,HALSTEAD_ERROR_EST
22,HALSTEAD_PROG_TIME,NUMBER_OF_LINES,LOC_COMMENTS,PARAMETER_COUNT,LOC_EXECUTABLE,DESIGN_DENSITY,HALSTEAD_CONTENT,HALSTEAD_EFFORT,HALSTEAD_VOLUME,ESSENTIAL_DENSITY,MAINTENANCE_SEVERITY,NODE_COUNT,PARAMETER_COUNT,LOC_TOTAL,LOC_CODE_AND_COMMENT,CYCLOMATIC_DENSITY,MULTIPLE_CONDITION_COUNT,HALSTEAD_ERROR_EST,MAINTENANCE_SEVERITY,MAINTENANCE_SEVERITY,LOC_EXECUTABLE,ESSENTIAL_DENSITY,PERCENT_COMMENTS,HALSTEAD_ERROR_EST,NODE_COUNT,LOC_COMMENTS,LOC_EXECUTABLE,CONDITION_COUNT,PARAMETER_COUNT
23,HALSTEAD_VOLUME,LOC_TOTAL,NODE_COUNT,CYCLOMATIC_COMPLEXITY,LOC_COMMENTS,DESIGN_COMPLEXITY,ESSENTIAL_DENSITY,HALSTEAD_DIFFICULTY,HALSTEAD_LENGTH,LOC_CODE_AND_COMMENT,HALSTEAD_VOLUME,CALL_PAIRS,CONDITION_COUNT,NODE_COUNT,NODE_COUNT,CALL_PAIRS,MODIFIED_CONDITION_COUNT,NUM_UNIQUE_OPERATORS,DESIGN_DENSITY,PARAMETER_COUNT,LOC_COMMENTS,ESSENTIAL_COMPLEXITY,NUMBER_OF_LINES,HALSTEAD_EFFORT,MULTIPLE_CONDITION_COUNT,CONDITION_COUNT,ESSENTIAL_DENSITY,CYCLOMATIC_COMPLEXITY,LOC_EXECUTABLE
24,MAINTENANCE_SEVERITY,DECISION_DENSITY,ESSENTIAL_DENSITY,CONDITION_COUNT,DESIGN_COMPLEXITY,DECISION_DENSITY,ESSENTIAL_COMPLEXITY,HALSTEAD_CONTENT,HALSTEAD_ERROR_EST,BRANCH_COUNT,DESIGN_DENSITY,CYCLOMATIC_DENSITY,LOC_CODE_AND_COMMENT,NUMBER_OF_LINES,EDGE_COUNT,PARAMETER_COUNT,LOC_EXECUTABLE,NUMBER_OF_LINES,NUMBER_OF_LINES,DECISION_COUNT,HALSTEAD_LENGTH,EDGE_COUNT,MODIFIED_CONDITION_COUNT,HALSTEAD_DIFFICULTY,MAINTENANCE_SEVERITY,CYCLOMATIC_COMPLEXITY,ESSENTIAL_COMPLEXITY,CYCLOMATIC_DENSITY,ESSENTIAL_DENSITY
25,MODIFIED_CONDITION_COUNT,DESIGN_DENSITY,MULTIPLE_CONDITION_COUNT,HALSTEAD_ERROR_EST,HALSTEAD_LENGTH,DECISION_COUNT,EDGE_COUNT,ESSENTIAL_DENSITY,ESSENTIAL_DENSITY,DECISION_COUNT,BRANCH_COUNT,MAINTENANCE_SEVERITY,HALSTEAD_LENGTH,MODIFIED_CONDITION_COUNT,PARAMETER_COUNT,NORMALIZED_CYLOMATIC_COMPLEXITY,HALSTEAD_PROG_TIME,NODE_COUNT,DECISION_DENSITY,LOC_COMMENTS,MULTIPLE_CONDITION_COUNT,DESIGN_DENSITY,LOC_COMMENTS,HALSTEAD_CONTENT,LOC_CODE_AND_COMMENT,CYCLOMATIC_DENSITY,EDGE_COUNT,DECISION_COUNT,ESSENTIAL_COMPLEXITY
26,MULTIPLE_CONDITION_COUNT,LOC_CODE_AND_COMMENT,LOC_TOTAL,LOC_EXECUTABLE,NUM_OPERANDS,CYCLOMATIC_COMPLEXITY,DESIGN_DENSITY,ESSENTIAL_COMPLEXITY,ESSENTIAL_COMPLEXITY,ESSENTIAL_COMPLEXITY,LOC_EXECUTABLE,HALSTEAD_VOLUME,DESIGN_COMPLEXITY,BRANCH_COUNT,LOC_TOTAL,LOC_COMMENTS,HALSTEAD_LENGTH,HALSTEAD_VOLUME,CYCLOMATIC_COMPLEXITY,CONDITION_COUNT,DESIGN_COMPLEXITY,DESIGN_COMPLEXITY,HALSTEAD_PROG_TIME,ESSENTIAL_DENSITY,ESSENTIAL_DENSITY,HALSTEAD_EFFORT,DESIGN_DENSITY,DECISION_DENSITY,EDGE_COUNT
27,NODE_COUNT,CYCLOMATIC_COMPLEXITY,CONDITION_COUNT,DECISION_COUNT,DECISION_DENSITY,CALL_PAIRS,DESIGN_COMPLEXITY,EDGE_COUNT,EDGE_COUNT,NODE_COUNT,EDGE_COUNT,NUM_UNIQUE_OPERANDS,LOC_COMMENTS,MAINTENANCE_SEVERITY,NUMBER_OF_LINES,DECISION_COUNT,HALSTEAD_ERROR_EST,ESSENTIAL_COMPLEXITY,MODIFIED_CONDITION_COUNT,MODIFIED_CONDITION_COUNT,DECISION_DENSITY,DECISION_DENSITY,HALSTEAD_LEVEL,EDGE_COUNT,ESSENTIAL_COMPLEXITY,DECISION_COUNT,DESIGN_COMPLEXITY,DESIGN_COMPLEXITY,DESIGN_COMPLEXITY
28,NORMALIZED_CYLOMATIC_COMPLEXITY,BRANCH_COUNT,BRANCH_COUNT,DESIGN_DENSITY,MULTIPLE_CONDITION_COUNT,BRANCH_COUNT,DECISION_DENSITY,DESIGN_DENSITY,DESIGN_DENSITY,LOC_TOTAL,NUM_OPERANDS,NUMBER_OF_LINES,NUM_OPERATORS,HALSTEAD_VOLUME,DECISION_COUNT,NUMBER_OF_LINES,HALSTEAD_EFFORT,MODIFIED_CONDITION_COUNT,LOC_EXECUTABLE,MULTIPLE_CONDITION_COUNT,NUM_OPERANDS,DECISION_COUNT,ESSENTIAL_DENSITY,DESIGN_DENSITY,DECISION_DENSITY,DESIGN_COMPLEXITY,DECISION_DENSITY,DESIGN_DENSITY,DECISION_DENSITY
29,NUM_OPERANDS,DESIGN_COMPLEXITY,CYCLOMATIC_COMPLEXITY,DECISION_DENSITY,DECISION_COUNT,PERCENT_COMMENTS,DECISION_COUNT,DESIGN_COMPLEXITY,DESIGN_COMPLEXITY,NUM_UNIQUE_OPERATORS,HALSTEAD_CONTENT,HALSTEAD_EFFORT,LOC_TOTAL,DECISION_COUNT,CYCLOMATIC_COMPLEXITY,EDGE_COUNT,ESSENTIAL_DENSITY,LOC_CODE_AND_COMMENT,CONDITION_COUNT,DESIGN_COMPLEXITY,DECISION_COUNT,CYCLOMATIC_DENSITY,EDGE_COUNT,DESIGN_COMPLEXITY,CYCLOMATIC_DENSITY,DESIGN_DENSITY,DECISION_COUNT,EDGE_COUNT,DECISION_COUNT
30,NUM_OPERATORS,DECISION_COUNT,MODIFIED_CONDITION_COUNT,MULTIPLE_CONDITION_COUNT,HALSTEAD_ERROR_EST,NUM_UNIQUE_OPERANDS,CYCLOMATIC_DENSITY,DECISION_DENSITY,DECISION_DENSITY,NUMBER_OF_LINES,LOC_CODE_AND_COMMENT,DECISION_COUNT,NUM_UNIQUE_OPERANDS,HALSTEAD_ERROR_EST,HALSTEAD_LENGTH,BRANCH_COUNT,ESSENTIAL_COMPLEXITY,BRANCH_COUNT,MULTIPLE_CONDITION_COUNT,DESIGN_DENSITY,MODIFIED_CONDITION_COUNT,CYCLOMATIC_COMPLEXITY,DESIGN_COMPLEXITY,DECISION_DENSITY,CYCLOMATIC_COMPLEXITY,EDGE_COUNT,CYCLOMATIC_DENSITY,ESSENTIAL_COMPLEXITY,CYCLOMATIC_COMPLEXITY
31,NUM_UNIQUE_OPERANDS,ESSENTIAL_COMPLEXITY,LOC_EXECUTABLE,MODIFIED_CONDITION_COUNT,MODIFIED_CONDITION_COUNT,LOC_COMMENTS,CYCLOMATIC_COMPLEXITY,DECISION_COUNT,DECISION_COUNT,EDGE_COUNT,CALL_PAIRS,LOC_CODE_AND_COMMENT,CALL_PAIRS,CYCLOMATIC_COMPLEXITY,HALSTEAD_VOLUME,HALSTEAD_PROG_TIME,DESIGN_COMPLEXITY,DECISION_COUNT,BRANCH_COUNT,CYCLOMATIC_COMPLEXITY,HALSTEAD_ERROR_EST,CONDITION_COUNT,DECISION_COUNT,DECISION_COUNT,CALL_PAIRS,ESSENTIAL_COMPLEXITY,CYCLOMATIC_COMPLEXITY,ESSENTIAL_DENSITY,LOC_COMMENTS
32,NUM_UNIQUE_OPERATORS,MODIFIED_CONDITION_COUNT,DECISION_COUNT,BRANCH_COUNT,ESSENTIAL_DENSITY,CONDITION_COUNT,CONDITION_COUNT,CYCLOMATIC_DENSITY,CYCLOMATIC_COMPLEXITY,CYCLOMATIC_COMPLEXITY,NUM_UNIQUE_OPERANDS,HALSTEAD_LEVEL,NORMALIZED_CYLOMATIC_COMPLEXITY,DESIGN_COMPLEXITY,HALSTEAD_PROG_TIME,ESSENTIAL_DENSITY,DECISION_COUNT,DESIGN_COMPLEXITY,DECISION_COUNT,BRANCH_COUNT,ESSENTIAL_DENSITY,CALL_PAIRS,CYCLOMATIC_COMPLEXITY,CYCLOMATIC_COMPLEXITY,NUM_UNIQUE_OPERANDS,ESSENTIAL_DENSITY,CONDITION_COUNT,LOC_EXECUTABLE,LOC_CODE_AND_COMMENT
33,NUMBER_OF_LINES,ESSENTIAL_DENSITY,DESIGN_COMPLEXITY,DESIGN_COMPLEXITY,ESSENTIAL_COMPLEXITY,PARAMETER_COUNT,BRANCH_COUNT,CYCLOMATIC_COMPLEXITY,CALL_PAIRS,NUM_OPERATORS,HALSTEAD_PROG_TIME,HALSTEAD_CONTENT,NUMBER_OF_LINES,MULTIPLE_CONDITION_COUNT,DECISION_DENSITY,ESSENTIAL_COMPLEXITY,CYCLOMATIC_COMPLEXITY,ESSENTIAL_DENSITY,DESIGN_COMPLEXITY,DECISION_DENSITY,ESSENTIAL_COMPLEXITY,BRANCH_COUNT,CONDITION_COUNT,CONDITION_COUNT,HALSTEAD_CONTENT,LOC_EXECUTABLE,LOC_CODE_AND_COMMENT,PARAMETER_COUNT,CALL_PAIRS
34,PERCENT_COMMENTS,MULTIPLE_CONDITION_COUNT,DECISION_DENSITY,ESSENTIAL_DENSITY,CYCLOMATIC_COMPLEXITY,HALSTEAD_CONTENT,PERCENT_COMMENTS,CONDITION_COUNT,BRANCH_COUNT,LOC_EXECUTABLE,NODE_COUNT,LOC_TOTAL,EDGE_COUNT,HALSTEAD_PROG_TIME,MAINTENANCE_SEVERITY,DESIGN_COMPLEXITY,CONDITION_COUNT,MULTIPLE_CONDITION_COUNT,ESSENTIAL_DENSITY,ESSENTIAL_DENSITY,CYCLOMATIC_COMPLEXITY,NORMALIZED_CYLOMATIC_COMPLEXITY,CALL_PAIRS,CALL_PAIRS,LOC_TOTAL,DECISION_DENSITY,HALSTEAD_EFFORT,PERCENT_COMMENTS,HALSTEAD_LENGTH
35,LOC_TOTAL,HALSTEAD_PROG_TIME,ESSENTIAL_COMPLEXITY,ESSENTIAL_COMPLEXITY,BRANCH_COUNT,CYCLOMATIC_DENSITY,CALL_PAIRS,CALL_PAIRS,CONDITION_COUNT,PARAMETER_COUNT,PARAMETER_COUNT,NUM_OPERATORS,NUM_UNIQUE_OPERATORS,ESSENTIAL_DENSITY,ESSENTIAL_DENSITY,CYCLOMATIC_COMPLEXITY,BRANCH_COUNT,HALSTEAD_PROG_TIME,ESSENTIAL_COMPLEXITY,ESSENTIAL_COMPLEXITY,BRANCH_COUNT,LOC_COMMENTS,HALSTEAD_DIFFICULTY,BRANCH_COUNT,HALSTEAD_DIFFICULTY,LOC_TOTAL,LOC_TOTAL,LOC_TOTAL,LOC_TOTAL
