{
"meta":{"test_sets":[],"test_metrics":[],"learn_metrics":[{"best_value":"Min","name":"Logloss"}],"launch_mode":"Train","parameters":"","iteration_count":1000,"learn_sets":["learn"],"name":"experiment"},
"iterations":[
{"learn":[0.6907955398],"iteration":0,"passed_time":0.001057594504,"remaining_time":1.05653691},
{"learn":[0.6885705317],"iteration":1,"passed_time":0.001603772217,"remaining_time":0.8002823361},
{"learn":[0.6863929844],"iteration":2,"passed_time":0.002451494065,"remaining_time":0.8147131942},
{"learn":[0.6842807737],"iteration":3,"passed_time":0.003285415279,"remaining_time":0.8180684045},
{"learn":[0.6820102891],"iteration":4,"passed_time":0.004094636155,"remaining_time":0.8148325948},
{"learn":[0.6798608977],"iteration":5,"passed_time":0.004465851468,"remaining_time":0.7398427265},
{"learn":[0.6773494355],"iteration":6,"passed_time":0.005269182485,"remaining_time":0.7474711725},
{"learn":[0.6746483856],"iteration":7,"passed_time":0.006069633462,"remaining_time":0.7526345493},
{"learn":[0.6722221541],"iteration":8,"passed_time":0.007364971227,"remaining_time":0.8109651651},
{"learn":[0.6688474944],"iteration":9,"passed_time":0.007952169058,"remaining_time":0.7872647367},
{"learn":[0.666700712],"iteration":10,"passed_time":0.009047904085,"remaining_time":0.8134888309},
{"learn":[0.6649925406],"iteration":11,"passed_time":0.009968896715,"remaining_time":0.8207724962},
{"learn":[0.6635339192],"iteration":12,"passed_time":0.01089990948,"remaining_time":0.8275546662},
{"learn":[0.6614193692],"iteration":13,"passed_time":0.01150819783,"remaining_time":0.8105059326},
{"learn":[0.6587350652],"iteration":14,"passed_time":0.01240073007,"remaining_time":0.8143146077},
{"learn":[0.6550396388],"iteration":15,"passed_time":0.0126726938,"remaining_time":0.7793706684},
{"learn":[0.6523381823],"iteration":16,"passed_time":0.01322095154,"remaining_time":0.76448208},
{"learn":[0.6502479119],"iteration":17,"passed_time":0.01405961326,"remaining_time":0.7670300123},
{"learn":[0.6483866758],"iteration":18,"passed_time":0.014607391,"remaining_time":0.7542026614},
{"learn":[0.6462056148],"iteration":19,"passed_time":0.01546410274,"remaining_time":0.7577410345},
{"learn":[0.6437864362],"iteration":20,"passed_time":0.01630708453,"remaining_time":0.7602207501},
{"learn":[0.641676339],"iteration":21,"passed_time":0.01713051582,"remaining_time":0.7615292942},
{"learn":[0.6392439897],"iteration":22,"passed_time":0.01793169703,"remaining_time":0.7617073043},
{"learn":[0.6374502202],"iteration":23,"passed_time":0.01876015817,"remaining_time":0.7629130989},
{"learn":[0.6348556769],"iteration":24,"passed_time":0.01931135551,"remaining_time":0.7531428647},
{"learn":[0.6331720245],"iteration":25,"passed_time":0.01986987339,"remaining_time":0.7443560262},
{"learn":[0.6300551891],"iteration":26,"passed_time":0.0202572787,"remaining_time":0.7300123028},
{"learn":[0.6277070808],"iteration":27,"passed_time":0.02079027579,"remaining_time":0.7217195738},
{"learn":[0.6252685179],"iteration":28,"passed_time":0.02132214308,"remaining_time":0.7139241701},
{"learn":[0.6233460151],"iteration":29,"passed_time":0.02212875414,"remaining_time":0.715496384},
{"learn":[0.6206432679],"iteration":30,"passed_time":0.02265434135,"remaining_time":0.7081308636},
{"learn":[0.6189368387],"iteration":31,"passed_time":0.02346630271,"remaining_time":0.709855657},
{"learn":[0.6170716911],"iteration":32,"passed_time":0.02427207376,"remaining_time":0.7112453129},
{"learn":[0.6148898181],"iteration":33,"passed_time":0.02517529637,"remaining_time":0.7152745969},
{"learn":[0.6130310277],"iteration":34,"passed_time":0.0261105092,"remaining_time":0.7199040392},
{"learn":[0.61036692],"iteration":35,"passed_time":0.02694820068,"remaining_time":0.7216129294},
{"learn":[0.6082420916],"iteration":36,"passed_time":0.02777875207,"remaining_time":0.722998331},
{"learn":[0.6060823525],"iteration":37,"passed_time":0.02862228364,"remaining_time":0.7245957069},
{"learn":[0.6039339998],"iteration":38,"passed_time":0.02915260114,"remaining_time":0.7183499921},
{"learn":[0.6020682982],"iteration":39,"passed_time":0.02998265252,"remaining_time":0.7195836605},
{"learn":[0.599938248],"iteration":40,"passed_time":0.03081863376,"remaining_time":0.7208553605},
{"learn":[0.5979738421],"iteration":41,"passed_time":0.03164583489,"remaining_time":0.7218264243},
{"learn":[0.5961875319],"iteration":42,"passed_time":0.0324983368,"remaining_time":0.7232769376},
{"learn":[0.5941021716],"iteration":43,"passed_time":0.03333059844,"remaining_time":0.7241830024},
{"learn":[0.5923251773],"iteration":44,"passed_time":0.03413395923,"remaining_time":0.7243984681},
{"learn":[0.5906964159],"iteration":45,"passed_time":0.03497494054,"remaining_time":0.7253498538},
{"learn":[0.5884745307],"iteration":46,"passed_time":0.03585600285,"remaining_time":0.7270376747},
{"learn":[0.5865099801],"iteration":47,"passed_time":0.03669993442,"remaining_time":0.7278820327},
{"learn":[0.5846640937],"iteration":48,"passed_time":0.03751033576,"remaining_time":0.7280067205},
{"learn":[0.5827990741],"iteration":49,"passed_time":0.03832920699,"remaining_time":0.7282549328},
{"learn":[0.5809628309],"iteration":50,"passed_time":0.03918775876,"remaining_time":0.7291996679},
{"learn":[0.5797122883],"iteration":51,"passed_time":0.04000078013,"remaining_time":0.7292449917},
{"learn":[0.5782201652],"iteration":52,"passed_time":0.04050622707,"remaining_time":0.7237622081},
{"learn":[0.5755033718],"iteration":53,"passed_time":0.04078251085,"remaining_time":0.7144491716},
{"learn":[0.5730598246],"iteration":54,"passed_time":0.04130171797,"remaining_time":0.7096386088},
{"learn":[0.571696301],"iteration":55,"passed_time":0.0421131091,"remaining_time":0.7099066963},
{"learn":[0.5702208554],"iteration":56,"passed_time":0.04291586011,"remaining_time":0.7099939664},
{"learn":[0.5686809929],"iteration":57,"passed_time":0.04374127143,"remaining_time":0.7104185808},
{"learn":[0.5672746731],"iteration":58,"passed_time":0.04457482286,"remaining_time":0.7109306494},
{"learn":[0.5658065618],"iteration":59,"passed_time":0.04539019405,"remaining_time":0.71111304},
{"learn":[0.5643115552],"iteration":60,"passed_time":0.04622630551,"remaining_time":0.7115819816},
{"learn":[0.561752332],"iteration":61,"passed_time":0.04657972058,"remaining_time":0.7047060952},
{"learn":[0.5604332461],"iteration":62,"passed_time":0.0474053319,"remaining_time":0.7050602539},
{"learn":[0.5580167751],"iteration":63,"passed_time":0.04777626677,"remaining_time":0.6987279015},
{"learn":[0.5563382252],"iteration":64,"passed_time":0.04828588353,"remaining_time":0.6945738632},
{"learn":[0.5547544429],"iteration":65,"passed_time":0.04911391489,"remaining_time":0.6950363107},
{"learn":[0.5530410907],"iteration":66,"passed_time":0.04963775185,"remaining_time":0.6912242161},
{"learn":[0.5514429622],"iteration":67,"passed_time":0.05046063336,"remaining_time":0.6916075043},
{"learn":[0.5498014249],"iteration":68,"passed_time":0.05125378424,"remaining_time":0.691554683},
{"learn":[0.5478288492],"iteration":69,"passed_time":0.05177978167,"remaining_time":0.6879313851},
{"learn":[0.5463921144],"iteration":70,"passed_time":0.05258450293,"remaining_time":0.6880422989},
{"learn":[0.5451181072],"iteration":71,"passed_time":0.05338728416,"remaining_time":0.6881027737},
{"learn":[0.5433455442],"iteration":72,"passed_time":0.05417537497,"remaining_time":0.6879530493},
{"learn":[0.5413592096],"iteration":73,"passed_time":0.05497399615,"remaining_time":0.6879178437},
{"learn":[0.5395823531],"iteration":74,"passed_time":0.05579103757,"remaining_time":0.6880894634},
{"learn":[0.5378743488],"iteration":75,"passed_time":0.05660119891,"remaining_time":0.6881514183},
{"learn":[0.5358757455],"iteration":76,"passed_time":0.05740466992,"remaining_time":0.6881105239},
{"learn":[0.534905289],"iteration":77,"passed_time":0.05765524358,"remaining_time":0.6815145459},
{"learn":[0.5336455019],"iteration":78,"passed_time":0.05845448432,"remaining_time":0.681475697},
{"learn":[0.532472077],"iteration":79,"passed_time":0.06081242688,"remaining_time":0.6993429091},
{"learn":[0.5312289429],"iteration":80,"passed_time":0.06208383454,"remaining_time":0.7043832586},
{"learn":[0.529616223],"iteration":81,"passed_time":0.06335825202,"remaining_time":0.709303358},
{"learn":[0.5281674794],"iteration":82,"passed_time":0.06373254693,"remaining_time":0.7041294643},
{"learn":[0.5263926993],"iteration":83,"passed_time":0.06503221497,"remaining_time":0.7091608204},
{"learn":[0.5245895483],"iteration":84,"passed_time":0.06610285988,"remaining_time":0.7115778446},
{"learn":[0.5231822065],"iteration":85,"passed_time":0.07071063329,"remaining_time":0.7515060329},
{"learn":[0.5214913908],"iteration":86,"passed_time":0.0730311149,"remaining_time":0.7664069874},
{"learn":[0.5197112648],"iteration":87,"passed_time":0.07397705809,"remaining_time":0.7666713293},
{"learn":[0.5180685481],"iteration":88,"passed_time":0.07487194059,"remaining_time":0.7663858188},
{"learn":[0.5169644297],"iteration":89,"passed_time":0.07575414291,"remaining_time":0.7659585561},
{"learn":[0.5147712543],"iteration":90,"passed_time":0.07613752816,"remaining_time":0.7605386055},
{"learn":[0.5133879732],"iteration":91,"passed_time":0.07699950976,"remaining_time":0.7599516833},
{"learn":[0.512587731],"iteration":92,"passed_time":0.07727011347,"remaining_time":0.7535913217},
{"learn":[0.5108908307],"iteration":93,"passed_time":0.07811391527,"remaining_time":0.7528851833},
{"learn":[0.5094351348],"iteration":94,"passed_time":0.0783731886,"remaining_time":0.7466077441},
{"learn":[0.5078095286],"iteration":95,"passed_time":0.07918127968,"remaining_time":0.745623717},
{"learn":[0.505786332],"iteration":96,"passed_time":0.07957504508,"remaining_time":0.7407862444},
{"learn":[0.5046471865],"iteration":97,"passed_time":0.08048150774,"remaining_time":0.7407583671},
{"learn":[0.5026302983],"iteration":98,"passed_time":0.08101257502,"remaining_time":0.7372962636},
{"learn":[0.5005049911],"iteration":99,"passed_time":0.08129759893,"remaining_time":0.7316783904},
{"learn":[0.4994583872],"iteration":100,"passed_time":0.08181948609,"remaining_time":0.7282744356},
{"learn":[0.4979436798],"iteration":101,"passed_time":0.0821063998,"remaining_time":0.7228583041},
{"learn":[0.4969092246],"iteration":102,"passed_time":0.08292292078,"remaining_time":0.72215398},
{"learn":[0.4956387741],"iteration":103,"passed_time":0.08376759236,"remaining_time":0.7216900265},
{"learn":[0.4945776678],"iteration":104,"passed_time":0.0845726434,"remaining_time":0.7208811033},
{"learn":[0.493215898],"iteration":105,"passed_time":0.08538954438,"remaining_time":0.7201721951},
{"learn":[0.4921237455],"iteration":106,"passed_time":0.08620414533,"remaining_time":0.7194420727},
{"learn":[0.491029926],"iteration":107,"passed_time":0.08700549632,"remaining_time":0.7186009511},
{"learn":[0.4896061215],"iteration":108,"passed_time":0.08779845697,"remaining_time":0.717691974},
{"learn":[0.4876186007],"iteration":109,"passed_time":0.08830068386,"remaining_time":0.7144328058},
{"learn":[0.4860622453],"iteration":110,"passed_time":0.08909933481,"remaining_time":0.7135973752},
{"learn":[0.4843209103],"iteration":111,"passed_time":0.08990250583,"remaining_time":0.7127984391},
{"learn":[0.4824729005],"iteration":112,"passed_time":0.09070151679,"remaining_time":0.7119667734},
{"learn":[0.4807630738],"iteration":113,"passed_time":0.09149322764,"remaining_time":0.7110789447},
{"learn":[0.4792996596],"iteration":114,"passed_time":0.09178275161,"remaining_time":0.706328132},
{"learn":[0.4778299908],"iteration":115,"passed_time":0.09260685269,"remaining_time":0.7057280843},
{"learn":[0.4768654176],"iteration":116,"passed_time":0.09296837765,"remaining_time":0.7016331407},
{"learn":[0.4752777668],"iteration":117,"passed_time":0.09333708271,"remaining_time":0.6976551436},
{"learn":[0.4744017789],"iteration":118,"passed_time":0.09415112409,"remaining_time":0.6970347927},
{"learn":[0.4729658834],"iteration":119,"passed_time":0.0949552649,"remaining_time":0.6963386093},
{"learn":[0.4717445891],"iteration":120,"passed_time":0.09576245597,"remaining_time":0.6956628},
{"learn":[0.4705883274],"iteration":121,"passed_time":0.09661178762,"remaining_time":0.6952881109},
{"learn":[0.4689872343],"iteration":122,"passed_time":0.09747215942,"remaining_time":0.6949844212},
{"learn":[0.4676579081],"iteration":123,"passed_time":0.09828993063,"remaining_time":0.6943708003},
{"learn":[0.466268727],"iteration":124,"passed_time":0.09908382152,"remaining_time":0.6935867506},
{"learn":[0.4647261666],"iteration":125,"passed_time":0.09990315276,"remaining_time":0.692979012},
{"learn":[0.4636297998],"iteration":126,"passed_time":0.1007133039,"remaining_time":0.6923048368},
{"learn":[0.4622702296],"iteration":127,"passed_time":0.1015281648,"remaining_time":0.6916606228},
{"learn":[0.4609571988],"iteration":128,"passed_time":0.1025227282,"remaining_time":0.6922271031},
{"learn":[0.4596049971],"iteration":129,"passed_time":0.1033890001,"remaining_time":0.6919110008},
{"learn":[0.4582913537],"iteration":130,"passed_time":0.1042025313,"remaining_time":0.6912366388},
{"learn":[0.4571720577],"iteration":131,"passed_time":0.1050100121,"remaining_time":0.6905203828},
{"learn":[0.4558954112],"iteration":132,"passed_time":0.105289596,"remaining_time":0.6863615015},
{"learn":[0.4550715265],"iteration":133,"passed_time":0.1061303875,"remaining_time":0.6858874296},
{"learn":[0.4538602741],"iteration":134,"passed_time":0.1069434786,"remaining_time":0.6852304372},
{"learn":[0.452889121],"iteration":135,"passed_time":0.1077454096,"remaining_time":0.6845002495},
{"learn":[0.4516914282],"iteration":136,"passed_time":0.1085691107,"remaining_time":0.68390615},
{"learn":[0.4511021464],"iteration":137,"passed_time":0.1088342246,"remaining_time":0.6798195767},
{"learn":[0.4498720237],"iteration":138,"passed_time":0.1096411059,"remaining_time":0.6791438284},
{"learn":[0.4488315016],"iteration":139,"passed_time":0.110450077,"remaining_time":0.6784790442},
{"learn":[0.4473985629],"iteration":140,"passed_time":0.1112738785,"remaining_time":0.6779025646},
{"learn":[0.4464256666],"iteration":141,"passed_time":0.1121638809,"remaining_time":0.6777226043},
{"learn":[0.4450013608],"iteration":142,"passed_time":0.1129885322,"remaining_time":0.6771410637},
{"learn":[0.4435217723],"iteration":143,"passed_time":0.1138011531,"remaining_time":0.6764846325},
{"learn":[0.442123418],"iteration":144,"passed_time":0.1146119643,"remaining_time":0.6758153754},
{"learn":[0.4412816636],"iteration":145,"passed_time":0.114976439,"remaining_time":0.6725334173},
{"learn":[0.4399922969],"iteration":146,"passed_time":0.1155205763,"remaining_time":0.6703336841},
{"learn":[0.4387813064],"iteration":147,"passed_time":0.1165921812,"remaining_time":0.6711928268},
{"learn":[0.4377099373],"iteration":148,"passed_time":0.1178655489,"remaining_time":0.6731784033},
{"learn":[0.4366742822],"iteration":149,"passed_time":0.1188007017,"remaining_time":0.6732039763},
{"learn":[0.4357076668],"iteration":150,"passed_time":0.1196756439,"remaining_time":0.6728782893},
{"learn":[0.4349019273],"iteration":151,"passed_time":0.1205467256,"remaining_time":0.6725238378},
{"learn":[0.4338919032],"iteration":152,"passed_time":0.1208297793,"remaining_time":0.6689073403},
{"learn":[0.4326084432],"iteration":153,"passed_time":0.1216500408,"remaining_time":0.6682852889},
{"learn":[0.4312157113],"iteration":154,"passed_time":0.1224734423,"remaining_time":0.6676777983},
{"learn":[0.4302498561],"iteration":155,"passed_time":0.1232922535,"remaining_time":0.6670427049},
{"learn":[0.4290119908],"iteration":156,"passed_time":0.1235703973,"remaining_time":0.6635021972},
{"learn":[0.428003403],"iteration":157,"passed_time":0.1243998687,"remaining_time":0.6629410725},
{"learn":[0.4267688364],"iteration":158,"passed_time":0.12523991,"remaining_time":0.66243248},
{"learn":[0.4254784428],"iteration":159,"passed_time":0.1260674414,"remaining_time":0.6618540671},
{"learn":[0.4240320266],"iteration":160,"passed_time":0.1265768381,"remaining_time":0.659614703},
{"learn":[0.4230858244],"iteration":161,"passed_time":0.1274110496,"remaining_time":0.6590769107},
{"learn":[0.4222792602],"iteration":162,"passed_time":0.1282336311,"remaining_time":0.658475762},
{"learn":[0.4209339179],"iteration":163,"passed_time":0.1290673127,"remaining_time":0.6579284965},
{"learn":[0.4195481656],"iteration":164,"passed_time":0.1299050442,"remaining_time":0.657398254},
{"learn":[0.4183307681],"iteration":165,"passed_time":0.130693335,"remaining_time":0.6566159121},
{"learn":[0.4172185171],"iteration":166,"passed_time":0.1315408364,"remaining_time":0.6561288427},
{"learn":[0.4163277863],"iteration":167,"passed_time":0.1323958179,"remaining_time":0.6556745269},
{"learn":[0.4157206445],"iteration":168,"passed_time":0.1332353192,"remaining_time":0.6551393507},
{"learn":[0.414650577],"iteration":169,"passed_time":0.1340519104,"remaining_time":0.6544887391},
{"learn":[0.4137786519],"iteration":170,"passed_time":0.1349094324,"remaining_time":0.6540346167},
{"learn":[0.4127469991],"iteration":171,"passed_time":0.1357423238,"remaining_time":0.6534572333},
{"learn":[0.4115388393],"iteration":172,"passed_time":0.1362614309,"remaining_time":0.6513768982},
{"learn":[0.4105736056],"iteration":173,"passed_time":0.1370786021,"remaining_time":0.6507294562},
{"learn":[0.409132975],"iteration":174,"passed_time":0.1379129834,"remaining_time":0.6501612073},
{"learn":[0.4083666987],"iteration":175,"passed_time":0.1387303946,"remaining_time":0.6495104837},
{"learn":[0.4074006511],"iteration":176,"passed_time":0.1395456258,"remaining_time":0.6488477401},
{"learn":[0.4067009951],"iteration":177,"passed_time":0.1403775172,"remaining_time":0.6482602197},
{"learn":[0.4059975597],"iteration":178,"passed_time":0.1411899283,"remaining_time":0.6475806209},
{"learn":[0.4049991149],"iteration":179,"passed_time":0.1420206597,"remaining_time":0.6469830053},
{"learn":[0.4037939711],"iteration":180,"passed_time":0.1428530613,"remaining_time":0.6463903715},
{"learn":[0.4024372243],"iteration":181,"passed_time":0.1432330265,"remaining_time":0.6437616248},
{"learn":[0.4015121299],"iteration":182,"passed_time":0.1440518978,"remaining_time":0.6431169425},
{"learn":[0.4008547683],"iteration":183,"passed_time":0.1443106813,"remaining_time":0.6399864998},
{"learn":[0.400057179],"iteration":184,"passed_time":0.1451213622,"remaining_time":0.6393184336},
{"learn":[0.3985453478],"iteration":185,"passed_time":0.1456574394,"remaining_time":0.6374470733},
{"learn":[0.397921121],"iteration":186,"passed_time":0.1461782767,"remaining_time":0.6355237378},
{"learn":[0.3968514546],"iteration":187,"passed_time":0.1469888878,"remaining_time":0.6348668985},
{"learn":[0.3956221049],"iteration":188,"passed_time":0.147783449,"remaining_time":0.6341395614},
{"learn":[0.3950103355],"iteration":189,"passed_time":0.1480831633,"remaining_time":0.6313019066},
{"learn":[0.3940620813],"iteration":190,"passed_time":0.1485916805,"remaining_time":0.629375233},
{"learn":[0.3929484233],"iteration":191,"passed_time":0.1494330022,"remaining_time":0.6288638844},
{"learn":[0.3918266585],"iteration":192,"passed_time":0.1502517637,"remaining_time":0.6282547839},
{"learn":[0.3909335806],"iteration":193,"passed_time":0.1510839649,"remaining_time":0.6276993593},
{"learn":[0.3901192585],"iteration":194,"passed_time":0.1519072762,"remaining_time":0.6271043965},
{"learn":[0.3889893025],"iteration":195,"passed_time":0.1527007968,"remaining_time":0.6263849013},
{"learn":[0.3877559045],"iteration":196,"passed_time":0.153240514,"remaining_time":0.6246301155},
{"learn":[0.3868050595],"iteration":197,"passed_time":0.1540554052,"remaining_time":0.6240021968},
{"learn":[0.3856545804],"iteration":198,"passed_time":0.154858486,"remaining_time":0.6233248607},
{"learn":[0.3849115777],"iteration":199,"passed_time":0.155677167,"remaining_time":0.6227086679},
{"learn":[0.3838302908],"iteration":200,"passed_time":0.156483658,"remaining_time":0.6220420039},
{"learn":[0.3831296461],"iteration":201,"passed_time":0.1573138494,"remaining_time":0.6214675834},
{"learn":[0.3820101746],"iteration":202,"passed_time":0.1581387607,"remaining_time":0.6208699129},
{"learn":[0.3810480301],"iteration":203,"passed_time":0.1586608981,"remaining_time":0.6190886025},
{"learn":[0.3802571624],"iteration":204,"passed_time":0.1594685292,"remaining_time":0.6184267352},
{"learn":[0.3792227023],"iteration":205,"passed_time":0.16025844,"remaining_time":0.6176951524},
{"learn":[0.3784313822],"iteration":206,"passed_time":0.1610705912,"remaining_time":0.6170482068},
{"learn":[0.3777887909],"iteration":207,"passed_time":0.1619274927,"remaining_time":0.6165700684},
{"learn":[0.3772606229],"iteration":208,"passed_time":0.1627347238,"remaining_time":0.6159003182},
{"learn":[0.3759230918],"iteration":209,"passed_time":0.1630927585,"remaining_time":0.6135394247},
{"learn":[0.3747314566],"iteration":210,"passed_time":0.163494764,"remaining_time":0.6113619373},
{"learn":[0.3741701651],"iteration":211,"passed_time":0.1643223553,"remaining_time":0.6107830943},
{"learn":[0.3734664873],"iteration":212,"passed_time":0.1654168503,"remaining_time":0.6111880808},
{"learn":[0.3724730415],"iteration":213,"passed_time":0.1662326015,"remaining_time":0.6105552561},
{"learn":[0.371195349],"iteration":214,"passed_time":0.1665184254,"remaining_time":0.6079858789},
{"learn":[0.3702908451],"iteration":215,"passed_time":0.1670545928,"remaining_time":0.6063462998},
{"learn":[0.3692087355],"iteration":216,"passed_time":0.1679978355,"remaining_time":0.6061857383},
{"learn":[0.3683079721],"iteration":217,"passed_time":0.1688418769,"remaining_time":0.6056621454},
{"learn":[0.3676711238],"iteration":218,"passed_time":0.1696615379,"remaining_time":0.6050486808},
{"learn":[0.3668285652],"iteration":219,"passed_time":0.1704928191,"remaining_time":0.6044745403},
{"learn":[0.3658479716],"iteration":220,"passed_time":0.17130454,"remaining_time":0.603829125},
{"learn":[0.3650578666],"iteration":221,"passed_time":0.1721308713,"remaining_time":0.6032334138},
{"learn":[0.3643073225],"iteration":222,"passed_time":0.1729747029,"remaining_time":0.6026966105},
{"learn":[0.363516235],"iteration":223,"passed_time":0.1738320044,"remaining_time":0.6022037296},
{"learn":[0.3622900008],"iteration":224,"passed_time":0.1746155249,"remaining_time":0.6014534748},
{"learn":[0.3614613409],"iteration":225,"passed_time":0.1754041055,"remaining_time":0.6007202552},
{"learn":[0.3604147078],"iteration":226,"passed_time":0.1763267982,"remaining_time":0.6004432379},
{"learn":[0.3597242979],"iteration":227,"passed_time":0.1771859197,"remaining_time":0.5999453072},
{"learn":[0.3587756821],"iteration":228,"passed_time":0.177718027,"remaining_time":0.5983432264},
{"learn":[0.3580746358],"iteration":229,"passed_time":0.1785317782,"remaining_time":0.5976933444},
{"learn":[0.3571966388],"iteration":230,"passed_time":0.1790553552,"remaining_time":0.5960760524},
{"learn":[0.3564813777],"iteration":231,"passed_time":0.1798672565,"remaining_time":0.5954226422},
{"learn":[0.356096085],"iteration":232,"passed_time":0.1800836795,"remaining_time":0.5928076488},
{"learn":[0.3554062711],"iteration":233,"passed_time":0.1809136109,"remaining_time":0.5922214783},
{"learn":[0.35482557],"iteration":234,"passed_time":0.1817528424,"remaining_time":0.5916635081},
{"learn":[0.3540905748],"iteration":235,"passed_time":0.1822586893,"remaining_time":0.5900238925},
{"learn":[0.3535592492],"iteration":236,"passed_time":0.1830876309,"remaining_time":0.5894340185},
{"learn":[0.3529461656],"iteration":237,"passed_time":0.1839060221,"remaining_time":0.5888083565},
{"learn":[0.3521072654],"iteration":238,"passed_time":0.1847551338,"remaining_time":0.5882788987},
{"learn":[0.3514123623],"iteration":239,"passed_time":0.1851194885,"remaining_time":0.5862117137},
{"learn":[0.3503081676],"iteration":240,"passed_time":0.1859359797,"remaining_time":0.5855826084},
{"learn":[0.3496855615],"iteration":241,"passed_time":0.1867549807,"remaining_time":0.5849598157},
{"learn":[0.3489621477],"iteration":242,"passed_time":0.187285788,"remaining_time":0.5834376195},
{"learn":[0.3480800605],"iteration":243,"passed_time":0.1880990494,"remaining_time":0.5827986941},
{"learn":[0.3474487535],"iteration":244,"passed_time":0.1883848431,"remaining_time":0.5805328838},
{"learn":[0.3466948686],"iteration":245,"passed_time":0.1888820797,"remaining_time":0.5789312524},
{"learn":[0.3457936586],"iteration":246,"passed_time":0.1896889605,"remaining_time":0.5782825396},
{"learn":[0.3451144265],"iteration":247,"passed_time":0.1900513655,"remaining_time":0.5762847857},
{"learn":[0.3445249332],"iteration":248,"passed_time":0.1909300678,"remaining_time":0.575857353},
{"learn":[0.3435555545],"iteration":249,"passed_time":0.1918178097,"remaining_time":0.5754534292},
{"learn":[0.3425284605],"iteration":250,"passed_time":0.1921742946,"remaining_time":0.5734603453},
{"learn":[0.3418108025],"iteration":251,"passed_time":0.1927189723,"remaining_time":0.5720388543},
{"learn":[0.341197136],"iteration":252,"passed_time":0.1935151335,"remaining_time":0.571366817},
{"learn":[0.3404976305],"iteration":253,"passed_time":0.1943443648,"remaining_time":0.5707909298},
{"learn":[0.3397984148],"iteration":254,"passed_time":0.195162056,"remaining_time":0.5701793402},
{"learn":[0.3391242511],"iteration":255,"passed_time":0.1959795673,"remaining_time":0.5695656173},
{"learn":[0.3378606937],"iteration":256,"passed_time":0.1962472109,"remaining_time":0.5673606137},
{"learn":[0.3373654592],"iteration":257,"passed_time":0.1971328831,"remaining_time":0.5669480591},
{"learn":[0.3366840135],"iteration":258,"passed_time":0.1979388439,"remaining_time":0.5663037967},
{"learn":[0.3359304989],"iteration":259,"passed_time":0.1984727312,"remaining_time":0.5648839273},
{"learn":[0.3351516562],"iteration":260,"passed_time":0.1992636421,"remaining_time":0.5641985881},
{"learn":[0.3346835087],"iteration":261,"passed_time":0.2000958033,"remaining_time":0.5636286367},
{"learn":[0.3340082877],"iteration":262,"passed_time":0.2009238248,"remaining_time":0.5630450909},
{"learn":[0.3334024983],"iteration":263,"passed_time":0.2013216303,"remaining_time":0.5612603026},
{"learn":[0.3329353601],"iteration":264,"passed_time":0.2021206715,"remaining_time":0.5605988435},
{"learn":[0.3323511941],"iteration":265,"passed_time":0.2029352626,"remaining_time":0.5599792586},
{"learn":[0.3316298875],"iteration":266,"passed_time":0.203765834,"remaining_time":0.5594020837},
{"learn":[0.3308501532],"iteration":267,"passed_time":0.2045841053,"remaining_time":0.5587894218},
{"learn":[0.3301149436],"iteration":268,"passed_time":0.2054137566,"remaining_time":0.5582061565},
{"learn":[0.3293419676],"iteration":269,"passed_time":0.2059461639,"remaining_time":0.5568174062},
{"learn":[0.3286219909],"iteration":270,"passed_time":0.2067688352,"remaining_time":0.5562157966},
{"learn":[0.3279327911],"iteration":271,"passed_time":0.2075775463,"remaining_time":0.5555751975},
{"learn":[0.3274740416],"iteration":272,"passed_time":0.2084183978,"remaining_time":0.5550189569},
{"learn":[0.3268082132],"iteration":273,"passed_time":0.209233149,"remaining_time":0.5543914824},
{"learn":[0.3261839347],"iteration":274,"passed_time":0.2100817607,"remaining_time":0.5538519145},
{"learn":[0.3255006217],"iteration":275,"passed_time":0.210928602,"remaining_time":0.5533054633},
{"learn":[0.3250467767],"iteration":276,"passed_time":0.2117362931,"remaining_time":0.5526546568},
{"learn":[0.3244718758],"iteration":277,"passed_time":0.2125374339,"remaining_time":0.5519857096},
{"learn":[0.3238195606],"iteration":278,"passed_time":0.2133876158,"remaining_time":0.5514425483},
{"learn":[0.3231600225],"iteration":279,"passed_time":0.2142159671,"remaining_time":0.5508410583},
{"learn":[0.322485936],"iteration":280,"passed_time":0.2150689988,"remaining_time":0.5503011038},
{"learn":[0.3219576287],"iteration":281,"passed_time":0.2158894199,"remaining_time":0.5496758988},
{"learn":[0.3214153633],"iteration":282,"passed_time":0.2167251513,"remaining_time":0.5490881042},
{"learn":[0.3209637721],"iteration":283,"passed_time":0.2175542227,"remaining_time":0.5484817727},
{"learn":[0.3204090761],"iteration":284,"passed_time":0.2179621283,"remaining_time":0.5468172692},
{"learn":[0.3195388869],"iteration":285,"passed_time":0.2184914355,"remaining_time":0.5454646328},
{"learn":[0.3188793176],"iteration":286,"passed_time":0.2193141268,"remaining_time":0.5448465938},
{"learn":[0.3182194121],"iteration":287,"passed_time":0.2201390884,"remaining_time":0.5442327462},
{"learn":[0.31772198],"iteration":288,"passed_time":0.2209605596,"remaining_time":0.5436088508},
{"learn":[0.3168837672],"iteration":289,"passed_time":0.2219361432,"remaining_time":0.5433609024},
{"learn":[0.315737546],"iteration":290,"passed_time":0.2224398301,"remaining_time":0.5419582116},
{"learn":[0.3150259901],"iteration":291,"passed_time":0.2227458343,"remaining_time":0.5400823654},
{"learn":[0.314131621],"iteration":292,"passed_time":0.2235736955,"remaining_time":0.5394764597},
{"learn":[0.3132077578],"iteration":293,"passed_time":0.2244366873,"remaining_time":0.5389534056},
{"learn":[0.3127800544],"iteration":294,"passed_time":0.2252816589,"remaining_time":0.5383849814},
{"learn":[0.3121559654],"iteration":295,"passed_time":0.2255901129,"remaining_time":0.5365386469},
{"learn":[0.3113979272],"iteration":296,"passed_time":0.2261438303,"remaining_time":0.5352832077},
{"learn":[0.3107577523],"iteration":297,"passed_time":0.2269585614,"remaining_time":0.5346473494},
{"learn":[0.3099113527],"iteration":298,"passed_time":0.2277965129,"remaining_time":0.5340647343},
{"learn":[0.309371382],"iteration":299,"passed_time":0.2287175056,"remaining_time":0.5336741796},
{"learn":[0.3087349124],"iteration":300,"passed_time":0.2296021879,"remaining_time":0.5331957786},
{"learn":[0.308218123],"iteration":301,"passed_time":0.2304712096,"remaining_time":0.5326784911},
{"learn":[0.3078218547],"iteration":302,"passed_time":0.2307359035,"remaining_time":0.5307687284},
{"learn":[0.3072997605],"iteration":303,"passed_time":0.2316194556,"remaining_time":0.5302866483},
{"learn":[0.3066684003],"iteration":304,"passed_time":0.2321821433,"remaining_time":0.5290707856},
{"learn":[0.3060726323],"iteration":305,"passed_time":0.2330451751,"remaining_time":0.5285403645},
{"learn":[0.3052483538],"iteration":306,"passed_time":0.2338799866,"remaining_time":0.527944074},
{"learn":[0.3044884879],"iteration":307,"passed_time":0.2342498214,"remaining_time":0.5263015469},
{"learn":[0.303892825],"iteration":308,"passed_time":0.2350642224,"remaining_time":0.5256614164},
{"learn":[0.3033824509],"iteration":309,"passed_time":0.2354379977,"remaining_time":0.5240394143},
{"learn":[0.3028980161],"iteration":310,"passed_time":0.2358141531,"remaining_time":0.5224307122},
{"learn":[0.3023623604],"iteration":311,"passed_time":0.2366476143,"remaining_time":0.521838329},
{"learn":[0.3017461251],"iteration":312,"passed_time":0.2374641455,"remaining_time":0.5212072459},
{"learn":[0.3008874547],"iteration":313,"passed_time":0.238282327,"remaining_time":0.5205785869},
{"learn":[0.3003255026],"iteration":314,"passed_time":0.2391064983,"remaining_time":0.5199617502},
{"learn":[0.2996916082],"iteration":315,"passed_time":0.2399196294,"remaining_time":0.5193197042},
{"learn":[0.2990010132],"iteration":316,"passed_time":0.2404563968,"remaining_time":0.5180811325},
{"learn":[0.298343485],"iteration":317,"passed_time":0.2412682781,"remaining_time":0.517436999},
{"learn":[0.2978292733],"iteration":318,"passed_time":0.2420839391,"remaining_time":0.5167998825},
{"learn":[0.2971751822],"iteration":319,"passed_time":0.2429804314,"remaining_time":0.5163334167},
{"learn":[0.296564129],"iteration":320,"passed_time":0.2438684338,"remaining_time":0.5158463132},
{"learn":[0.2960382431],"iteration":321,"passed_time":0.2447474761,"remaining_time":0.5153378533},
{"learn":[0.2956541962],"iteration":322,"passed_time":0.2456203383,"remaining_time":0.5148141455},
{"learn":[0.2952594112],"iteration":323,"passed_time":0.2458913918,"remaining_time":0.5130326569},
{"learn":[0.2946127047],"iteration":324,"passed_time":0.2467357833,"remaining_time":0.5124512423},
{"learn":[0.2940827124],"iteration":325,"passed_time":0.2471286687,"remaining_time":0.5109347323},
{"learn":[0.2937213202],"iteration":326,"passed_time":0.2479517502,"remaining_time":0.5103104829},
{"learn":[0.2933318146],"iteration":327,"passed_time":0.2488451127,"remaining_time":0.5098290114},
{"learn":[0.29273018],"iteration":328,"passed_time":0.2496911345,"remaining_time":0.5092484841},
{"learn":[0.2921364962],"iteration":329,"passed_time":0.2505337159,"remaining_time":0.5086593625},
{"learn":[0.291364876],"iteration":330,"passed_time":0.2513982979,"remaining_time":0.5081131762},
{"learn":[0.2909397121],"iteration":331,"passed_time":0.25226298,"remaining_time":0.5075652731},
{"learn":[0.2904050849],"iteration":332,"passed_time":0.253134092,"remaining_time":0.5070283464},
{"learn":[0.2896749538],"iteration":333,"passed_time":0.2536640392,"remaining_time":0.5058091321},
{"learn":[0.2892483336],"iteration":334,"passed_time":0.2545072606,"remaining_time":0.5052159053},
{"learn":[0.288370239],"iteration":335,"passed_time":0.2548665157,"remaining_time":0.5036647811},
{"learn":[0.2879674586],"iteration":336,"passed_time":0.255704977,"remaining_time":0.5030635008},
{"learn":[0.2875473011],"iteration":337,"passed_time":0.2565094378,"remaining_time":0.5023942244},
{"learn":[0.2871497757],"iteration":338,"passed_time":0.2574184703,"remaining_time":0.5019280497},
{"learn":[0.2867467799],"iteration":339,"passed_time":0.258254232,"remaining_time":0.5013170385},
{"learn":[0.2863735913],"iteration":340,"passed_time":0.2590883936,"remaining_time":0.500701617},
{"learn":[0.2859048873],"iteration":341,"passed_time":0.2599173748,"remaining_time":0.5000749491},
{"learn":[0.2854917929],"iteration":342,"passed_time":0.2607502862,"remaining_time":0.4994546298},
{"learn":[0.2850002993],"iteration":343,"passed_time":0.2616211981,"remaining_time":0.4989055406},
{"learn":[0.2846959805],"iteration":344,"passed_time":0.2624920003,"remaining_time":0.4983543774},
{"learn":[0.2840335604],"iteration":345,"passed_time":0.2628827057,"remaining_time":0.4968939003},
{"learn":[0.2836637834],"iteration":346,"passed_time":0.2637142771,"remaining_time":0.4962692303},
{"learn":[0.283061159],"iteration":347,"passed_time":0.2642696247,"remaining_time":0.4951258486},
{"learn":[0.282591765],"iteration":348,"passed_time":0.2650596555,"remaining_time":0.4944235981},
{"learn":[0.2819692434],"iteration":349,"passed_time":0.2659188873,"remaining_time":0.4938493621},
{"learn":[0.2815062262],"iteration":350,"passed_time":0.2667316687,"remaining_time":0.4931876153},
{"learn":[0.2809583867],"iteration":351,"passed_time":0.2676232409,"remaining_time":0.4926700571},
{"learn":[0.2805369428],"iteration":352,"passed_time":0.2680013363,"remaining_time":0.4912092481},
{"learn":[0.28010729],"iteration":353,"passed_time":0.2685337836,"remaining_time":0.4900362266},
{"learn":[0.2796604433],"iteration":354,"passed_time":0.269350285,"remaining_time":0.4893829122},
{"learn":[0.2792340937],"iteration":355,"passed_time":0.2701439759,"remaining_time":0.4886874171},
{"learn":[0.2788340249],"iteration":356,"passed_time":0.2709949174,"remaining_time":0.488094487},
{"learn":[0.2784984962],"iteration":357,"passed_time":0.2719130797,"remaining_time":0.4876206625},
{"learn":[0.2779969812],"iteration":358,"passed_time":0.2727626314,"remaining_time":0.4870218572},
{"learn":[0.277612392],"iteration":359,"passed_time":0.2737191343,"remaining_time":0.4866117943},
{"learn":[0.277143945],"iteration":360,"passed_time":0.2741709907,"remaining_time":0.4853054378},
{"learn":[0.2767020752],"iteration":361,"passed_time":0.275066463,"remaining_time":0.4847856447},
{"learn":[0.2761765831],"iteration":362,"passed_time":0.2759097043,"remaining_time":0.4841721258},
{"learn":[0.2756488846],"iteration":363,"passed_time":0.2767455856,"remaining_time":0.4835444847},
{"learn":[0.2752177691],"iteration":364,"passed_time":0.2775516966,"remaining_time":0.4828639106},
{"learn":[0.274708016],"iteration":365,"passed_time":0.2780818839,"remaining_time":0.4817046841},
{"learn":[0.2742022921],"iteration":366,"passed_time":0.2788943053,"remaining_time":0.4810356818},
{"learn":[0.2735616106],"iteration":367,"passed_time":0.2793974024,"remaining_time":0.4798346693},
{"learn":[0.2730883282],"iteration":368,"passed_time":0.2797673577,"remaining_time":0.4784097634},
{"learn":[0.272693317],"iteration":369,"passed_time":0.280597109,"remaining_time":0.4777734559},
{"learn":[0.2721866188],"iteration":370,"passed_time":0.2813823598,"remaining_time":0.4770606586},
{"learn":[0.2717718077],"iteration":371,"passed_time":0.2822016413,"remaining_time":0.4764049213},
{"learn":[0.2712604364],"iteration":372,"passed_time":0.2830176227,"remaining_time":0.4757427599},
{"learn":[0.2708444874],"iteration":373,"passed_time":0.2838747647,"remaining_time":0.4751486703},
{"learn":[0.2702395012],"iteration":374,"passed_time":0.2846822157,"remaining_time":0.4744703596},
{"learn":[0.2697961672],"iteration":375,"passed_time":0.2852326433,"remaining_time":0.4733648123},
{"learn":[0.2694605687],"iteration":376,"passed_time":0.2860449744,"remaining_time":0.4726950108},
{"learn":[0.2689290418],"iteration":377,"passed_time":0.2868767458,"remaining_time":0.4720564442},
{"learn":[0.2685027372],"iteration":378,"passed_time":0.2876902268,"remaining_time":0.4713868887},
{"learn":[0.2682364559],"iteration":379,"passed_time":0.2879209002,"remaining_time":0.4697656792},
{"learn":[0.2679799351],"iteration":380,"passed_time":0.2887296312,"remaining_time":0.4690909232},
{"learn":[0.2676202396],"iteration":381,"passed_time":0.2895405721,"remaining_time":0.4684190408},
{"learn":[0.2671140432],"iteration":382,"passed_time":0.2903570833,"remaining_time":0.4677554058},
{"learn":[0.266669053],"iteration":383,"passed_time":0.2911976149,"remaining_time":0.4671295072},
{"learn":[0.266050263],"iteration":384,"passed_time":0.2917055516,"remaining_time":0.4659712058},
{"learn":[0.2654906174],"iteration":385,"passed_time":0.292533703,"remaining_time":0.4653256312},
{"learn":[0.2650944664],"iteration":386,"passed_time":0.2930478198,"remaining_time":0.4641816887},
{"learn":[0.2647576205],"iteration":387,"passed_time":0.2940603937,"remaining_time":0.4638272189},
{"learn":[0.2642051402],"iteration":388,"passed_time":0.294577371,"remaining_time":0.4626909349},
{"learn":[0.2637398072],"iteration":389,"passed_time":0.2951182482,"remaining_time":0.4615952087},
{"learn":[0.263167716],"iteration":390,"passed_time":0.2959629198,"remaining_time":0.460975494},
{"learn":[0.2627293257],"iteration":391,"passed_time":0.2967815008,"remaining_time":0.4603141645},
{"learn":[0.2624002871],"iteration":392,"passed_time":0.2976492527,"remaining_time":0.4597279806},
{"learn":[0.2621270228],"iteration":393,"passed_time":0.298476464,"remaining_time":0.4590780132},
{"learn":[0.2615047439],"iteration":394,"passed_time":0.2990253716,"remaining_time":0.4580008855},
{"learn":[0.2611767757],"iteration":395,"passed_time":0.2998494229,"remaining_time":0.4573460894},
{"learn":[0.2608210171],"iteration":396,"passed_time":0.3006801342,"remaining_time":0.4567005566},
{"learn":[0.2604681688],"iteration":397,"passed_time":0.3011930813,"remaining_time":0.4555734546},
{"learn":[0.2600994306],"iteration":398,"passed_time":0.3022397956,"remaining_time":0.4552534265},
{"learn":[0.2597369317],"iteration":399,"passed_time":0.3027253521,"remaining_time":0.4540880281},
{"learn":[0.2592127856],"iteration":400,"passed_time":0.3036281942,"remaining_time":0.4535493475},
{"learn":[0.2587336014],"iteration":401,"passed_time":0.3044332551,"remaining_time":0.4528633993},
{"learn":[0.2582316384],"iteration":402,"passed_time":0.3052714163,"remaining_time":0.4522258947},
{"learn":[0.2577946694],"iteration":403,"passed_time":0.3060931076,"remaining_time":0.4515630993},
{"learn":[0.2573223578],"iteration":404,"passed_time":0.3066140547,"remaining_time":0.4504576854},
{"learn":[0.2569540231],"iteration":405,"passed_time":0.3074563161,"remaining_time":0.4498252506},
{"learn":[0.2565460997],"iteration":406,"passed_time":0.3078232309,"remaining_time":0.4484992037},
{"learn":[0.2562395754],"iteration":407,"passed_time":0.3086455622,"remaining_time":0.4478386588},
{"learn":[0.2559924262],"iteration":408,"passed_time":0.3089102458,"remaining_time":0.4463715288},
{"learn":[0.2556140667],"iteration":409,"passed_time":0.3097230169,"remaining_time":0.4456989756},
{"learn":[0.2551208476],"iteration":410,"passed_time":0.3105404184,"remaining_time":0.4450323757},
{"learn":[0.254589327],"iteration":411,"passed_time":0.3110571757,"remaining_time":0.4439359692},
{"learn":[0.2541866322],"iteration":412,"passed_time":0.3118748069,"remaining_time":0.443270004},
{"learn":[0.2536312835],"iteration":413,"passed_time":0.312682658,"remaining_time":0.4425894627},
{"learn":[0.2531808112],"iteration":414,"passed_time":0.3134899788,"remaining_time":0.4419075605},
{"learn":[0.2528276732],"iteration":415,"passed_time":0.3142909498,"remaining_time":0.4412161411},
{"learn":[0.2525548656],"iteration":416,"passed_time":0.3151353814,"remaining_time":0.4405849577},
{"learn":[0.2520684067],"iteration":417,"passed_time":0.3155139266,"remaining_time":0.4393040796},
{"learn":[0.2516828614],"iteration":418,"passed_time":0.3163256377,"remaining_time":0.4386281516},
{"learn":[0.251394908],"iteration":419,"passed_time":0.3171386786,"remaining_time":0.4379534133},
{"learn":[0.2507268923],"iteration":420,"passed_time":0.317679266,"remaining_time":0.4369033136},
{"learn":[0.25037725],"iteration":421,"passed_time":0.3181693025,"remaining_time":0.4357863907},
{"learn":[0.2499196813],"iteration":422,"passed_time":0.3189732336,"remaining_time":0.4351006047},
{"learn":[0.2491809936],"iteration":423,"passed_time":0.3193174383,"remaining_time":0.4337897275},
{"learn":[0.2487922325],"iteration":424,"passed_time":0.3201189893,"remaining_time":0.433102162},
{"learn":[0.2485385498],"iteration":425,"passed_time":0.3206957172,"remaining_time":0.4321111307},
{"learn":[0.2482225954],"iteration":426,"passed_time":0.3215276984,"remaining_time":0.4314645695},
{"learn":[0.2478551967],"iteration":427,"passed_time":0.3218881531,"remaining_time":0.430186971},
{"learn":[0.2474312924],"iteration":428,"passed_time":0.322697394,"remaining_time":0.4295109836},
{"learn":[0.2470830112],"iteration":429,"passed_time":0.3234935449,"remaining_time":0.4288170246},
{"learn":[0.2467771168],"iteration":430,"passed_time":0.3243078161,"remaining_time":0.4281465135},
{"learn":[0.2464104094],"iteration":431,"passed_time":0.3251412373,"remaining_time":0.4275005157},
{"learn":[0.2459288171],"iteration":432,"passed_time":0.3259364882,"remaining_time":0.4268036693},
{"learn":[0.245530555],"iteration":433,"passed_time":0.3264625754,"remaining_time":0.4257553403},
{"learn":[0.2452234553],"iteration":434,"passed_time":0.3272910268,"remaining_time":0.4251021382},
{"learn":[0.2449219378],"iteration":435,"passed_time":0.3276300012,"remaining_time":0.4238149557},
{"learn":[0.2444280811],"iteration":436,"passed_time":0.3284591726,"remaining_time":0.4231636479},
{"learn":[0.2440737154],"iteration":437,"passed_time":0.3292716037,"remaining_time":0.4224900486},
{"learn":[0.2436009533],"iteration":438,"passed_time":0.3296638593,"remaining_time":0.4212788726},
{"learn":[0.2433815706],"iteration":439,"passed_time":0.3298908824,"remaining_time":0.4198611231},
{"learn":[0.2428728308],"iteration":440,"passed_time":0.3303999494,"remaining_time":0.4188062851},
{"learn":[0.2423994746],"iteration":441,"passed_time":0.3307683647,"remaining_time":0.4175763518},
{"learn":[0.2421844367],"iteration":442,"passed_time":0.330994398,"remaining_time":0.416171286},
{"learn":[0.2418116825],"iteration":443,"passed_time":0.3312524815,"remaining_time":0.4148116661},
{"learn":[0.2413672409],"iteration":444,"passed_time":0.332089993,"remaining_time":0.4141796542},
{"learn":[0.2409839655],"iteration":445,"passed_time":0.3323464863,"remaining_time":0.4128250077},
{"learn":[0.240718716],"iteration":446,"passed_time":0.3332483885,"remaining_time":0.4122737334},
{"learn":[0.2403895684],"iteration":447,"passed_time":0.3340713197,"remaining_time":0.4116235904},
{"learn":[0.2398824203],"iteration":448,"passed_time":0.334452825,"remaining_time":0.4104309723},
{"learn":[0.2394221943],"iteration":449,"passed_time":0.3352930667,"remaining_time":0.4098026371},
{"learn":[0.2391335847],"iteration":450,"passed_time":0.336134228,"remaining_time":0.4091744816},
{"learn":[0.2388685287],"iteration":451,"passed_time":0.3369882797,"remaining_time":0.4085610117},
{"learn":[0.2382776073],"iteration":452,"passed_time":0.3372671733,"remaining_time":0.4072519731},
{"learn":[0.2380095877],"iteration":453,"passed_time":0.3378021207,"remaining_time":0.4062554139},
{"learn":[0.2376334965],"iteration":454,"passed_time":0.3385986218,"remaining_time":0.4055741734},
{"learn":[0.2374216748],"iteration":455,"passed_time":0.3394243332,"remaining_time":0.4049272746},
{"learn":[0.236938926],"iteration":456,"passed_time":0.3402921353,"remaining_time":0.4043296049},
{"learn":[0.2365944415],"iteration":457,"passed_time":0.3411163466,"remaining_time":0.40367917},
{"learn":[0.2362271371],"iteration":458,"passed_time":0.3419640284,"remaining_time":0.4030556413},
{"learn":[0.2360014505],"iteration":459,"passed_time":0.3425057861,"remaining_time":0.4020720097},
{"learn":[0.2356779952],"iteration":460,"passed_time":0.3427704399,"remaining_time":0.4007663061},
{"learn":[0.2353682244],"iteration":461,"passed_time":0.343578911,"remaining_time":0.4000983856},
{"learn":[0.2351417752],"iteration":462,"passed_time":0.3444185328,"remaining_time":0.3994659872},
{"learn":[0.2347581621],"iteration":463,"passed_time":0.3452432938,"remaining_time":0.3988155291},
{"learn":[0.2344107511],"iteration":464,"passed_time":0.3465789024,"remaining_time":0.3987520705},
{"learn":[0.2339650798],"iteration":465,"passed_time":0.3476837673,"remaining_time":0.3984187376},
{"learn":[0.2334941352],"iteration":466,"passed_time":0.3486020999,"remaining_time":0.3978692061},
{"learn":[0.2330713316],"iteration":467,"passed_time":0.3494386012,"remaining_time":0.3972250765},
{"learn":[0.2327754419],"iteration":468,"passed_time":0.3502883026,"remaining_time":0.3965950718},
{"learn":[0.2324960491],"iteration":469,"passed_time":0.3511383342,"remaining_time":0.3959645046},
{"learn":[0.2321677398],"iteration":470,"passed_time":0.3519563455,"remaining_time":0.3952970419},
{"learn":[0.2318576975],"iteration":471,"passed_time":0.352489023,"remaining_time":0.3943097545},
{"learn":[0.2313593665],"iteration":472,"passed_time":0.353309824,"remaining_time":0.3936454065},
{"learn":[0.2310086743],"iteration":473,"passed_time":0.3541233952,"remaining_time":0.3929723752},
{"learn":[0.2307882905],"iteration":474,"passed_time":0.3549231559,"remaining_time":0.3922834881},
{"learn":[0.2305167244],"iteration":475,"passed_time":0.3551355291,"remaining_time":0.3909475152},
{"learn":[0.2301178663],"iteration":476,"passed_time":0.355641816,"remaining_time":0.389938511},
{"learn":[0.2297834329],"iteration":477,"passed_time":0.3564475271,"remaining_time":0.3892585965},
{"learn":[0.2295305993],"iteration":478,"passed_time":0.357231368,"remaining_time":0.388554369},
{"learn":[0.2291804591],"iteration":479,"passed_time":0.3580405391,"remaining_time":0.3878772507},
{"learn":[0.2288733789],"iteration":480,"passed_time":0.35883657,"remaining_time":0.3871854051},
{"learn":[0.2285704613],"iteration":481,"passed_time":0.3596330507,"remaining_time":0.3864936105},
{"learn":[0.2283464392],"iteration":482,"passed_time":0.3604471117,"remaining_time":0.3858202003},
{"learn":[0.2279836057],"iteration":483,"passed_time":0.3612476427,"remaining_time":0.3851317843},
{"learn":[0.2274851687],"iteration":484,"passed_time":0.3620195532,"remaining_time":0.3844125153},
{"learn":[0.2270373238],"iteration":485,"passed_time":0.362872865,"remaining_time":0.3837791205},
{"learn":[0.2267709892],"iteration":486,"passed_time":0.3636884161,"remaining_time":0.3831050462},
{"learn":[0.2264290936],"iteration":487,"passed_time":0.3644787768,"remaining_time":0.3824039625},
{"learn":[0.2261286011],"iteration":488,"passed_time":0.3649678132,"remaining_time":0.3813876331},
{"learn":[0.225660007],"iteration":489,"passed_time":0.3657426936,"remaining_time":0.3806709669},
{"learn":[0.2253422166],"iteration":490,"passed_time":0.3660147774,"remaining_time":0.3794328344},
{"learn":[0.2251152342],"iteration":491,"passed_time":0.3669373398,"remaining_time":0.3788702614},
{"learn":[0.2248257189],"iteration":492,"passed_time":0.3677008405,"remaining_time":0.3781426494},
{"learn":[0.224620568],"iteration":493,"passed_time":0.3685189615,"remaining_time":0.3774708391},
{"learn":[0.2241078386],"iteration":494,"passed_time":0.368902097,"remaining_time":0.3763546646},
{"learn":[0.2238202374],"iteration":495,"passed_time":0.3691544302,"remaining_time":0.3751085339},
{"learn":[0.2233120535],"iteration":496,"passed_time":0.3694129835,"remaining_time":0.3738726976},
{"learn":[0.2229497257],"iteration":497,"passed_time":0.3702105745,"remaining_time":0.3731841534},
{"learn":[0.2226095918],"iteration":498,"passed_time":0.3710306355,"remaining_time":0.3725177322},
{"learn":[0.2223331127],"iteration":499,"passed_time":0.3718338065,"remaining_time":0.3718338065},
{"learn":[0.2220838935],"iteration":500,"passed_time":0.3726369975,"remaining_time":0.3711494247},
{"learn":[0.2218639553],"iteration":501,"passed_time":0.3734137584,"remaining_time":0.37043835},
{"learn":[0.2215744936],"iteration":502,"passed_time":0.3736919622,"remaining_time":0.369234404},
{"learn":[0.2211625796],"iteration":503,"passed_time":0.3745166935,"remaining_time":0.3685719841},
{"learn":[0.2208921162],"iteration":504,"passed_time":0.3750333708,"remaining_time":0.3676069675},
{"learn":[0.2205711139],"iteration":505,"passed_time":0.3752639838,"remaining_time":0.3663644427},
{"learn":[0.2201517425],"iteration":506,"passed_time":0.3760793847,"remaining_time":0.3656945497},
{"learn":[0.2199139575],"iteration":507,"passed_time":0.3764475796,"remaining_time":0.3645909629},
{"learn":[0.2194382788],"iteration":508,"passed_time":0.37720841,"remaining_time":0.3638690163},
{"learn":[0.2191329442],"iteration":509,"passed_time":0.3774896436,"remaining_time":0.3626861282},
{"learn":[0.2187210605],"iteration":510,"passed_time":0.3783011148,"remaining_time":0.3620141783},
{"learn":[0.2184198743],"iteration":511,"passed_time":0.3790682355,"remaining_time":0.361299412},
{"learn":[0.2182124746],"iteration":512,"passed_time":0.3798794768,"remaining_time":0.360626326},
{"learn":[0.217918675],"iteration":513,"passed_time":0.3806889177,"remaining_time":0.359951},
{"learn":[0.217575576],"iteration":514,"passed_time":0.3814891687,"remaining_time":0.3592664987},
{"learn":[0.2173434149],"iteration":515,"passed_time":0.3823157703,"remaining_time":0.3586062651},
{"learn":[0.2168772582],"iteration":516,"passed_time":0.3831230213,"remaining_time":0.3579273101},
{"learn":[0.2166121797],"iteration":517,"passed_time":0.3834891166,"remaining_time":0.3568373633},
{"learn":[0.2164324141],"iteration":518,"passed_time":0.3842805474,"remaining_time":0.3561443994},
{"learn":[0.2161388094],"iteration":519,"passed_time":0.3850888483,"remaining_time":0.3554666292},
{"learn":[0.2158193999],"iteration":520,"passed_time":0.385871939,"remaining_time":0.35476518},
{"learn":[0.215461046],"iteration":521,"passed_time":0.3866544898,"remaining_time":0.3540629236},
{"learn":[0.2151843124],"iteration":522,"passed_time":0.3874518109,"remaining_time":0.3533738314},
{"learn":[0.214890759],"iteration":523,"passed_time":0.3882332719,"remaining_time":0.3526699187},
{"learn":[0.2146870689],"iteration":524,"passed_time":0.3884988453,"remaining_time":0.3514989553},
{"learn":[0.2144385097],"iteration":525,"passed_time":0.3887879292,"remaining_time":0.3503526206},
{"learn":[0.2141903414],"iteration":526,"passed_time":0.3895859002,"remaining_time":0.3496662823},
{"learn":[0.2139649064],"iteration":527,"passed_time":0.390376771,"remaining_time":0.3489731741},
{"learn":[0.2137947317],"iteration":528,"passed_time":0.390755886,"remaining_time":0.3479130857},
{"learn":[0.2136273804],"iteration":529,"passed_time":0.3915331269,"remaining_time":0.347208622},
{"learn":[0.2133762099],"iteration":530,"passed_time":0.3923359481,"remaining_time":0.3465264777},
{"learn":[0.2129961843],"iteration":531,"passed_time":0.3931354689,"remaining_time":0.3458409764},
{"learn":[0.2126747741],"iteration":532,"passed_time":0.39395032,"remaining_time":0.3451684793},
{"learn":[0.2123548169],"iteration":533,"passed_time":0.3947296205,"remaining_time":0.3444644254},
{"learn":[0.2119704548],"iteration":534,"passed_time":0.3955456019,"remaining_time":0.3437919718},
{"learn":[0.2117760372],"iteration":535,"passed_time":0.3960502688,"remaining_time":0.3428494865},
{"learn":[0.2115878209],"iteration":536,"passed_time":0.3968488896,"remaining_time":0.342162078},
{"learn":[0.2112889353],"iteration":537,"passed_time":0.3973567565,"remaining_time":0.3412245753},
{"learn":[0.2111128818],"iteration":538,"passed_time":0.3981571377,"remaining_time":0.3405388506},
{"learn":[0.210805505],"iteration":539,"passed_time":0.3986738448,"remaining_time":0.339611053},
{"learn":[0.210564907],"iteration":540,"passed_time":0.3990245096,"remaining_time":0.3385439},
{"learn":[0.2103443224],"iteration":541,"passed_time":0.3993016832,"remaining_time":0.3374172895},
{"learn":[0.2101715285],"iteration":542,"passed_time":0.399652428,"remaining_time":0.3363557267},
{"learn":[0.2099724026],"iteration":543,"passed_time":0.4004407388,"remaining_time":0.3356635605},
{"learn":[0.2097485417],"iteration":544,"passed_time":0.4008026336,"remaining_time":0.3346150427},
{"learn":[0.2095205427],"iteration":545,"passed_time":0.4016032148,"remaining_time":0.3339338086},
{"learn":[0.209268096],"iteration":546,"passed_time":0.402421866,"remaining_time":0.3332671029},
{"learn":[0.2090831184],"iteration":547,"passed_time":0.403205927,"remaining_time":0.332571312},
{"learn":[0.2088454273],"iteration":548,"passed_time":0.4035428818,"remaining_time":0.3315079047},
{"learn":[0.2084949544],"iteration":549,"passed_time":0.4043323726,"remaining_time":0.3308173958},
{"learn":[0.2082122046],"iteration":550,"passed_time":0.4051402637,"remaining_time":0.3301415216},
{"learn":[0.2080531882],"iteration":551,"passed_time":0.4059377849,"remaining_time":0.3294567529},
{"learn":[0.2078283664],"iteration":552,"passed_time":0.4064366717,"remaining_time":0.3285301849},
{"learn":[0.2076448915],"iteration":553,"passed_time":0.4072233327,"remaining_time":0.3278368347},
{"learn":[0.2072787969],"iteration":554,"passed_time":0.4080340239,"remaining_time":0.3271624155},
{"learn":[0.2067997827],"iteration":555,"passed_time":0.408244377,"remaining_time":0.3260080996},
{"learn":[0.206572582],"iteration":556,"passed_time":0.4090243574,"remaining_time":0.3253102161},
{"learn":[0.2062132046],"iteration":557,"passed_time":0.4098377388,"remaining_time":0.3246384956},
{"learn":[0.2059141153],"iteration":558,"passed_time":0.4106329497,"remaining_time":0.3239519335},
{"learn":[0.2056296463],"iteration":559,"passed_time":0.4114299406,"remaining_time":0.3232663819},
{"learn":[0.2053280483],"iteration":560,"passed_time":0.4122286116,"remaining_time":0.3225817478},
{"learn":[0.2050812924],"iteration":561,"passed_time":0.4130164722,"remaining_time":0.3218882826},
{"learn":[0.2047225193],"iteration":562,"passed_time":0.413801623,"remaining_time":0.3211923787},
{"learn":[0.2045088288],"iteration":563,"passed_time":0.4146220142,"remaining_time":0.3205234011},
{"learn":[0.2041946352],"iteration":564,"passed_time":0.4154091748,"remaining_time":0.3198283027},
{"learn":[0.2039889796],"iteration":565,"passed_time":0.4161971154,"remaining_time":0.3191334771},
{"learn":[0.2036287325],"iteration":566,"passed_time":0.4170588174,"remaining_time":0.3184946524},
{"learn":[0.2034491232],"iteration":567,"passed_time":0.4179000889,"remaining_time":0.3178395043},
{"learn":[0.2032754377],"iteration":568,"passed_time":0.4187156801,"remaining_time":0.3171642498},
{"learn":[0.2029518734],"iteration":569,"passed_time":0.4192047171,"remaining_time":0.316242155},
{"learn":[0.2027085477],"iteration":570,"passed_time":0.4200189784,"remaining_time":0.3155659225},
{"learn":[0.2023245424],"iteration":571,"passed_time":0.4203675232,"remaining_time":0.3145407342},
{"learn":[0.2020434395],"iteration":572,"passed_time":0.4211582941,"remaining_time":0.3138474547},
{"learn":[0.2017038582],"iteration":573,"passed_time":0.4219361745,"remaining_time":0.3131442689},
{"learn":[0.2014279752],"iteration":574,"passed_time":0.4223042098,"remaining_time":0.3121378942},
{"learn":[0.2012195421],"iteration":575,"passed_time":0.423122821,"remaining_time":0.3114654099},
{"learn":[0.2010279679],"iteration":576,"passed_time":0.4239176319,"remaining_time":0.3107749711},
{"learn":[0.2007655101],"iteration":577,"passed_time":0.4247750939,"remaining_time":0.3101299128},
{"learn":[0.2005820147],"iteration":578,"passed_time":0.4252713505,"remaining_time":0.3092214828},
{"learn":[0.2003990221],"iteration":579,"passed_time":0.4260612213,"remaining_time":0.3085270913},
{"learn":[0.2001852457],"iteration":580,"passed_time":0.4268586225,"remaining_time":0.3078378017},
{"learn":[0.1999572774],"iteration":581,"passed_time":0.4272123175,"remaining_time":0.3068294652},
{"learn":[0.1998473933],"iteration":582,"passed_time":0.4279921082,"remaining_time":0.306128146},
{"learn":[0.1994117254],"iteration":583,"passed_time":0.428264392,"remaining_time":0.3050650463},
{"learn":[0.1991954837],"iteration":584,"passed_time":0.4287828991,"remaining_time":0.3041793216},
{"learn":[0.1989866505],"iteration":585,"passed_time":0.4295775998,"remaining_time":0.3034899766},
{"learn":[0.1987435456],"iteration":586,"passed_time":0.4303867611,"remaining_time":0.3028104469},
{"learn":[0.1983449645],"iteration":587,"passed_time":0.4311682918,"remaining_time":0.302111116},
{"learn":[0.1981467824],"iteration":588,"passed_time":0.4313719244,"remaining_time":0.3010082528},
{"learn":[0.1979665224],"iteration":589,"passed_time":0.4321532151,"remaining_time":0.3003098613},
{"learn":[0.1977219323],"iteration":590,"passed_time":0.432952046,"remaining_time":0.299623328},
{"learn":[0.1973736628],"iteration":591,"passed_time":0.4332086295,"remaining_time":0.2985627041},
{"learn":[0.1971164404],"iteration":592,"passed_time":0.4339913403,"remaining_time":0.2978658946},
{"learn":[0.1967983783],"iteration":593,"passed_time":0.4343329952,"remaining_time":0.2968673334},
{"learn":[0.1965715529],"iteration":594,"passed_time":0.4361621901,"remaining_time":0.2968835075},
{"learn":[0.1962952203],"iteration":595,"passed_time":0.4369785412,"remaining_time":0.2962069306},
{"learn":[0.1960484664],"iteration":596,"passed_time":0.4377848523,"remaining_time":0.295523108},
{"learn":[0.1958446884],"iteration":597,"passed_time":0.4385692728,"remaining_time":0.29482416},
{"learn":[0.1955142231],"iteration":598,"passed_time":0.4394619949,"remaining_time":0.2941974289},
{"learn":[0.1953205847],"iteration":599,"passed_time":0.4402914765,"remaining_time":0.293527651},
{"learn":[0.1951262912],"iteration":600,"passed_time":0.4410751872,"remaining_time":0.2928269546},
{"learn":[0.1949393827],"iteration":601,"passed_time":0.4413583209,"remaining_time":0.2917950361},
{"learn":[0.1946109626],"iteration":602,"passed_time":0.4421500815,"remaining_time":0.2911004683},
{"learn":[0.1944048541],"iteration":603,"passed_time":0.4430036532,"remaining_time":0.2904461038},
{"learn":[0.194193416],"iteration":604,"passed_time":0.4441587891,"remaining_time":0.2899879697},
{"learn":[0.1939848183],"iteration":605,"passed_time":0.4451236823,"remaining_time":0.2894038462},
{"learn":[0.1937411691],"iteration":606,"passed_time":0.4454141263,"remaining_time":0.2883817984},
{"learn":[0.1935067582],"iteration":607,"passed_time":0.4462126972,"remaining_time":0.2876897653},
{"learn":[0.1932894675],"iteration":608,"passed_time":0.4470226781,"remaining_time":0.2870047079},
{"learn":[0.1930405454],"iteration":609,"passed_time":0.4478965501,"remaining_time":0.2863600894},
{"learn":[0.192835971],"iteration":610,"passed_time":0.4486897112,"remaining_time":0.2856633349},
{"learn":[0.1926134497],"iteration":611,"passed_time":0.4492075481,"remaining_time":0.2847917135},
{"learn":[0.1924259668],"iteration":612,"passed_time":0.4500426093,"remaining_time":0.2841215168},
{"learn":[0.1921372194],"iteration":613,"passed_time":0.4508483506,"remaining_time":0.2834323507},
{"learn":[0.1917905221],"iteration":614,"passed_time":0.4529878297,"remaining_time":0.283577747},
{"learn":[0.1915320647],"iteration":615,"passed_time":0.4540215439,"remaining_time":0.283026417},
{"learn":[0.1913282637],"iteration":616,"passed_time":0.4545326309,"remaining_time":0.2821491047},
{"learn":[0.1911048533],"iteration":617,"passed_time":0.4548093049,"remaining_time":0.2811280817},
{"learn":[0.1909771933],"iteration":618,"passed_time":0.4556143359,"remaining_time":0.280434672},
{"learn":[0.1907800402],"iteration":619,"passed_time":0.4558703692,"remaining_time":0.2794044198},
{"learn":[0.190643995],"iteration":620,"passed_time":0.4566838404,"remaining_time":0.2787168688},
{"learn":[0.1904814771],"iteration":621,"passed_time":0.4574731512,"remaining_time":0.2780142302},
{"learn":[0.1903266428],"iteration":622,"passed_time":0.4582753422,"remaining_time":0.2773191076},
{"learn":[0.1902104836],"iteration":623,"passed_time":0.4590744332,"remaining_time":0.2766217738},
{"learn":[0.1900574961],"iteration":624,"passed_time":0.4594355483,"remaining_time":0.275661329},
{"learn":[0.1897500084],"iteration":625,"passed_time":0.4602238094,"remaining_time":0.2749579947},
{"learn":[0.1895344409],"iteration":626,"passed_time":0.4605156232,"remaining_time":0.2739590549},
{"learn":[0.1893207333],"iteration":627,"passed_time":0.4613016339,"remaining_time":0.273255108},
{"learn":[0.189145951],"iteration":628,"passed_time":0.462093475,"remaining_time":0.272554339},
{"learn":[0.1888840668],"iteration":629,"passed_time":0.462890946,"remaining_time":0.2718565873},
{"learn":[0.1887624684],"iteration":630,"passed_time":0.4633983027,"remaining_time":0.2709888648},
{"learn":[0.1885918437],"iteration":631,"passed_time":0.4641889735,"remaining_time":0.2702872504},
{"learn":[0.1884661346],"iteration":632,"passed_time":0.4649722243,"remaining_time":0.2695810526},
{"learn":[0.188245424],"iteration":633,"passed_time":0.465772405,"remaining_time":0.2688843852},
{"learn":[0.188064498],"iteration":634,"passed_time":0.4665645959,"remaining_time":0.2681827992},
{"learn":[0.1877854203],"iteration":635,"passed_time":0.4673524467,"remaining_time":0.2674784443},
{"learn":[0.1876241565],"iteration":636,"passed_time":0.4681420877,"remaining_time":0.2667748475},
{"learn":[0.1873946527],"iteration":637,"passed_time":0.4684139817,"remaining_time":0.2657772122},
{"learn":[0.1871487405],"iteration":638,"passed_time":0.4691937324,"remaining_time":0.2650687596},
{"learn":[0.1868970604],"iteration":639,"passed_time":0.469984573,"remaining_time":0.2643663223},
{"learn":[0.1867435291],"iteration":640,"passed_time":0.4707641339,"remaining_time":0.2636572919},
{"learn":[0.1864453398],"iteration":641,"passed_time":0.4715344747,"remaining_time":0.2629429002},
{"learn":[0.1861617204],"iteration":642,"passed_time":0.4720368816,"remaining_time":0.262079575},
{"learn":[0.185965262],"iteration":643,"passed_time":0.4728442327,"remaining_time":0.2613859423},
{"learn":[0.1857744998],"iteration":644,"passed_time":0.4736105832,"remaining_time":0.2606693907},
{"learn":[0.1855226745],"iteration":645,"passed_time":0.4744191143,"remaining_time":0.2599757995},
{"learn":[0.1853344685],"iteration":646,"passed_time":0.4747846091,"remaining_time":0.2590401345},
{"learn":[0.1850859474],"iteration":647,"passed_time":0.4755664496,"remaining_time":0.2583323924},
{"learn":[0.18485801],"iteration":648,"passed_time":0.4763682908,"remaining_time":0.2576352389},
{"learn":[0.1847112237],"iteration":649,"passed_time":0.4771871318,"remaining_time":0.2569469171},
{"learn":[0.1844354199],"iteration":650,"passed_time":0.4779735524,"remaining_time":0.2562408138},
{"learn":[0.1842757576],"iteration":651,"passed_time":0.4787600431,"remaining_time":0.2555345016},
{"learn":[0.1840885565],"iteration":652,"passed_time":0.4795886345,"remaining_time":0.2548503157},
{"learn":[0.1839465123],"iteration":653,"passed_time":0.4803835156,"remaining_time":0.2541478538},
{"learn":[0.1836136208],"iteration":654,"passed_time":0.4809156029,"remaining_time":0.2533066916},
{"learn":[0.1833799745],"iteration":655,"passed_time":0.4817136939,"remaining_time":0.2526059614},
{"learn":[0.1831816943],"iteration":656,"passed_time":0.4825176849,"remaining_time":0.2519080151},
{"learn":[0.1829867001],"iteration":657,"passed_time":0.4833089357,"remaining_time":0.2512031247},
{"learn":[0.1828531716],"iteration":658,"passed_time":0.4835615992,"remaining_time":0.2502192797},
{"learn":[0.1825566575],"iteration":659,"passed_time":0.4843950609,"remaining_time":0.2495368495},
{"learn":[0.1824187172],"iteration":660,"passed_time":0.485208952,"remaining_time":0.2488439255},
{"learn":[0.1821908238],"iteration":661,"passed_time":0.4862384364,"remaining_time":0.2482607122},
{"learn":[0.1820735956],"iteration":662,"passed_time":0.4865583608,"remaining_time":0.2473154865},
{"learn":[0.1819147951],"iteration":663,"passed_time":0.4874989337,"remaining_time":0.2466862074},
{"learn":[0.1816545124],"iteration":664,"passed_time":0.4883046145,"remaining_time":0.2459880389},
{"learn":[0.1813729513],"iteration":665,"passed_time":0.4891127256,"remaining_time":0.2452907663},
{"learn":[0.1811950925],"iteration":666,"passed_time":0.4899062764,"remaining_time":0.2445858921},
{"learn":[0.181062502],"iteration":667,"passed_time":0.4906846173,"remaining_time":0.243873193},
{"learn":[0.1809025211],"iteration":668,"passed_time":0.4914648978,"remaining_time":0.2431612574},
{"learn":[0.1807721277],"iteration":669,"passed_time":0.4939070713,"remaining_time":0.243267662},
{"learn":[0.1805973283],"iteration":670,"passed_time":0.4947173526,"remaining_time":0.2425663324},
{"learn":[0.1804058005],"iteration":671,"passed_time":0.4954855032,"remaining_time":0.2418441146},
{"learn":[0.1802308208],"iteration":672,"passed_time":0.4962841341,"remaining_time":0.2411365704},
{"learn":[0.1800771903],"iteration":673,"passed_time":0.4971213954,"remaining_time":0.2404474405},
{"learn":[0.1797445074],"iteration":674,"passed_time":0.4979537268,"remaining_time":0.2397554981},
{"learn":[0.1794993404],"iteration":675,"passed_time":0.4987473377,"remaining_time":0.239044582},
{"learn":[0.1793553233],"iteration":676,"passed_time":0.4995365383,"remaining_time":0.2383313174},
{"learn":[0.1791673816],"iteration":677,"passed_time":0.5000489555,"remaining_time":0.2374863771},
{"learn":[0.17895265],"iteration":678,"passed_time":0.5008742669,"remaining_time":0.2367903382},
{"learn":[0.1788098817],"iteration":679,"passed_time":0.5016529873,"remaining_time":0.236071994},
{"learn":[0.1785331261],"iteration":680,"passed_time":0.5024767386,"remaining_time":0.2353745663},
{"learn":[0.1783562562],"iteration":681,"passed_time":0.5032760296,"remaining_time":0.2346653628},
{"learn":[0.1780764075],"iteration":682,"passed_time":0.5041215514,"remaining_time":0.2339773526},
{"learn":[0.1779155291],"iteration":683,"passed_time":0.504969803,"remaining_time":0.2332901429},
{"learn":[0.1776539112],"iteration":684,"passed_time":0.5057791541,"remaining_time":0.2325845745},
{"learn":[0.1773936685],"iteration":685,"passed_time":0.506590875,"remaining_time":0.2318797883},
{"learn":[0.1771910831],"iteration":686,"passed_time":0.5073952963,"remaining_time":0.231171365},
{"learn":[0.1770995631],"iteration":687,"passed_time":0.5076216096,"remaining_time":0.2302004974},
{"learn":[0.1768358316],"iteration":688,"passed_time":0.5084064502,"remaining_time":0.2294838984},
{"learn":[0.1766890639],"iteration":689,"passed_time":0.509197441,"remaining_time":0.2287698648},
{"learn":[0.1765123552],"iteration":690,"passed_time":0.5099790717,"remaining_time":0.2280514228},
{"learn":[0.1763811893],"iteration":691,"passed_time":0.5107440222,"remaining_time":0.2273253741},
{"learn":[0.1761913832],"iteration":692,"passed_time":0.5115535933,"remaining_time":0.22661898},
{"learn":[0.1760555633],"iteration":693,"passed_time":0.5123435642,"remaining_time":0.2259036464},
{"learn":[0.1758507427],"iteration":694,"passed_time":0.5131295549,"remaining_time":0.2251863514},
{"learn":[0.1756527326],"iteration":695,"passed_time":0.5139169857,"remaining_time":0.224469488},
{"learn":[0.1754971875],"iteration":696,"passed_time":0.5141827094,"remaining_time":0.2235256255},
{"learn":[0.17534424],"iteration":697,"passed_time":0.5149890404,"remaining_time":0.2228176078},
{"learn":[0.1752111467],"iteration":698,"passed_time":0.5157890812,"remaining_time":0.2221066001},
{"learn":[0.1750352197],"iteration":699,"passed_time":0.5165832721,"remaining_time":0.2213928309},
{"learn":[0.1747497345],"iteration":700,"passed_time":0.5173899431,"remaining_time":0.2206841555},
{"learn":[0.1746307138],"iteration":701,"passed_time":0.5181803438,"remaining_time":0.2199682941},
{"learn":[0.1745313562],"iteration":702,"passed_time":0.5183895466,"remaining_time":0.219006679},
{"learn":[0.174418938],"iteration":703,"passed_time":0.5191898976,"remaining_time":0.2182957524},
{"learn":[0.1742623536],"iteration":704,"passed_time":0.5197076349,"remaining_time":0.2174663153},
{"learn":[0.1740897591],"iteration":705,"passed_time":0.5205048956,"remaining_time":0.2167541633},
{"learn":[0.173833956],"iteration":706,"passed_time":0.5212741262,"remaining_time":0.2160301541},
{"learn":[0.1737264619],"iteration":707,"passed_time":0.5220815973,"remaining_time":0.2153217887},
{"learn":[0.1734346142],"iteration":708,"passed_time":0.5223446809,"remaining_time":0.2143897068},
{"learn":[0.1731738692],"iteration":709,"passed_time":0.5226890958,"remaining_time":0.2134927293},
{"learn":[0.1729189407],"iteration":710,"passed_time":0.5230165705,"remaining_time":0.2125904204},
{"learn":[0.1727017858],"iteration":711,"passed_time":0.5238230016,"remaining_time":0.2118834613},
{"learn":[0.1724844052],"iteration":712,"passed_time":0.5245983722,"remaining_time":0.2111637207},
{"learn":[0.1723279318],"iteration":713,"passed_time":0.5253888631,"remaining_time":0.2104498807},
{"learn":[0.1721251499],"iteration":714,"passed_time":0.5261613937,"remaining_time":0.2097286674},
{"learn":[0.1720238733],"iteration":715,"passed_time":0.526932674,"remaining_time":0.2090068148},
{"learn":[0.1718317412],"iteration":716,"passed_time":0.5277689353,"remaining_time":0.2083104724},
{"learn":[0.1717111478],"iteration":717,"passed_time":0.5279811782,"remaining_time":0.2073686521},
{"learn":[0.1715192301],"iteration":718,"passed_time":0.5287752491,"remaining_time":0.2066562517},
{"learn":[0.1713710598],"iteration":719,"passed_time":0.5295619398,"remaining_time":0.2059407544},
{"learn":[0.1712774478],"iteration":720,"passed_time":0.5303384305,"remaining_time":0.2052211125},
{"learn":[0.1712034188],"iteration":721,"passed_time":0.5305501632,"remaining_time":0.2042838578},
{"learn":[0.1710860827],"iteration":722,"passed_time":0.5313433341,"remaining_time":0.2035713742},
{"learn":[0.1709430692],"iteration":723,"passed_time":0.532128355,"remaining_time":0.2028555608},
{"learn":[0.1707927394],"iteration":724,"passed_time":0.5329239357,"remaining_time":0.2021435618},
{"learn":[0.1706551001],"iteration":725,"passed_time":0.5336984264,"remaining_time":0.201423373},
{"learn":[0.1703817458],"iteration":726,"passed_time":0.5345021574,"remaining_time":0.2007140151},
{"learn":[0.170131443],"iteration":727,"passed_time":0.5353040981,"remaining_time":0.200003729},
{"learn":[0.1699847457],"iteration":728,"passed_time":0.5358242653,"remaining_time":0.1991884443},
{"learn":[0.1698226865],"iteration":729,"passed_time":0.5365891958,"remaining_time":0.1984644971},
{"learn":[0.1696826351],"iteration":730,"passed_time":0.5371099029,"remaining_time":0.1976505662},
{"learn":[0.1694486166],"iteration":731,"passed_time":0.5376019097,"remaining_time":0.1968269287},
{"learn":[0.1692176041],"iteration":732,"passed_time":0.5384032407,"remaining_time":0.1961168694},
{"learn":[0.1690668781],"iteration":733,"passed_time":0.5392230017,"remaining_time":0.1954132404},
{"learn":[0.1689197778],"iteration":734,"passed_time":0.5394434647,"remaining_time":0.194493222},
{"learn":[0.1686893218],"iteration":735,"passed_time":0.5402423059,"remaining_time":0.1937825662},
{"learn":[0.1685222749],"iteration":736,"passed_time":0.5410530272,"remaining_time":0.1930759107},
{"learn":[0.1683688301],"iteration":737,"passed_time":0.5418573182,"remaining_time":0.1923666902},
{"learn":[0.1681704252],"iteration":738,"passed_time":0.5426514594,"remaining_time":0.1916536277},
{"learn":[0.1680175892],"iteration":739,"passed_time":0.5434404604,"remaining_time":0.1909385401},
{"learn":[0.1677843332],"iteration":740,"passed_time":0.5437051343,"remaining_time":0.1900399862},
{"learn":[0.1676505824],"iteration":741,"passed_time":0.544038769,"remaining_time":0.1891671192},
{"learn":[0.1675283723],"iteration":742,"passed_time":0.5443941139,"remaining_time":0.188303213},
{"learn":[0.1673709096],"iteration":743,"passed_time":0.5451932649,"remaining_time":0.1875933815},
{"learn":[0.1672272668],"iteration":744,"passed_time":0.5459861255,"remaining_time":0.1868811571},
{"learn":[0.1670342777],"iteration":745,"passed_time":0.5468006469,"remaining_time":0.1861760916},
{"learn":[0.166839563],"iteration":746,"passed_time":0.5475990677,"remaining_time":0.1854652799},
{"learn":[0.1667386034],"iteration":747,"passed_time":0.5484436095,"remaining_time":0.1847697722},
{"learn":[0.1664950765],"iteration":748,"passed_time":0.5487947343,"remaining_time":0.1839085158},
{"learn":[0.1663695364],"iteration":749,"passed_time":0.5495888154,"remaining_time":0.1831962718},
{"learn":[0.1662412081],"iteration":750,"passed_time":0.5503919962,"remaining_time":0.182486827},
{"learn":[0.1661280526],"iteration":751,"passed_time":0.5511720669,"remaining_time":0.1817695114},
{"learn":[0.1660076707],"iteration":752,"passed_time":0.5519849882,"remaining_time":0.1810628049},
{"learn":[0.1658034344],"iteration":753,"passed_time":0.5527451387,"remaining_time":0.1803385996},
{"learn":[0.1656636752],"iteration":754,"passed_time":0.5535630797,"remaining_time":0.1796330523},
{"learn":[0.1655025971],"iteration":755,"passed_time":0.5540705066,"remaining_time":0.1788269889},
{"learn":[0.1653070508],"iteration":756,"passed_time":0.5545486234,"remaining_time":0.1780123058},
{"learn":[0.1651819148],"iteration":757,"passed_time":0.5548252374,"remaining_time":0.1771341787},
{"learn":[0.1650620772],"iteration":758,"passed_time":0.5556262186,"remaining_time":0.1764241353},
{"learn":[0.1648608764],"iteration":759,"passed_time":0.5561389754,"remaining_time":0.1756228343},
{"learn":[0.1646325109],"iteration":760,"passed_time":0.5569430762,"remaining_time":0.1749137914},
{"learn":[0.1644942658],"iteration":761,"passed_time":0.5577374169,"remaining_time":0.1742014504},
{"learn":[0.1643149266],"iteration":762,"passed_time":0.5582270836,"remaining_time":0.173394258},
{"learn":[0.1640825252],"iteration":763,"passed_time":0.5590237443,"remaining_time":0.1726827273},
{"learn":[0.1639258407],"iteration":764,"passed_time":0.5598096951,"remaining_time":0.1719676841},
{"learn":[0.1636862002],"iteration":765,"passed_time":0.5605975161,"remaining_time":0.1712530271},
{"learn":[0.1635854264],"iteration":766,"passed_time":0.5613693565,"remaining_time":0.1705333247},
{"learn":[0.1633706191],"iteration":767,"passed_time":0.5621670474,"remaining_time":0.1698212956},
{"learn":[0.163280255],"iteration":768,"passed_time":0.5629682887,"remaining_time":0.1691101101},
{"learn":[0.1631796809],"iteration":769,"passed_time":0.5632355625,"remaining_time":0.168239194},
{"learn":[0.163003089],"iteration":770,"passed_time":0.5640165533,"remaining_time":0.1675224263},
{"learn":[0.162842325],"iteration":771,"passed_time":0.5648108339,"remaining_time":0.1668094173},
{"learn":[0.1626593197],"iteration":772,"passed_time":0.5656065048,"remaining_time":0.1660966062},
{"learn":[0.1625261317],"iteration":773,"passed_time":0.5664562965,"remaining_time":0.1653993837},
{"learn":[0.1623574319],"iteration":774,"passed_time":0.5672643973,"remaining_time":0.1646896637},
{"learn":[0.1622291872],"iteration":775,"passed_time":0.5680652186,"remaining_time":0.1639775889},
{"learn":[0.1620969108],"iteration":776,"passed_time":0.5688580592,"remaining_time":0.1632629951},
{"learn":[0.162001665],"iteration":777,"passed_time":0.5696368601,"remaining_time":0.162544194},
{"learn":[0.1618284368],"iteration":778,"passed_time":0.5704392311,"remaining_time":0.1618319256},
{"learn":[0.1617151943],"iteration":779,"passed_time":0.5709318979,"remaining_time":0.1610320738},
{"learn":[0.1614695103],"iteration":780,"passed_time":0.5717373289,"remaining_time":0.1603207107},
{"learn":[0.1613296041],"iteration":781,"passed_time":0.5725377399,"remaining_time":0.1596077075},
{"learn":[0.1611737594],"iteration":782,"passed_time":0.5733269507,"remaining_time":0.1588913771},
{"learn":[0.1611010725],"iteration":783,"passed_time":0.5741098317,"remaining_time":0.1581731169},
{"learn":[0.1609249706],"iteration":784,"passed_time":0.5748982527,"remaining_time":0.1574562093},
{"learn":[0.1607375741],"iteration":785,"passed_time":0.5756806732,"remaining_time":0.1567374861},
{"learn":[0.1605576272],"iteration":786,"passed_time":0.5764783442,"remaining_time":0.1560227285},
{"learn":[0.1603141368],"iteration":787,"passed_time":0.5772733351,"remaining_time":0.1553070394},
{"learn":[0.1601883837],"iteration":788,"passed_time":0.5780900463,"remaining_time":0.1545969579},
{"learn":[0.1600132643],"iteration":789,"passed_time":0.5788781473,"remaining_time":0.1538790012},
{"learn":[0.1598850772],"iteration":790,"passed_time":0.5791309508,"remaining_time":0.1530194295},
{"learn":[0.1597047624],"iteration":791,"passed_time":0.5800269128,"remaining_time":0.1523303003},
{"learn":[0.1595563053],"iteration":792,"passed_time":0.5808383639,"remaining_time":0.1516185893},
{"learn":[0.159345109],"iteration":793,"passed_time":0.581626165,"remaining_time":0.1509004912},
{"learn":[0.1591265964],"iteration":794,"passed_time":0.5825106073,"remaining_time":0.1502071377},
{"learn":[0.159024436],"iteration":795,"passed_time":0.5832938381,"remaining_time":0.1494873655},
{"learn":[0.1588782883],"iteration":796,"passed_time":0.5841331696,"remaining_time":0.1487817232},
{"learn":[0.158726959],"iteration":797,"passed_time":0.5849343108,"remaining_time":0.1480660787},
{"learn":[0.1586405405],"iteration":798,"passed_time":0.5857429721,"remaining_time":0.1473521119},
{"learn":[0.1584912192],"iteration":799,"passed_time":0.5865285327,"remaining_time":0.1466321332},
{"learn":[0.1583743897],"iteration":800,"passed_time":0.5868658973,"remaining_time":0.1458006411},
{"learn":[0.1582672943],"iteration":801,"passed_time":0.5876729181,"remaining_time":0.1450863314},
{"learn":[0.1581987739],"iteration":802,"passed_time":0.588468809,"remaining_time":0.1443690602},
{"learn":[0.1580688704],"iteration":803,"passed_time":0.5892455797,"remaining_time":0.1436469324},
{"learn":[0.1579190444],"iteration":804,"passed_time":0.5900326203,"remaining_time":0.1429271565},
{"learn":[0.1578150831],"iteration":805,"passed_time":0.5908110207,"remaining_time":0.142205134},
{"learn":[0.1576759424],"iteration":806,"passed_time":0.5916218216,"remaining_time":0.1414907207},
{"learn":[0.1575521055],"iteration":807,"passed_time":0.5924225424,"remaining_time":0.1407736734},
{"learn":[0.1573891806],"iteration":808,"passed_time":0.5932207231,"remaining_time":0.1400558197},
{"learn":[0.1572324204],"iteration":809,"passed_time":0.5940100237,"remaining_time":0.1393356846},
{"learn":[0.1570744573],"iteration":810,"passed_time":0.5947864641,"remaining_time":0.1386123819},
{"learn":[0.1569079894],"iteration":811,"passed_time":0.5955695246,"remaining_time":0.1378904811},
{"learn":[0.1567819128],"iteration":812,"passed_time":0.5960676617,"remaining_time":0.1371028939},
{"learn":[0.1565810681],"iteration":813,"passed_time":0.5964162163,"remaining_time":0.1362818381},
{"learn":[0.1564783977],"iteration":814,"passed_time":0.597199247,"remaining_time":0.1355605653},
{"learn":[0.1563433033],"iteration":815,"passed_time":0.5974650906,"remaining_time":0.1347225204},
{"learn":[0.1562635107],"iteration":816,"passed_time":0.5977311241,"remaining_time":0.1338859189},
{"learn":[0.1561137741],"iteration":817,"passed_time":0.5985374151,"remaining_time":0.1331709163},
{"learn":[0.1559218295],"iteration":818,"passed_time":0.5989021703,"remaining_time":0.1323581109},
{"learn":[0.1558031371],"iteration":819,"passed_time":0.5997095116,"remaining_time":0.1316435513},
{"learn":[0.1556829849],"iteration":820,"passed_time":0.5999577048,"remaining_time":0.1308068565},
{"learn":[0.1556065532],"iteration":821,"passed_time":0.600770116,"remaining_time":0.1300937721},
{"learn":[0.1554076178],"iteration":822,"passed_time":0.6015315064,"remaining_time":0.1293694734},
{"learn":[0.1553116788],"iteration":823,"passed_time":0.6017398693,"remaining_time":0.1285269624},
{"learn":[0.1551131196],"iteration":824,"passed_time":0.6025280303,"remaining_time":0.1278089761},
{"learn":[0.1549736975],"iteration":825,"passed_time":0.6033055312,"remaining_time":0.1270885744},
{"learn":[0.1548179647],"iteration":826,"passed_time":0.6041099924,"remaining_time":0.1263736744},
{"learn":[0.1547286686],"iteration":827,"passed_time":0.6043619159,"remaining_time":0.1255437796},
{"learn":[0.1546361148],"iteration":828,"passed_time":0.6051364363,"remaining_time":0.1248230767},
{"learn":[0.154523593],"iteration":829,"passed_time":0.6059253773,"remaining_time":0.1241051978},
{"learn":[0.1544203983],"iteration":830,"passed_time":0.6067199482,"remaining_time":0.1233882927},
{"learn":[0.1543191232],"iteration":831,"passed_time":0.6075181392,"remaining_time":0.1226719319},
{"learn":[0.1541832514],"iteration":832,"passed_time":0.60830489,"remaining_time":0.1219530812},
{"learn":[0.1540360119],"iteration":833,"passed_time":0.6090802006,"remaining_time":0.1212317905},
{"learn":[0.1538198048],"iteration":834,"passed_time":0.6094391557,"remaining_time":0.1204280966},
{"learn":[0.1536944357],"iteration":835,"passed_time":0.6102352067,"remaining_time":0.1197112128},
{"learn":[0.1535275134],"iteration":836,"passed_time":0.6110250775,"remaining_time":0.1189929362},
{"learn":[0.1533729082],"iteration":837,"passed_time":0.6117960081,"remaining_time":0.1182708273},
{"learn":[0.1531587331],"iteration":838,"passed_time":0.6126552701,"remaining_time":0.1175655524},
{"learn":[0.1530095314],"iteration":839,"passed_time":0.6134643212,"remaining_time":0.1168503469},
{"learn":[0.1529215066],"iteration":840,"passed_time":0.6142977926,"remaining_time":0.1161395351},
{"learn":[0.1528058247],"iteration":841,"passed_time":0.6145526659,"remaining_time":0.1153198589},
{"learn":[0.1526433181],"iteration":842,"passed_time":0.6153577169,"remaining_time":0.1146039876},
{"learn":[0.1525209101],"iteration":843,"passed_time":0.6161446375,"remaining_time":0.1138845538},
{"learn":[0.1524227628],"iteration":844,"passed_time":0.6169451587,"remaining_time":0.1131674551},
{"learn":[0.1522970424],"iteration":845,"passed_time":0.6174574257,"remaining_time":0.1123976874},
{"learn":[0.1521807352],"iteration":846,"passed_time":0.6178193707,"remaining_time":0.1116013739},
{"learn":[0.1520842851],"iteration":847,"passed_time":0.6186206617,"remaining_time":0.1108848356},
{"learn":[0.1518397834],"iteration":848,"passed_time":0.6188582951,"remaining_time":0.1100678475},
{"learn":[0.1516961338],"iteration":849,"passed_time":0.6196785264,"remaining_time":0.1093550341},
{"learn":[0.1515819948],"iteration":850,"passed_time":0.6204721773,"remaining_time":0.1086373142},
{"learn":[0.151514668],"iteration":851,"passed_time":0.6212644281,"remaining_time":0.107919173},
{"learn":[0.1513709211],"iteration":852,"passed_time":0.6220779295,"remaining_time":0.1072045201},
{"learn":[0.1512598855],"iteration":853,"passed_time":0.6224388145,"remaining_time":0.1064122563},
{"learn":[0.15118874],"iteration":854,"passed_time":0.6227230984,"remaining_time":0.1056080108},
{"learn":[0.1509815367],"iteration":855,"passed_time":0.6229975319,"remaining_time":0.1048033231},
{"learn":[0.1508210932],"iteration":856,"passed_time":0.623789113,"remaining_time":0.1040861647},
{"learn":[0.150740795],"iteration":857,"passed_time":0.624592664,"remaining_time":0.1033708139},
{"learn":[0.1506089866],"iteration":858,"passed_time":0.6253750045,"remaining_time":0.1026517761},
{"learn":[0.1505495168],"iteration":859,"passed_time":0.6261448351,"remaining_time":0.1019305545},
{"learn":[0.1504220865],"iteration":860,"passed_time":0.6269340357,"remaining_time":0.1012123472},
{"learn":[0.1502802787],"iteration":861,"passed_time":0.6277256563,"remaining_time":0.1004943626},
{"learn":[0.1500781384],"iteration":862,"passed_time":0.6284967469,"remaining_time":0.09977294823},
{"learn":[0.149966174],"iteration":863,"passed_time":0.6293008179,"remaining_time":0.09905661023},
{"learn":[0.1498111237],"iteration":864,"passed_time":0.6300913185,"remaining_time":0.09833795145},
{"learn":[0.1496597978],"iteration":865,"passed_time":0.6308813894,"remaining_time":0.09761906025},
{"learn":[0.1495765658],"iteration":866,"passed_time":0.63167685,"remaining_time":0.09690083167},
{"learn":[0.1494750571],"iteration":867,"passed_time":0.6320085946,"remaining_time":0.09611190609},
{"learn":[0.1493661457],"iteration":868,"passed_time":0.6327896453,"remaining_time":0.09539176471},
{"learn":[0.1492419433],"iteration":869,"passed_time":0.6332929922,"remaining_time":0.09462998734},
{"learn":[0.1491063897],"iteration":870,"passed_time":0.6341010131,"remaining_time":0.09391392731},
{"learn":[0.1490155361],"iteration":871,"passed_time":0.6348869038,"remaining_time":0.0931944079},
{"learn":[0.1488747621],"iteration":872,"passed_time":0.6356673248,"remaining_time":0.09247394072},
{"learn":[0.1487362844],"iteration":873,"passed_time":0.6364572756,"remaining_time":0.09175471021},
{"learn":[0.1485831444],"iteration":874,"passed_time":0.6372853972,"remaining_time":0.09104077103},
{"learn":[0.1484750035],"iteration":875,"passed_time":0.6380742978,"remaining_time":0.09032101932},
{"learn":[0.1483890742],"iteration":876,"passed_time":0.6384275426,"remaining_time":0.08954000883},
{"learn":[0.1483382759],"iteration":877,"passed_time":0.6392923047,"remaining_time":0.08883104917},
{"learn":[0.1482361399],"iteration":878,"passed_time":0.6401021256,"remaining_time":0.08811417201},
{"learn":[0.1481428503],"iteration":879,"passed_time":0.6409026268,"remaining_time":0.08739581274},
{"learn":[0.1480284817],"iteration":880,"passed_time":0.6417096881,"remaining_time":0.0866781531},
{"learn":[0.1478631746],"iteration":881,"passed_time":0.6424962789,"remaining_time":0.08595755205},
{"learn":[0.147767192],"iteration":882,"passed_time":0.6430123957,"remaining_time":0.08520096297},
{"learn":[0.1476694746],"iteration":883,"passed_time":0.6432183088,"remaining_time":0.08440421246},
{"learn":[0.1475937015],"iteration":884,"passed_time":0.6435710136,"remaining_time":0.08362787182},
{"learn":[0.1474929481],"iteration":885,"passed_time":0.6443845048,"remaining_time":0.08291177601},
{"learn":[0.1473605183],"iteration":886,"passed_time":0.6446594783,"remaining_time":0.08212685575},
{"learn":[0.1472449185],"iteration":887,"passed_time":0.6454652494,"remaining_time":0.08141003145},
{"learn":[0.147056841],"iteration":888,"passed_time":0.6458116541,"remaining_time":0.08063565085},
{"learn":[0.146975463],"iteration":889,"passed_time":0.6465804247,"remaining_time":0.07991443451},
{"learn":[0.1468366008],"iteration":890,"passed_time":0.6473672452,"remaining_time":0.07919531956},
{"learn":[0.1467160338],"iteration":891,"passed_time":0.6481467257,"remaining_time":0.0784751641},
{"learn":[0.1465876288],"iteration":892,"passed_time":0.6489535568,"remaining_time":0.07775815294},
{"learn":[0.1464822634],"iteration":893,"passed_time":0.6494583837,"remaining_time":0.07700513274},
{"learn":[0.1463163143],"iteration":894,"passed_time":0.6503235155,"remaining_time":0.07629493758},
{"learn":[0.1462218317],"iteration":895,"passed_time":0.6511127664,"remaining_time":0.07557558895},
{"learn":[0.1460775738],"iteration":896,"passed_time":0.6514423211,"remaining_time":0.07480329886},
{"learn":[0.1459759098],"iteration":897,"passed_time":0.6522382823,"remaining_time":0.07408497193},
{"learn":[0.1457943565],"iteration":898,"passed_time":0.6530364932,"remaining_time":0.07336672504},
{"learn":[0.1457150637],"iteration":899,"passed_time":0.65353456,"remaining_time":0.07261495111},
{"learn":[0.1455755077],"iteration":900,"passed_time":0.6543119005,"remaining_time":0.07189442636},
{"learn":[0.1453543789],"iteration":901,"passed_time":0.6551096114,"remaining_time":0.07117598882},
{"learn":[0.1452687754],"iteration":902,"passed_time":0.6559243724,"remaining_time":0.07045920722},
{"learn":[0.1451576728],"iteration":903,"passed_time":0.6567157432,"remaining_time":0.06973972494},
{"learn":[0.1450589128],"iteration":904,"passed_time":0.6575160444,"remaining_time":0.06902102124},
{"learn":[0.1449303432],"iteration":905,"passed_time":0.6582945751,"remaining_time":0.06829987865},
{"learn":[0.1447815192],"iteration":906,"passed_time":0.6591063662,"remaining_time":0.06758201991},
{"learn":[0.1446762886],"iteration":907,"passed_time":0.6598853071,"remaining_time":0.06686062583},
{"learn":[0.1445346724],"iteration":908,"passed_time":0.6607258684,"remaining_time":0.06614527396},
{"learn":[0.1444472065],"iteration":909,"passed_time":0.6612235353,"remaining_time":0.06539573426},
{"learn":[0.144367647],"iteration":910,"passed_time":0.6620179359,"remaining_time":0.06467573688},
{"learn":[0.1442027893],"iteration":911,"passed_time":0.6628037165,"remaining_time":0.06395474457},
{"learn":[0.1440987988],"iteration":912,"passed_time":0.6636141076,"remaining_time":0.06323595549},
{"learn":[0.1439959773],"iteration":913,"passed_time":0.6644116785,"remaining_time":0.06251575969},
{"learn":[0.1439030586],"iteration":914,"passed_time":0.6651880492,"remaining_time":0.06179342533},
{"learn":[0.143775702],"iteration":915,"passed_time":0.6659691199,"remaining_time":0.06107140401},
{"learn":[0.1437101437],"iteration":916,"passed_time":0.6667544004,"remaining_time":0.06034963494},
{"learn":[0.1435880627],"iteration":917,"passed_time":0.6675719819,"remaining_time":0.05963061276},
{"learn":[0.143509879],"iteration":918,"passed_time":0.6683778729,"remaining_time":0.05891034571},
{"learn":[0.1434046973],"iteration":919,"passed_time":0.6687345578,"remaining_time":0.05815083111},
{"learn":[0.143310948],"iteration":920,"passed_time":0.6695432787,"remaining_time":0.05743096527},
{"learn":[0.1432208903],"iteration":921,"passed_time":0.6703203693,"remaining_time":0.05670823081},
{"learn":[0.1431279573],"iteration":922,"passed_time":0.6711125002,"remaining_time":0.05598663328},
{"learn":[0.1430239394],"iteration":923,"passed_time":0.6719023613,"remaining_time":0.05526469638},
{"learn":[0.1429027251],"iteration":924,"passed_time":0.6724296485,"remaining_time":0.05452132285},
{"learn":[0.1427881977],"iteration":925,"passed_time":0.673212209,"remaining_time":0.05379881584},
{"learn":[0.1426522619],"iteration":926,"passed_time":0.67399897,"remaining_time":0.05307651004},
{"learn":[0.1425418277],"iteration":927,"passed_time":0.6744872967,"remaining_time":0.05233091095},
{"learn":[0.142425907],"iteration":928,"passed_time":0.6752784276,"remaining_time":0.05160900792},
{"learn":[0.1423048714],"iteration":929,"passed_time":0.6760565982,"remaining_time":0.05088598051},
{"learn":[0.1421902419],"iteration":930,"passed_time":0.6768276888,"remaining_time":0.05016230991},
{"learn":[0.1420488607],"iteration":931,"passed_time":0.6776516303,"remaining_time":0.04944239363},
{"learn":[0.141862134],"iteration":932,"passed_time":0.6779601946,"remaining_time":0.04868524441},
{"learn":[0.1417163625],"iteration":933,"passed_time":0.6787538352,"remaining_time":0.04796333311},
{"learn":[0.1415944705],"iteration":934,"passed_time":0.6795319161,"remaining_time":0.04724018668},
{"learn":[0.1414894354],"iteration":935,"passed_time":0.6798930108,"remaining_time":0.046488411},
{"learn":[0.1413911395],"iteration":936,"passed_time":0.6806831515,"remaining_time":0.04576631648},
{"learn":[0.1412990665],"iteration":937,"passed_time":0.6814648022,"remaining_time":0.04504351571},
{"learn":[0.1411935668],"iteration":938,"passed_time":0.6822420728,"remaining_time":0.04432030505},
{"learn":[0.1411284521],"iteration":939,"passed_time":0.6830419438,"remaining_time":0.04359842195},
{"learn":[0.1409631342],"iteration":940,"passed_time":0.6838250243,"remaining_time":0.04287532033},
{"learn":[0.1408513872],"iteration":941,"passed_time":0.6846116249,"remaining_time":0.04215230811},
{"learn":[0.1407361524],"iteration":942,"passed_time":0.6854036358,"remaining_time":0.04142948806},
{"learn":[0.1406238612],"iteration":943,"passed_time":0.685932983,"remaining_time":0.04069093967},
{"learn":[0.1405212464],"iteration":944,"passed_time":0.6867200636,"remaining_time":0.03996783439},
{"learn":[0.1403992034],"iteration":945,"passed_time":0.687610986,"remaining_time":0.0392505214},
{"learn":[0.1402775841],"iteration":946,"passed_time":0.6879482707,"remaining_time":0.03850185675},
{"learn":[0.1401757271],"iteration":947,"passed_time":0.6888128425,"remaining_time":0.03778298292},
{"learn":[0.1400523601],"iteration":948,"passed_time":0.6893258798,"remaining_time":0.03704491029},
{"learn":[0.1399030397],"iteration":949,"passed_time":0.6896577443,"remaining_time":0.03629777602},
{"learn":[0.139788528],"iteration":950,"passed_time":0.6904596753,"remaining_time":0.03557573511},
{"learn":[0.1396408369],"iteration":951,"passed_time":0.691239366,"remaining_time":0.03485240501},
{"learn":[0.1395241862],"iteration":952,"passed_time":0.6917408431,"remaining_time":0.0341152357},
{"learn":[0.1394255059],"iteration":953,"passed_time":0.6925767346,"remaining_time":0.03339468531},
{"learn":[0.1393057684],"iteration":954,"passed_time":0.6930688413,"remaining_time":0.03265769409},
{"learn":[0.1392078424],"iteration":955,"passed_time":0.6933492754,"remaining_time":0.03191147293},
{"learn":[0.1390531513],"iteration":956,"passed_time":0.6941402165,"remaining_time":0.03118916333},
{"learn":[0.1389128033],"iteration":957,"passed_time":0.6949206272,"remaining_time":0.03046624879},
{"learn":[0.1387857213],"iteration":958,"passed_time":0.6957103682,"remaining_time":0.02974361324},
{"learn":[0.1386609082],"iteration":959,"passed_time":0.6965246092,"remaining_time":0.02902185871},
{"learn":[0.1385777461],"iteration":960,"passed_time":0.6973246704,"remaining_time":0.02829933626},
{"learn":[0.1384736045],"iteration":961,"passed_time":0.6981190212,"remaining_time":0.02757642703},
{"learn":[0.1383859144],"iteration":962,"passed_time":0.6989113721,"remaining_time":0.02685329259},
{"learn":[0.1382664818],"iteration":963,"passed_time":0.6991706357,"remaining_time":0.02611010673},
{"learn":[0.138163933],"iteration":964,"passed_time":0.6999644466,"remaining_time":0.02538731153},
{"learn":[0.1380632446],"iteration":965,"passed_time":0.7007556974,"remaining_time":0.0246642792},
{"learn":[0.1379732729],"iteration":966,"passed_time":0.7015444882,"remaining_time":0.02394102183},
{"learn":[0.1378440398],"iteration":967,"passed_time":0.7020533152,"remaining_time":0.02320837406},
{"learn":[0.1377490016],"iteration":968,"passed_time":0.702841246,"remaining_time":0.02248511726},
{"learn":[0.1376339134],"iteration":969,"passed_time":0.7036237065,"remaining_time":0.02176155793},
{"learn":[0.1375079858],"iteration":970,"passed_time":0.7041040131,"remaining_time":0.02102885312},
{"learn":[0.137386471],"iteration":971,"passed_time":0.7048885839,"remaining_time":0.02030543246},
{"learn":[0.1373193152],"iteration":972,"passed_time":0.7056793747,"remaining_time":0.0195820587},
{"learn":[0.1372325684],"iteration":973,"passed_time":0.706500526,"remaining_time":0.01885935696},
{"learn":[0.1371215406],"iteration":974,"passed_time":0.7072880368,"remaining_time":0.01813559069},
{"learn":[0.1370155538],"iteration":975,"passed_time":0.7080781178,"remaining_time":0.017411757},
{"learn":[0.1369311223],"iteration":976,"passed_time":0.7085832848,"remaining_time":0.0166810804},
{"learn":[0.1368813676],"iteration":977,"passed_time":0.7093729356,"remaining_time":0.0159572644},
{"learn":[0.1368055774],"iteration":978,"passed_time":0.7101449262,"remaining_time":0.01523293509},
{"learn":[0.1366469865],"iteration":979,"passed_time":0.7109563373,"remaining_time":0.01450931301},
{"learn":[0.1365643999],"iteration":980,"passed_time":0.7117539882,"remaining_time":0.01378524544},
{"learn":[0.1365058764],"iteration":981,"passed_time":0.7125423688,"remaining_time":0.01306085808},
{"learn":[0.1364248322],"iteration":982,"passed_time":0.7127510717,"remaining_time":0.01232631558},
{"learn":[0.1362636084],"iteration":983,"passed_time":0.7135548227,"remaining_time":0.01160251744},
{"learn":[0.1361243075],"iteration":984,"passed_time":0.7143392432,"remaining_time":0.01087826259},
{"learn":[0.136010146],"iteration":985,"passed_time":0.7151639946,"remaining_time":0.01015445834},
{"learn":[0.1359265408],"iteration":986,"passed_time":0.7154368983,"remaining_time":0.009423181031},
{"learn":[0.1358235244],"iteration":987,"passed_time":0.7162344795,"remaining_time":0.008699204204},
{"learn":[0.1357032828],"iteration":988,"passed_time":0.7170271001,"remaining_time":0.007975023358},
{"learn":[0.1356276552],"iteration":989,"passed_time":0.7178034908,"remaining_time":0.007250540311},
{"learn":[0.1355121414],"iteration":990,"passed_time":0.7185920313,"remaining_time":0.006526062848},
{"learn":[0.1353743736],"iteration":991,"passed_time":0.7194048625,"remaining_time":0.005801652117},
{"learn":[0.1352904625],"iteration":992,"passed_time":0.7202162438,"remaining_time":0.005077053078},
{"learn":[0.1351858412],"iteration":993,"passed_time":0.7210060347,"remaining_time":0.004352149103},
{"learn":[0.135055327],"iteration":994,"passed_time":0.7217946655,"remaining_time":0.003627108872},
{"learn":[0.1349610745],"iteration":995,"passed_time":0.7226101065,"remaining_time":0.00290204862},
{"learn":[0.1349219255],"iteration":996,"passed_time":0.7233859473,"remaining_time":0.002176687906},
{"learn":[0.1348435493],"iteration":997,"passed_time":0.724167098,"remaining_time":0.001451236669},
{"learn":[0.1347459413],"iteration":998,"passed_time":0.724965229,"remaining_time":0.0007256909199},
{"learn":[0.1346553374],"iteration":999,"passed_time":0.72576994,"remaining_time":0}
]}