,att_original_names,shap_m1,shap_m2,shap_m3,shap_m4,eli5_m1,eli5_m2,eli5_m3,eli5_m4,dalex_m1,dalex_m2,dalex_m3,dalex_m4,ci_m1,ci_m2,ci_m3,ci_m4,skater_m1,skater_m2,skater_m3,skater_m4,lofo_m1,lofo_m2,lofo_m3,lofo_m4,exirt_m1,exirt_m2,exirt_m3,exirt_m4
0,V1,V3,V15,V4,V4,… 1 more …,… 1 more …,… 1 more …,… 1 more …,V9,V2,V9,V12,V3,V3,V4,V17,V15,V15,V4,V15,V6,V9,V8,V11,V18,V15,V15,V18
1,V2,V15,V3,V15,V16,V16,V15,V9,V15,V14,V12,V5,V2,V7,V4,V3,V11,V3,V16,V3,V16,V4,V8,V6,V2,V16,V17,V17,V19
2,V3,V16,V16,V16,V15,V15,V18,V6,V19,V12,V18,V18,V6,V16,V12,V15,V4,V16,V3,V15,V4,V3,V7,V5,V18,V15,V13,V3,V16
3,V4,V19,V4,V3,V3,V10,V13,V2,V12,V4,V1,V14,V18,V2,V15,V17,V19,V18,V4,V16,V18,V15,V6,V20,V17,V3,V10,V19,V7
4,V5,V18,V18,V6,V18,V5,V10,V18,V4,V13,V20,V7,V19,V12,V6,V11,V6,V17,V18,V10,V3,V1,V5,V18,V5,V17,V16,V10,V9
5,V6,V7,V8,V18,V6,V6,V6,V14,V7,V2,V9,V6,V8,V17,V18,V18,V9,V7,V17,V17,V19,V9,V4,V16,V20,V19,V3,V4,V6
6,V7,V8,V19,V8,V7,V7,V5,V13,V1,V7,V14,V17,V13,V18,V16,V12,V16,V19,V19,V8,V2,V8,V3,V15,V3,V5,V4,V8,V15
7,V8,V10,V1,V10,V13,V11,V20,V12,V18,V20,V7,V20,V7,V10,V17,V8,V15,V9,V2,V6,V6,V5,V20,V13,V16,V7,V9,V9,V17
8,V9,V2,V6,V17,V19,V3,V2,V11,V13,V1,V6,V8,V9,V19,V10,V7,V12,V2,V10,V18,V17,V2,V2,V12,V13,V1,V1,V1,V4
9,V10,V17,V7,V12,V2,V12,V17,V8,V10,V6,V5,V1,V5,V8,V19,V14,V18,V5,V7,V12,V12,V19,V19,V11,V12,V9,V19,V5,V3
10,V11,V1,V10,V19,V12,V1,V16,V16,V3,V17,V17,V12,V1,V9,V7,V10,V5,V10,V6,V2,V7,V18,V18,V1,V15,V10,V8,V16,V20
11,V12,V12,V12,V13,V17,V8,V14,V5,V6,V11,V13,V2,V14,V13,V2,V6,V13,V8,V13,V7,V1,V11,V17,V9,V7,V2,V18,V6,V2
12,V13,V9,V17,V7,V8,V20,V12,V19,V9,V5,V11,V13,V20,V15,V8,V19,V7,V1,V8,V9,V13,V16,V16,V7,V4,V11,V2,V11,V8
13,V14,V13,V2,V2,V9,V18,V19,V1,V8,V10,V8,V11,V17,V6,V11,V9,V3,V6,V1,V19,V8,V7,V15,V4,V1,V6,V11,V12,V11
14,V15,V6,V13,V20,V11,V2,V9,V4,V5,V8,V10,V10,V11,V14,V20,V20,V2,V20,V9,V13,V9,V20,V14,V3,V9,V8,V12,V13,V13
15,V16,V20,V20,V9,V20,V13,V8,V20,V20,V18,V19,V19,V10,V5,V14,V5,V10,V11,V20,V20,V5,V12,V13,V2,V8,V20,V7,V14,V10
16,V17,V5,V11,V1,V5,V4,V1,V17,V2,V15,V15,V15,V3,V20,V9,V16,V8,V13,V11,V11,V10,V10,V12,V19,V6,V13,V14,V2,V12
17,V18,V11,V14,V14,V1,V14,V4,V15,V11,V19,V16,V3,V16,V1,V5,V13,V20,V14,V12,V14,V11,V17,V11,V17,V19,V12,V6,V18,V1
18,V19,V14,V9,V11,V10,V17,V11,V7,V16,V16,V4,V16,V15,V11,V13,V2,V1,V12,V5,V1,V20,V13,V10,V14,V10,V14,V5,V7,V5
19,V20,V4,V5,V5,V14,V19,V7,V10,V17,V3,V3,V4,V4,V4,V1,V1,V14,V4,V14,V5,V14,V14,V1,V10,V14,V4,V20,V20,V14
