,Final Score
credit_amount,204.57943399255893
duration,214.96477929460437
checking_status,231.72393977313402
savings_status,253.33427526485866
credit_history,256.88288343973727
age,261.88238962483047
employment,276.49583887913803
purpose,278.23751536107363
installment_commitment,286.30291791615946
residence_since,289.4721321835265
own_telephone,289.69233789261773
housing,290.84582849837096
other_payment_plans,292.26777413837476
personal_status,292.9646568812821
property_magnitude,294.2171358169929
other_parties,294.71475213757225
num_dependents,295.84462057942864
job,295.8661365237201
existing_credits,296.80812278654
foreign_worker,298.2296772320707
