,dataset_name,model_name,model_params,accuracy,precision,recall,correct_true,correct_false
0,credit-g,,,,,,,
1,credit-g,m4,"{'ccp_alpha': 0.0, 'criterion': 'friedman_mse', 'init': None, 'learning_rate': 0.1, 'loss': 'log_loss', 'max_depth': 3, 'max_features': None, 'max_leaf_nodes': None, 'min_impurity_decrease': 0.0, 'min_samples_leaf': 1, 'min_samples_split': 2, 'min_weight_fraction_leaf': 0.0, 'n_estimators': 100, 'n_iter_no_change': None, 'random_state': None, 'subsample': 1.0, 'tol': 0.0001, 'validation_fraction': 0.1, 'verbose': 0, 'warm_start': False}",0.7866666666666666,0.8288288288288288,0.8761904761904762,0.5777777777777777,0.8761904761904762
2,credit-g,,,,,,,
3,credit-g,,,,,,,
5,Australian,,,,,,,
6,Australian,m4,"{'ccp_alpha': 0.0, 'criterion': 'friedman_mse', 'init': None, 'learning_rate': 0.1, 'loss': 'log_loss', 'max_depth': 3, 'max_features': None, 'max_leaf_nodes': None, 'min_impurity_decrease': 0.0, 'min_samples_leaf': 1, 'min_samples_split': 2, 'min_weight_fraction_leaf': 0.0, 'n_estimators': 100, 'n_iter_no_change': None, 'random_state': None, 'subsample': 1.0, 'tol': 0.0001, 'validation_fraction': 0.1, 'verbose': 0, 'warm_start': False}",0.8985507246376812,0.8585858585858586,0.9239130434782609,0.8782608695652174,0.9239130434782609
7,Australian,,,,,,,
8,Australian,,,,,,,
10,tic-tac-toe,,,,,,,
11,tic-tac-toe,m4,"{'ccp_alpha': 0.0, 'criterion': 'friedman_mse', 'init': None, 'learning_rate': 0.1, 'loss': 'log_loss', 'max_depth': 3, 'max_features': None, 'max_leaf_nodes': None, 'min_impurity_decrease': 0.0, 'min_samples_leaf': 1, 'min_samples_split': 2, 'min_weight_fraction_leaf': 0.0, 'n_estimators': 100, 'n_iter_no_change': None, 'random_state': None, 'subsample': 1.0, 'tol': 0.0001, 'validation_fraction': 0.1, 'verbose': 0, 'warm_start': False}",0.90625,0.896551724137931,0.9680851063829787,0.79,0.9680851063829787
12,tic-tac-toe,,,,,,,
13,tic-tac-toe,,,,,,,
15,monks-problems-1,,,,,,,
16,monks-problems-1,m4,"{'ccp_alpha': 0.0, 'criterion': 'friedman_mse', 'init': None, 'learning_rate': 0.1, 'loss': 'log_loss', 'max_depth': 3, 'max_features': None, 'max_leaf_nodes': None, 'min_impurity_decrease': 0.0, 'min_samples_leaf': 1, 'min_samples_split': 2, 'min_weight_fraction_leaf': 0.0, 'n_estimators': 100, 'n_iter_no_change': None, 'random_state': None, 'subsample': 1.0, 'tol': 0.0001, 'validation_fraction': 0.1, 'verbose': 0, 'warm_start': False}",1.0,1.0,1.0,1.0,1.0
17,monks-problems-1,,,,,,,
18,monks-problems-1,,,,,,,
20,monks-problems-3,,,,,,,
21,monks-problems-3,m4,"{'ccp_alpha': 0.0, 'criterion': 'friedman_mse', 'init': None, 'learning_rate': 0.1, 'loss': 'log_loss', 'max_depth': 3, 'max_features': None, 'max_leaf_nodes': None, 'min_impurity_decrease': 0.0, 'min_samples_leaf': 1, 'min_samples_split': 2, 'min_weight_fraction_leaf': 0.0, 'n_estimators': 100, 'n_iter_no_change': None, 'random_state': None, 'subsample': 1.0, 'tol': 0.0001, 'validation_fraction': 0.1, 'verbose': 0, 'warm_start': False}",0.7904191616766467,0.8023255813953488,0.7931034482758621,0.7875,0.7931034482758621
22,monks-problems-3,,,,,,,
23,monks-problems-3,,,,,,,
25,monks-problems-2,,,,,,,
26,monks-problems-2,m4,"{'ccp_alpha': 0.0, 'criterion': 'friedman_mse', 'init': None, 'learning_rate': 0.1, 'loss': 'log_loss', 'max_depth': 3, 'max_features': None, 'max_leaf_nodes': None, 'min_impurity_decrease': 0.0, 'min_samples_leaf': 1, 'min_samples_split': 2, 'min_weight_fraction_leaf': 0.0, 'n_estimators': 100, 'n_iter_no_change': None, 'random_state': None, 'subsample': 1.0, 'tol': 0.0001, 'validation_fraction': 0.1, 'verbose': 0, 'warm_start': False}",0.7569060773480663,0.78125,0.4032258064516129,0.9411764705882353,0.4032258064516129
27,monks-problems-2,,,,,,,
28,monks-problems-2,,,,,,,
30,haberman,,,,,,,
31,haberman,m4,"{'ccp_alpha': 0.0, 'criterion': 'friedman_mse', 'init': None, 'learning_rate': 0.1, 'loss': 'log_loss', 'max_depth': 3, 'max_features': None, 'max_leaf_nodes': None, 'min_impurity_decrease': 0.0, 'min_samples_leaf': 1, 'min_samples_split': 2, 'min_weight_fraction_leaf': 0.0, 'n_estimators': 100, 'n_iter_no_change': None, 'random_state': None, 'subsample': 1.0, 'tol': 0.0001, 'validation_fraction': 0.1, 'verbose': 0, 'warm_start': False}",0.7282608695652174,0.7654320987654321,0.9117647058823529,0.9117647058823529,0.20833333333333334
32,haberman,,,,,,,
33,haberman,,,,,,,
