,att_original_names,shap_m1,shap_m2,shap_m3,shap_m4,eli5_m1,eli5_m2,eli5_m3,eli5_m4,dalex_m1,dalex_m2,dalex_m3,dalex_m4,ci_m1,ci_m2,ci_m3,ci_m4,skater_m1,skater_m2,skater_m3,skater_m4,lofo_m1,lofo_m2,lofo_m3,lofo_m4,exirt_m1,exirt_m2,exirt_m3,exirt_m4
0,LOC_BLANK,LOC_CODE_AND_COMMENT,LOC_CODE_AND_COMMENT,LOC_CODE_AND_COMMENT,LOC_CODE_AND_COMMENT,… 1 more …,… 1 more …,… 1 more …,… 1 more …,LOC_CODE_AND_COMMENT,LOC_CODE_AND_COMMENT,LOC_CODE_AND_COMMENT,LOC_CODE_AND_COMMENT,LOC_COMMENTS,LOC_CODE_AND_COMMENT,LOC_CODE_AND_COMMENT,LOC_CODE_AND_COMMENT,LOC_CODE_AND_COMMENT,LOC_CODE_AND_COMMENT,LOC_CODE_AND_COMMENT,LOC_CODE_AND_COMMENT,HALSTEAD_LEVEL,NODE_COUNT,LOC_CODE_AND_COMMENT,PERCENT_COMMENTS,BRANCH_COUNT,LOC_CODE_AND_COMMENT,LOC_CODE_AND_COMMENT,HALSTEAD_LEVEL
1,BRANCH_COUNT,CYCLOMATIC_DENSITY,CYCLOMATIC_DENSITY,PERCENT_COMMENTS,CYCLOMATIC_DENSITY,LOC_CODE_AND_COMMENT,LOC_CODE_AND_COMMENT,LOC_CODE_AND_COMMENT,LOC_CODE_AND_COMMENT,CYCLOMATIC_DENSITY,CYCLOMATIC_DENSITY,CYCLOMATIC_DENSITY,CYCLOMATIC_DENSITY,LOC_BLANK,LOC_COMMENTS,LOC_COMMENTS,LOC_COMMENTS,LOC_BLANK,CYCLOMATIC_DENSITY,PERCENT_COMMENTS,CYCLOMATIC_DENSITY,DESIGN_DENSITY,MULTIPLE_CONDITION_COUNT,HALSTEAD_CONTENT,PARAMETER_COUNT,HALSTEAD_PROG_TIME,CYCLOMATIC_DENSITY,ESSENTIAL_DENSITY,ESSENTIAL_DENSITY
2,CALL_PAIRS,LOC_BLANK,DECISION_DENSITY,CYCLOMATIC_DENSITY,LOC_COMMENTS,LOC_COMMENTS,NUM_OPERATORS,PERCENT_COMMENTS,CYCLOMATIC_COMPLEXITY,LOC_BLANK,LOC_BLANK,PERCENT_COMMENTS,LOC_BLANK,CYCLOMATIC_COMPLEXITY,LOC_BLANK,CYCLOMATIC_DENSITY,CYCLOMATIC_DENSITY,CYCLOMATIC_DENSITY,LOC_COMMENTS,CYCLOMATIC_DENSITY,LOC_BLANK,NUM_UNIQUE_OPERANDS,MODIFIED_CONDITION_COUNT,ESSENTIAL_COMPLEXITY,EDGE_COUNT,ESSENTIAL_DENSITY,LOC_BLANK,DECISION_DENSITY,HALSTEAD_LENGTH
3,LOC_CODE_AND_COMMENT,CONDITION_COUNT,PERCENT_COMMENTS,DECISION_DENSITY,LOC_BLANK,CYCLOMATIC_COMPLEXITY,DESIGN_COMPLEXITY,DECISION_DENSITY,NODE_COUNT,LOC_COMMENTS,LOC_COMMENTS,LOC_COMMENTS,DECISION_COUNT,HALSTEAD_ERROR_EST,NUM_UNIQUE_OPERATORS,PERCENT_COMMENTS,LOC_BLANK,CONDITION_COUNT,LOC_BLANK,LOC_TOTAL,LOC_COMMENTS,MODIFIED_CONDITION_COUNT,HALSTEAD_LEVEL,CYCLOMATIC_COMPLEXITY,HALSTEAD_PROG_TIME,LOC_CODE_AND_COMMENT,LOC_COMMENTS,MODIFIED_CONDITION_COUNT,LOC_CODE_AND_COMMENT
4,LOC_COMMENTS,LOC_COMMENTS,LOC_COMMENTS,MULTIPLE_CONDITION_COUNT,DECISION_COUNT,LOC_BLANK,PERCENT_COMMENTS,LOC_COMMENTS,LOC_BLANK,CONDITION_COUNT,NORMALIZED_CYLOMATIC_COMPLEXITY,NORMALIZED_CYLOMATIC_COMPLEXITY,LOC_COMMENTS,HALSTEAD_CONTENT,CYCLOMATIC_DENSITY,LOC_BLANK,PERCENT_COMMENTS,LOC_COMMENTS,DECISION_DENSITY,LOC_COMMENTS,NUMBER_OF_LINES,HALSTEAD_CONTENT,HALSTEAD_CONTENT,MAINTENANCE_SEVERITY,HALSTEAD_ERROR_EST,NORMALIZED_CYLOMATIC_COMPLEXITY,PERCENT_COMMENTS,CONDITION_COUNT,NORMALIZED_CYLOMATIC_COMPLEXITY
5,CONDITION_COUNT,DESIGN_DENSITY,NORMALIZED_CYLOMATIC_COMPLEXITY,CONDITION_COUNT,DECISION_DENSITY,CYCLOMATIC_DENSITY,DECISION_COUNT,LOC_BLANK,CYCLOMATIC_DENSITY,HALSTEAD_CONTENT,CALL_PAIRS,NODE_COUNT,NUM_UNIQUE_OPERATORS,CYCLOMATIC_DENSITY,DECISION_DENSITY,NUMBER_OF_LINES,HALSTEAD_DIFFICULTY,NUM_UNIQUE_OPERATORS,CALL_PAIRS,LOC_EXECUTABLE,CALL_PAIRS,MAINTENANCE_SEVERITY,ESSENTIAL_COMPLEXITY,LOC_COMMENTS,HALSTEAD_EFFORT,HALSTEAD_VOLUME,DECISION_COUNT,CYCLOMATIC_DENSITY,ESSENTIAL_COMPLEXITY
6,CYCLOMATIC_COMPLEXITY,CALL_PAIRS,CALL_PAIRS,MODIFIED_CONDITION_COUNT,NUM_OPERANDS,LOC_EXECUTABLE,DECISION_DENSITY,CYCLOMATIC_DENSITY,HALSTEAD_CONTENT,MAINTENANCE_SEVERITY,PARAMETER_COUNT,LOC_TOTAL,HALSTEAD_DIFFICULTY,NUM_UNIQUE_OPERANDS,MAINTENANCE_SEVERITY,NODE_COUNT,MAINTENANCE_SEVERITY,PERCENT_COMMENTS,PERCENT_COMMENTS,LOC_BLANK,NUM_OPERANDS,HALSTEAD_VOLUME,NUM_OPERATORS,PERCENT_COMMENTS,ESSENTIAL_DENSITY,CONDITION_COUNT,DECISION_DENSITY,PERCENT_COMMENTS,BRANCH_COUNT
7,CYCLOMATIC_DENSITY,LOC_TOTAL,LOC_BLANK,LOC_COMMENTS,MULTIPLE_CONDITION_COUNT,NUM_OPERATORS,MAINTENANCE_SEVERITY,MODIFIED_CONDITION_COUNT,DESIGN_DENSITY,CYCLOMATIC_COMPLEXITY,PERCENT_COMMENTS,PARAMETER_COUNT,CYCLOMATIC_COMPLEXITY,NUM_OPERANDS,LOC_EXECUTABLE,MAINTENANCE_SEVERITY,PARAMETER_COUNT,LOC_TOTAL,LOC_TOTAL,CONDITION_COUNT,MULTIPLE_CONDITION_COUNT,HALSTEAD_ERROR_EST,NUMBER_OF_LINES,CALL_PAIRS,DECISION_DENSITY,CALL_PAIRS,LOC_TOTAL,HALSTEAD_LEVEL,CYCLOMATIC_DENSITY
8,DECISION_COUNT,NUM_UNIQUE_OPERATORS,LOC_TOTAL,LOC_TOTAL,NUMBER_OF_LINES,HALSTEAD_LENGTH,NUM_UNIQUE_OPERATORS,NUM_UNIQUE_OPERATORS,HALSTEAD_ERROR_EST,LOC_TOTAL,LOC_EXECUTABLE,DECISION_DENSITY,MAINTENANCE_SEVERITY,MAINTENANCE_SEVERITY,HALSTEAD_DIFFICULTY,HALSTEAD_DIFFICULTY,DESIGN_DENSITY,MAINTENANCE_SEVERITY,NUM_UNIQUE_OPERATORS,MULTIPLE_CONDITION_COUNT,MAINTENANCE_SEVERITY,NUMBER_OF_LINES,HALSTEAD_EFFORT,HALSTEAD_VOLUME,CONDITION_COUNT,DESIGN_COMPLEXITY,NUM_UNIQUE_OPERATORS,ESSENTIAL_COMPLEXITY,CONDITION_COUNT
9,DECISION_DENSITY,MAINTENANCE_SEVERITY,MODIFIED_CONDITION_COUNT,DECISION_COUNT,NUM_UNIQUE_OPERATORS,NUMBER_OF_LINES,MULTIPLE_CONDITION_COUNT,CONDITION_COUNT,HALSTEAD_DIFFICULTY,CALL_PAIRS,MAINTENANCE_SEVERITY,MAINTENANCE_SEVERITY,HALSTEAD_PROG_TIME,NUM_UNIQUE_OPERATORS,PARAMETER_COUNT,CONDITION_COUNT,NUM_UNIQUE_OPERATORS,CALL_PAIRS,DECISION_COUNT,DECISION_DENSITY,NUM_UNIQUE_OPERATORS,LOC_CODE_AND_COMMENT,NORMALIZED_CYLOMATIC_COMPLEXITY,HALSTEAD_EFFORT,DESIGN_DENSITY,ESSENTIAL_COMPLEXITY,CONDITION_COUNT,LOC_EXECUTABLE,DECISION_DENSITY
10,DESIGN_COMPLEXITY,PARAMETER_COUNT,DECISION_COUNT,LOC_BLANK,NUM_UNIQUE_OPERANDS,DESIGN_DENSITY,LOC_EXECUTABLE,NODE_COUNT,NORMALIZED_CYLOMATIC_COMPLEXITY,NORMALIZED_CYLOMATIC_COMPLEXITY,NUM_UNIQUE_OPERATORS,EDGE_COUNT,PERCENT_COMMENTS,PARAMETER_COUNT,LOC_TOTAL,NUM_UNIQUE_OPERATORS,NUM_OPERANDS,HALSTEAD_CONTENT,NORMALIZED_CYLOMATIC_COMPLEXITY,NORMALIZED_CYLOMATIC_COMPLEXITY,DECISION_COUNT,NUM_OPERATORS,PERCENT_COMMENTS,MULTIPLE_CONDITION_COUNT,MULTIPLE_CONDITION_COUNT,HALSTEAD_LEVEL,CALL_PAIRS,HALSTEAD_ERROR_EST,PARAMETER_COUNT
11,DESIGN_DENSITY,NUM_OPERANDS,HALSTEAD_CONTENT,NORMALIZED_CYLOMATIC_COMPLEXITY,CALL_PAIRS,MODIFIED_CONDITION_COUNT,NUMBER_OF_LINES,MULTIPLE_CONDITION_COUNT,MODIFIED_CONDITION_COUNT,DESIGN_COMPLEXITY,HALSTEAD_CONTENT,HALSTEAD_CONTENT,ESSENTIAL_COMPLEXITY,HALSTEAD_VOLUME,NUM_OPERANDS,NUM_UNIQUE_OPERANDS,MULTIPLE_CONDITION_COUNT,NUMBER_OF_LINES,MAINTENANCE_SEVERITY,DECISION_COUNT,CONDITION_COUNT,NODE_COUNT,LOC_EXECUTABLE,HALSTEAD_ERROR_EST,HALSTEAD_VOLUME,LOC_BLANK,MODIFIED_CONDITION_COUNT,PARAMETER_COUNT,LOC_BLANK
12,EDGE_COUNT,NORMALIZED_CYLOMATIC_COMPLEXITY,CONDITION_COUNT,CALL_PAIRS,MODIFIED_CONDITION_COUNT,PERCENT_COMMENTS,LOC_COMMENTS,NUM_OPERANDS,LOC_TOTAL,PERCENT_COMMENTS,HALSTEAD_EFFORT,LOC_BLANK,LOC_EXECUTABLE,PERCENT_COMMENTS,HALSTEAD_VOLUME,HALSTEAD_CONTENT,CONDITION_COUNT,HALSTEAD_ERROR_EST,MODIFIED_CONDITION_COUNT,MODIFIED_CONDITION_COUNT,DECISION_DENSITY,EDGE_COUNT,DECISION_COUNT,DESIGN_DENSITY,DECISION_COUNT,PERCENT_COMMENTS,MULTIPLE_CONDITION_COUNT,MULTIPLE_CONDITION_COUNT,HALSTEAD_PROG_TIME
13,ESSENTIAL_COMPLEXITY,HALSTEAD_CONTENT,MAINTENANCE_SEVERITY,NODE_COUNT,MAINTENANCE_SEVERITY,CALL_PAIRS,MODIFIED_CONDITION_COUNT,NORMALIZED_CYLOMATIC_COMPLEXITY,LOC_EXECUTABLE,NUM_OPERATORS,HALSTEAD_DIFFICULTY,CALL_PAIRS,MULTIPLE_CONDITION_COUNT,NORMALIZED_CYLOMATIC_COMPLEXITY,DECISION_COUNT,ESSENTIAL_COMPLEXITY,NUMBER_OF_LINES,NUM_OPERANDS,LOC_EXECUTABLE,HALSTEAD_VOLUME,HALSTEAD_DIFFICULTY,BRANCH_COUNT,CALL_PAIRS,NUM_UNIQUE_OPERANDS,NORMALIZED_CYLOMATIC_COMPLEXITY,HALSTEAD_CONTENT,LOC_EXECUTABLE,DECISION_COUNT,NUMBER_OF_LINES
14,ESSENTIAL_DENSITY,PERCENT_COMMENTS,LOC_EXECUTABLE,MAINTENANCE_SEVERITY,NODE_COUNT,DECISION_DENSITY,LOC_TOTAL,CYCLOMATIC_COMPLEXITY,HALSTEAD_LEVEL,NUM_UNIQUE_OPERATORS,DECISION_DENSITY,HALSTEAD_DIFFICULTY,HALSTEAD_ERROR_EST,CONDITION_COUNT,EDGE_COUNT,DECISION_DENSITY,CALL_PAIRS,LOC_EXECUTABLE,CONDITION_COUNT,NUM_OPERATORS,PERCENT_COMMENTS,DESIGN_COMPLEXITY,NUM_OPERANDS,NODE_COUNT,NUM_OPERANDS,LOC_TOTAL,MAINTENANCE_SEVERITY,LOC_COMMENTS,HALSTEAD_EFFORT
15,LOC_EXECUTABLE,CYCLOMATIC_COMPLEXITY,MULTIPLE_CONDITION_COUNT,LOC_EXECUTABLE,CONDITION_COUNT,MULTIPLE_CONDITION_COUNT,HALSTEAD_ERROR_EST,MAINTENANCE_SEVERITY,ESSENTIAL_DENSITY,PARAMETER_COUNT,ESSENTIAL_COMPLEXITY,NUM_OPERATORS,LOC_TOTAL,NODE_COUNT,NORMALIZED_CYLOMATIC_COMPLEXITY,PARAMETER_COUNT,LOC_TOTAL,NUM_UNIQUE_OPERANDS,NUMBER_OF_LINES,HALSTEAD_CONTENT,MODIFIED_CONDITION_COUNT,HALSTEAD_LENGTH,LOC_BLANK,NUM_OPERANDS,HALSTEAD_CONTENT,NUM_UNIQUE_OPERANDS,NUM_UNIQUE_OPERANDS,HALSTEAD_DIFFICULTY,HALSTEAD_DIFFICULTY
16,PARAMETER_COUNT,HALSTEAD_ERROR_EST,NUM_UNIQUE_OPERATORS,EDGE_COUNT,DESIGN_DENSITY,HALSTEAD_PROG_TIME,HALSTEAD_PROG_TIME,EDGE_COUNT,MAINTENANCE_SEVERITY,HALSTEAD_EFFORT,NUMBER_OF_LINES,HALSTEAD_LEVEL,DESIGN_COMPLEXITY,HALSTEAD_EFFORT,CALL_PAIRS,NORMALIZED_CYLOMATIC_COMPLEXITY,LOC_EXECUTABLE,PARAMETER_COUNT,NUM_OPERANDS,HALSTEAD_PROG_TIME,HALSTEAD_PROG_TIME,MULTIPLE_CONDITION_COUNT,HALSTEAD_PROG_TIME,DESIGN_COMPLEXITY,DESIGN_COMPLEXITY,DESIGN_DENSITY,NORMALIZED_CYLOMATIC_COMPLEXITY,EDGE_COUNT,NUM_OPERANDS
17,HALSTEAD_CONTENT,NUMBER_OF_LINES,DESIGN_DENSITY,NUMBER_OF_LINES,PERCENT_COMMENTS,HALSTEAD_LEVEL,NUM_UNIQUE_OPERANDS,HALSTEAD_LENGTH,LOC_COMMENTS,NUMBER_OF_LINES,NUM_OPERANDS,CYCLOMATIC_COMPLEXITY,HALSTEAD_LENGTH,HALSTEAD_DIFFICULTY,NUMBER_OF_LINES,MODIFIED_CONDITION_COUNT,DECISION_DENSITY,NUM_OPERATORS,HALSTEAD_VOLUME,NUMBER_OF_LINES,NUM_UNIQUE_OPERANDS,LOC_TOTAL,HALSTEAD_LENGTH,DECISION_DENSITY,MODIFIED_CONDITION_COUNT,LOC_EXECUTABLE,DESIGN_COMPLEXITY,MAINTENANCE_SEVERITY,DESIGN_DENSITY
18,HALSTEAD_DIFFICULTY,LOC_EXECUTABLE,DESIGN_COMPLEXITY,NUM_OPERATORS,PARAMETER_COUNT,ESSENTIAL_DENSITY,NORMALIZED_CYLOMATIC_COMPLEXITY,NUM_UNIQUE_OPERANDS,DESIGN_COMPLEXITY,MODIFIED_CONDITION_COUNT,HALSTEAD_LEVEL,ESSENTIAL_COMPLEXITY,NUMBER_OF_LINES,ESSENTIAL_COMPLEXITY,PERCENT_COMMENTS,LOC_TOTAL,NODE_COUNT,HALSTEAD_EFFORT,MULTIPLE_CONDITION_COUNT,HALSTEAD_LENGTH,HALSTEAD_VOLUME,HALSTEAD_PROG_TIME,HALSTEAD_DIFFICULTY,BRANCH_COUNT,HALSTEAD_LENGTH,MODIFIED_CONDITION_COUNT,NUMBER_OF_LINES,LOC_TOTAL,MAINTENANCE_SEVERITY
19,HALSTEAD_EFFORT,NUM_UNIQUE_OPERANDS,NUMBER_OF_LINES,NUM_OPERANDS,LOC_TOTAL,DECISION_COUNT,NUM_OPERANDS,HALSTEAD_VOLUME,CALL_PAIRS,HALSTEAD_LENGTH,NUM_OPERATORS,CONDITION_COUNT,HALSTEAD_CONTENT,HALSTEAD_LENGTH,HALSTEAD_LEVEL,EDGE_COUNT,DECISION_COUNT,CYCLOMATIC_COMPLEXITY,HALSTEAD_CONTENT,NODE_COUNT,DESIGN_DENSITY,HALSTEAD_EFFORT,ESSENTIAL_DENSITY,HALSTEAD_LEVEL,CYCLOMATIC_COMPLEXITY,MULTIPLE_CONDITION_COUNT,NODE_COUNT,BRANCH_COUNT,LOC_COMMENTS
20,HALSTEAD_ERROR_EST,NODE_COUNT,EDGE_COUNT,HALSTEAD_DIFFICULTY,HALSTEAD_VOLUME,BRANCH_COUNT,NODE_COUNT,HALSTEAD_PROG_TIME,HALSTEAD_VOLUME,HALSTEAD_ERROR_EST,ESSENTIAL_DENSITY,NUM_UNIQUE_OPERANDS,NORMALIZED_CYLOMATIC_COMPLEXITY,CALL_PAIRS,NUM_UNIQUE_OPERANDS,DESIGN_DENSITY,HALSTEAD_VOLUME,NORMALIZED_CYLOMATIC_COMPLEXITY,NUM_UNIQUE_OPERANDS,HALSTEAD_DIFFICULTY,NODE_COUNT,ESSENTIAL_DENSITY,DESIGN_DENSITY,MODIFIED_CONDITION_COUNT,NUM_OPERATORS,DECISION_COUNT,HALSTEAD_CONTENT,NORMALIZED_CYLOMATIC_COMPLEXITY,DECISION_COUNT
21,HALSTEAD_LENGTH,NUM_OPERATORS,HALSTEAD_LEVEL,HALSTEAD_CONTENT,HALSTEAD_DIFFICULTY,CONDITION_COUNT,CYCLOMATIC_DENSITY,DECISION_COUNT,BRANCH_COUNT,NUM_UNIQUE_OPERANDS,LOC_TOTAL,HALSTEAD_VOLUME,HALSTEAD_LEVEL,DESIGN_DENSITY,ESSENTIAL_COMPLEXITY,MULTIPLE_CONDITION_COUNT,MODIFIED_CONDITION_COUNT,HALSTEAD_DIFFICULTY,PARAMETER_COUNT,NUM_OPERANDS,LOC_EXECUTABLE,DECISION_DENSITY,CONDITION_COUNT,HALSTEAD_LENGTH,NUMBER_OF_LINES,HALSTEAD_ERROR_EST,HALSTEAD_LEVEL,HALSTEAD_EFFORT,MODIFIED_CONDITION_COUNT
22,HALSTEAD_LEVEL,HALSTEAD_VOLUME,PARAMETER_COUNT,HALSTEAD_PROG_TIME,CYCLOMATIC_COMPLEXITY,HALSTEAD_VOLUME,PARAMETER_COUNT,CALL_PAIRS,DECISION_DENSITY,NUM_OPERANDS,DESIGN_COMPLEXITY,NUM_OPERANDS,ESSENTIAL_DENSITY,LOC_CODE_AND_COMMENT,HALSTEAD_ERROR_EST,CALL_PAIRS,NORMALIZED_CYLOMATIC_COMPLEXITY,DESIGN_COMPLEXITY,EDGE_COUNT,HALSTEAD_EFFORT,CYCLOMATIC_COMPLEXITY,CONDITION_COUNT,CYCLOMATIC_COMPLEXITY,ESSENTIAL_DENSITY,NODE_COUNT,PARAMETER_COUNT,CYCLOMATIC_COMPLEXITY,LOC_BLANK,NUM_UNIQUE_OPERATORS
23,HALSTEAD_PROG_TIME,HALSTEAD_EFFORT,NUM_OPERANDS,HALSTEAD_ERROR_EST,ESSENTIAL_COMPLEXITY,NORMALIZED_CYLOMATIC_COMPLEXITY,EDGE_COUNT,HALSTEAD_CONTENT,NUM_OPERANDS,LOC_EXECUTABLE,EDGE_COUNT,HALSTEAD_PROG_TIME,MODIFIED_CONDITION_COUNT,LOC_EXECUTABLE,HALSTEAD_LENGTH,LOC_EXECUTABLE,DESIGN_COMPLEXITY,NODE_COUNT,HALSTEAD_ERROR_EST,HALSTEAD_ERROR_EST,LOC_TOTAL,DECISION_COUNT,NUM_UNIQUE_OPERANDS,PARAMETER_COUNT,HALSTEAD_LEVEL,CYCLOMATIC_DENSITY,NUM_OPERANDS,NUM_UNIQUE_OPERATORS,NUM_UNIQUE_OPERANDS
24,HALSTEAD_VOLUME,EDGE_COUNT,NUM_UNIQUE_OPERANDS,NUM_UNIQUE_OPERANDS,LOC_EXECUTABLE,PARAMETER_COUNT,HALSTEAD_LENGTH,PARAMETER_COUNT,DECISION_COUNT,ESSENTIAL_COMPLEXITY,HALSTEAD_LENGTH,NUMBER_OF_LINES,NUM_UNIQUE_OPERANDS,LOC_TOTAL,MODIFIED_CONDITION_COUNT,HALSTEAD_VOLUME,HALSTEAD_ERROR_EST,HALSTEAD_VOLUME,HALSTEAD_LENGTH,CALL_PAIRS,HALSTEAD_EFFORT,LOC_BLANK,LOC_TOTAL,NUM_OPERATORS,LOC_EXECUTABLE,NUM_UNIQUE_OPERATORS,HALSTEAD_VOLUME,CYCLOMATIC_COMPLEXITY,PERCENT_COMMENTS
25,MAINTENANCE_SEVERITY,DECISION_DENSITY,NUM_OPERATORS,HALSTEAD_VOLUME,DESIGN_COMPLEXITY,HALSTEAD_ERROR_EST,HALSTEAD_VOLUME,NUM_OPERATORS,NUMBER_OF_LINES,BRANCH_COUNT,HALSTEAD_PROG_TIME,LOC_EXECUTABLE,PARAMETER_COUNT,NUMBER_OF_LINES,HALSTEAD_CONTENT,HALSTEAD_PROG_TIME,CYCLOMATIC_COMPLEXITY,DESIGN_DENSITY,HALSTEAD_DIFFICULTY,NUM_UNIQUE_OPERANDS,PARAMETER_COUNT,CYCLOMATIC_COMPLEXITY,EDGE_COUNT,NUMBER_OF_LINES,LOC_COMMENTS,MAINTENANCE_SEVERITY,HALSTEAD_LENGTH,NUMBER_OF_LINES,MULTIPLE_CONDITION_COUNT
26,MODIFIED_CONDITION_COUNT,HALSTEAD_DIFFICULTY,HALSTEAD_DIFFICULTY,HALSTEAD_LEVEL,NORMALIZED_CYLOMATIC_COMPLEXITY,NUM_UNIQUE_OPERANDS,BRANCH_COUNT,HALSTEAD_ERROR_EST,NUM_UNIQUE_OPERANDS,EDGE_COUNT,HALSTEAD_VOLUME,ESSENTIAL_DENSITY,NUM_OPERATORS,NUM_OPERATORS,DESIGN_COMPLEXITY,NUM_OPERANDS,NUM_UNIQUE_OPERANDS,EDGE_COUNT,HALSTEAD_LEVEL,EDGE_COUNT,DESIGN_COMPLEXITY,CALL_PAIRS,HALSTEAD_ERROR_EST,LOC_EXECUTABLE,HALSTEAD_DIFFICULTY,NUM_OPERANDS,HALSTEAD_ERROR_EST,NUM_UNIQUE_OPERANDS,CALL_PAIRS
27,MULTIPLE_CONDITION_COUNT,DESIGN_COMPLEXITY,NODE_COUNT,NUM_UNIQUE_OPERATORS,HALSTEAD_CONTENT,NUM_UNIQUE_OPERATORS,HALSTEAD_EFFORT,HALSTEAD_EFFORT,ESSENTIAL_COMPLEXITY,ESSENTIAL_DENSITY,NODE_COUNT,BRANCH_COUNT,CONDITION_COUNT,DESIGN_COMPLEXITY,CYCLOMATIC_COMPLEXITY,HALSTEAD_LEVEL,ESSENTIAL_COMPLEXITY,HALSTEAD_LENGTH,DESIGN_COMPLEXITY,NUM_UNIQUE_OPERATORS,HALSTEAD_CONTENT,NUM_OPERANDS,MAINTENANCE_SEVERITY,HALSTEAD_PROG_TIME,NUM_UNIQUE_OPERANDS,HALSTEAD_LENGTH,HALSTEAD_DIFFICULTY,NODE_COUNT,NODE_COUNT
28,NODE_COUNT,MODIFIED_CONDITION_COUNT,HALSTEAD_VOLUME,DESIGN_DENSITY,HALSTEAD_PROG_TIME,HALSTEAD_CONTENT,HALSTEAD_DIFFICULTY,BRANCH_COUNT,NUM_OPERATORS,HALSTEAD_PROG_TIME,BRANCH_COUNT,HALSTEAD_EFFORT,NUM_OPERANDS,MODIFIED_CONDITION_COUNT,DESIGN_DENSITY,HALSTEAD_ERROR_EST,HALSTEAD_CONTENT,DECISION_DENSITY,DESIGN_DENSITY,MAINTENANCE_SEVERITY,NUM_OPERATORS,NORMALIZED_CYLOMATIC_COMPLEXITY,HALSTEAD_VOLUME,DECISION_COUNT,BRANCH_COUNT,NODE_COUNT,PARAMETER_COUNT,HALSTEAD_CONTENT,HALSTEAD_VOLUME
29,NORMALIZED_CYLOMATIC_COMPLEXITY,HALSTEAD_LEVEL,ESSENTIAL_COMPLEXITY,HALSTEAD_LENGTH,HALSTEAD_ERROR_EST,NODE_COUNT,DESIGN_DENSITY,DESIGN_COMPLEXITY,NUM_UNIQUE_OPERATORS,MULTIPLE_CONDITION_COUNT,CYCLOMATIC_COMPLEXITY,DESIGN_COMPLEXITY,BRANCH_COUNT,HALSTEAD_LEVEL,MULTIPLE_CONDITION_COUNT,HALSTEAD_EFFORT,HALSTEAD_LENGTH,MODIFIED_CONDITION_COUNT,NODE_COUNT,HALSTEAD_LEVEL,NORMALIZED_CYLOMATIC_COMPLEXITY,PARAMETER_COUNT,CYCLOMATIC_DENSITY,NORMALIZED_CYLOMATIC_COMPLEXITY,CALL_PAIRS,LOC_COMMENTS,EDGE_COUNT,DESIGN_DENSITY,NUM_OPERATORS
30,NUM_OPERANDS,HALSTEAD_LENGTH,HALSTEAD_LENGTH,CYCLOMATIC_COMPLEXITY,EDGE_COUNT,MAINTENANCE_SEVERITY,CYCLOMATIC_COMPLEXITY,LOC_EXECUTABLE,HALSTEAD_PROG_TIME,DECISION_COUNT,HALSTEAD_ERROR_EST,NUM_UNIQUE_OPERATORS,EDGE_COUNT,DECISION_COUNT,HALSTEAD_EFFORT,CYCLOMATIC_COMPLEXITY,BRANCH_COUNT,ESSENTIAL_COMPLEXITY,NUM_OPERATORS,DESIGN_DENSITY,EDGE_COUNT,HALSTEAD_DIFFICULTY,BRANCH_COUNT,LOC_TOTAL,NUM_UNIQUE_OPERATORS,NUMBER_OF_LINES,NUM_OPERATORS,HALSTEAD_VOLUME,DESIGN_COMPLEXITY
31,NUM_OPERATORS,ESSENTIAL_COMPLEXITY,CYCLOMATIC_COMPLEXITY,HALSTEAD_EFFORT,NUM_OPERATORS,EDGE_COUNT,ESSENTIAL_COMPLEXITY,ESSENTIAL_DENSITY,MULTIPLE_CONDITION_COUNT,NODE_COUNT,DESIGN_DENSITY,HALSTEAD_LENGTH,NODE_COUNT,EDGE_COUNT,NODE_COUNT,HALSTEAD_LENGTH,NUM_OPERATORS,HALSTEAD_LEVEL,HALSTEAD_EFFORT,CYCLOMATIC_COMPLEXITY,HALSTEAD_LEVEL,CYCLOMATIC_DENSITY,DECISION_DENSITY,HALSTEAD_DIFFICULTY,LOC_TOTAL,HALSTEAD_EFFORT,DESIGN_DENSITY,CALL_PAIRS,LOC_EXECUTABLE
32,NUM_UNIQUE_OPERANDS,DECISION_COUNT,HALSTEAD_ERROR_EST,PARAMETER_COUNT,BRANCH_COUNT,NUM_OPERANDS,HALSTEAD_CONTENT,NUMBER_OF_LINES,HALSTEAD_EFFORT,HALSTEAD_VOLUME,MODIFIED_CONDITION_COUNT,MULTIPLE_CONDITION_COUNT,HALSTEAD_EFFORT,MULTIPLE_CONDITION_COUNT,NUM_OPERATORS,DECISION_COUNT,HALSTEAD_PROG_TIME,DECISION_COUNT,HALSTEAD_PROG_TIME,DESIGN_COMPLEXITY,ESSENTIAL_COMPLEXITY,LOC_COMMENTS,NUM_UNIQUE_OPERATORS,EDGE_COUNT,LOC_BLANK,DECISION_DENSITY,BRANCH_COUNT,HALSTEAD_PROG_TIME,LOC_TOTAL
33,NUM_UNIQUE_OPERATORS,BRANCH_COUNT,HALSTEAD_PROG_TIME,DESIGN_COMPLEXITY,HALSTEAD_EFFORT,ESSENTIAL_COMPLEXITY,CALL_PAIRS,HALSTEAD_DIFFICULTY,PERCENT_COMMENTS,HALSTEAD_DIFFICULTY,MULTIPLE_CONDITION_COUNT,MODIFIED_CONDITION_COUNT,DESIGN_DENSITY,DECISION_DENSITY,BRANCH_COUNT,BRANCH_COUNT,HALSTEAD_LEVEL,BRANCH_COUNT,CYCLOMATIC_COMPLEXITY,PARAMETER_COUNT,HALSTEAD_LENGTH,ESSENTIAL_COMPLEXITY,DESIGN_COMPLEXITY,NUM_UNIQUE_OPERATORS,MAINTENANCE_SEVERITY,NUM_OPERATORS,ESSENTIAL_COMPLEXITY,NUM_OPERATORS,CYCLOMATIC_COMPLEXITY
34,NUMBER_OF_LINES,ESSENTIAL_DENSITY,HALSTEAD_EFFORT,BRANCH_COUNT,HALSTEAD_LEVEL,HALSTEAD_DIFFICULTY,HALSTEAD_LEVEL,ESSENTIAL_COMPLEXITY,PARAMETER_COUNT,DESIGN_DENSITY,NUM_UNIQUE_OPERANDS,DESIGN_DENSITY,HALSTEAD_VOLUME,HALSTEAD_PROG_TIME,CONDITION_COUNT,NUM_OPERATORS,HALSTEAD_EFFORT,MULTIPLE_CONDITION_COUNT,BRANCH_COUNT,BRANCH_COUNT,HALSTEAD_ERROR_EST,PERCENT_COMMENTS,PARAMETER_COUNT,LOC_BLANK,LOC_CODE_AND_COMMENT,CYCLOMATIC_COMPLEXITY,HALSTEAD_EFFORT,NUM_OPERANDS,EDGE_COUNT
35,PERCENT_COMMENTS,MULTIPLE_CONDITION_COUNT,BRANCH_COUNT,ESSENTIAL_COMPLEXITY,HALSTEAD_LENGTH,LOC_TOTAL,LOC_BLANK,DESIGN_DENSITY,EDGE_COUNT,DECISION_DENSITY,DECISION_COUNT,HALSTEAD_ERROR_EST,DECISION_DENSITY,ESSENTIAL_DENSITY,HALSTEAD_PROG_TIME,DESIGN_COMPLEXITY,ESSENTIAL_DENSITY,ESSENTIAL_DENSITY,ESSENTIAL_COMPLEXITY,ESSENTIAL_COMPLEXITY,BRANCH_COUNT,LOC_EXECUTABLE,LOC_COMMENTS,CYCLOMATIC_DENSITY,ESSENTIAL_COMPLEXITY,EDGE_COUNT,HALSTEAD_PROG_TIME,HALSTEAD_LENGTH,HALSTEAD_CONTENT
36,LOC_TOTAL,HALSTEAD_PROG_TIME,ESSENTIAL_DENSITY,ESSENTIAL_DENSITY,ESSENTIAL_DENSITY,HALSTEAD_EFFORT,ESSENTIAL_DENSITY,HALSTEAD_LEVEL,HALSTEAD_LENGTH,HALSTEAD_LEVEL,CONDITION_COUNT,DECISION_COUNT,CALL_PAIRS,BRANCH_COUNT,ESSENTIAL_DENSITY,ESSENTIAL_DENSITY,EDGE_COUNT,HALSTEAD_PROG_TIME,ESSENTIAL_DENSITY,ESSENTIAL_DENSITY,ESSENTIAL_DENSITY,NUM_UNIQUE_OPERATORS,LOC_CODE_AND_COMMENT,CONDITION_COUNT,CYCLOMATIC_DENSITY,HALSTEAD_DIFFICULTY,ESSENTIAL_DENSITY,DESIGN_COMPLEXITY,HALSTEAD_ERROR_EST
