,att_original_names,shap_m1,shap_m2,shap_m3,shap_m4,eli5_m1,eli5_m2,eli5_m3,eli5_m4,dalex_m1,dalex_m2,dalex_m3,dalex_m4,ci_m1,ci_m2,ci_m3,ci_m4,skater_m1,skater_m2,skater_m3,skater_m4,lofo_m1,lofo_m2,lofo_m3,lofo_m4,exirt_m1,exirt_m2,exirt_m3,exirt_m4
0,sex,index,FL,BD,FL,… 1 more …,… 1 more …,… 1 more …,… 1 more …,index,index,index,FL,index,BD,BD,BD,BD,BD,BD,index,BD,index,index,index,index,index,BD,index
1,index,FL,BD,FL,index,index,index,BD,index,FL,FL,BD,index,BD,index,index,index,index,FL,FL,FL,RW,FL,FL,FL,BD,FL,FL,FL
2,FL,BD,index,index,BD,BD,BD,index,FL,BD,BD,FL,BD,CW,CW,CW,CW,FL,index,index,BD,FL,CW,BD,CW,FL,BD,index,BD
3,RW,CW,sex,CW,CW,FL,FL,FL,BD,CW,CW,CW,CW,FL,FL,FL,FL,CW,CW,CW,CW,CW,BD,sex,BD,CW,CW,CW,CW
4,CL,RW,CW,RW,RW,CW,CW,CW,CW,sex,RW,CL,CL,CL,CL,CL,RW,RW,sex,CL,CL,CL,RW,CW,sex,RW,sex,CL,RW
5,CW,sex,RW,CL,CL,RW,sex,CL,RW,RW,CL,sex,RW,sex,sex,RW,CL,sex,CL,RW,RW,index,sex,RW,RW,sex,RW,RW,sex
6,BD,CL,CL,sex,sex,CL,CL,RW,CL,CL,sex,RW,sex,RW,RW,sex,sex,CL,RW,sex,sex,sex,CL,CL,CL,CL,CL,sex,CL
