,att_original_names,shap_m1,shap_m2,shap_m3,shap_m4,eli5_m1,eli5_m2,eli5_m3,eli5_m4,dalex_m1,dalex_m2,dalex_m3,dalex_m4,ci_m1,ci_m2,ci_m3,ci_m4,skater_m1,skater_m2,skater_m3,skater_m4,lofo_m1,lofo_m2,lofo_m3,lofo_m4,exirt_m1,exirt_m2,exirt_m3,exirt_m4
0,A1,A8,A8,A8,A8,… 1 more …,… 1 more …,… 1 more …,… 1 more …,A8,A8,A8,A8,A3,A8,A8,A8,A8,A8,A8,A8,A8,A8,A8,A8,A8,A8,A8,A8
1,A2,A7,A7,A7,A7,A8,A8,A8,A8,A14,A14,A14,A14,A8,A3,A14,A4,A7,A7,A7,A3,A5,A13,A6,A13,A3,A3,A6,A3
2,A3,A14,A14,A10,A14,A13,A14,A13,A13,A13,A13,A7,A13,A7,A7,A7,A3,A13,A14,A14,A7,A14,A6,A12,A10,A2,A7,A9,A13
3,A4,A3,A4,A14,A3,A14,A10,A14,A2,A7,A10,A13,A10,A13,A12,A3,A13,A14,A13,A3,A13,A10,A14,A1,A12,A7,A13,A14,A2
4,A5,A13,A10,A9,A13,A10,A13,A10,A7,A2,A4,A10,A4,A2,A6,A2,A7,A3,A3,A2,A14,A11,A5,A14,A9,A6,A14,A10,A7
5,A6,A2,A9,A13,A4,A9,A9,A3,A14,A10,A9,A5,A7,A14,A14,A10,A14,A2,A4,A10,A2,A7,A4,A4,A6,A5,A6,A7,A14
6,A7,A9,A13,A3,A10,A4,A5,A9,A3,A9,A5,A4,A2,A12,A4,A4,A2,A5,A5,A13,A4,A13,A3,A13,A1,A14,A11,A13,A4
7,A8,A5,A3,A2,A5,A6,A4,A1,A5,A4,A6,A3,A3,A6,A13,A12,A12,A4,A2,A9,A10,A4,A2,A5,A3,A9,A1,A3,A6
8,A9,A4,A5,A4,A2,A5,A6,A7,A10,A5,A3,A9,A6,A5,A10,A6,A6,A9,A9,A5,A5,A9,A11,A11,A14,A11,A12,A2,A10
9,A10,A10,A2,A5,A6,A2,A2,A12,A6,A6,A1,A2,A9,A4,A2,A13,A5,A6,A10,A6,A6,A12,A10,A10,A11,A1,A5,A5,A5
10,A11,A6,A6,A6,A9,A3,A12,A11,A4,A12,A7,A1,A12,A10,A5,A5,A10,A10,A6,A4,A9,A3,A1,A3,A5,A13,A2,A4,A12
11,A12,A11,A11,A11,A11,A12,A3,A2,A9,A1,A2,A12,A11,A9,A11,A9,A9,A11,A11,A11,A12,A1,A12,A7,A4,A10,A10,A1,A9
12,A13,A12,A12,A12,A12,A11,A1,A6,A12,A11,A11,A11,A5,A11,A9,A11,A11,A1,A12,A1,A11,A6,A7,A9,A2,A4,A9,A12,A1
13,A14,A1,A1,A1,A1,A1,A11,A4,A11,A3,A12,A6,A1,A1,A1,A1,A1,A12,A1,A12,A1,A2,A9,A2,A7,A12,A4,A11,A11
