Clf,Score
"Clf MultNeg ""V1""",-176.89400000000003
"Clf Zeros ""V1""",-176.89400000000003
"Clf Std ""V1""",-176.89400000000003
"Clf Ordernation_Up ""V1""",198.0
"Clf Invertion ""V1""",216.0
"Clf MultNeg ""V3""",234.0
"Clf Zeros ""V3""",234.0
"Clf Invertion ""V2""",254.0
"Clf Ordernation_Up ""V2""",255.0
"Clf MultNeg ""V2""",256.0
"Clf Zeros ""V2""",256.0
"Clf Std ""V2""",256.0
"Clf Zscore ""V1""",256.0
"Clf Binning ""V1""",286.0
"Clf Binning ""V3""",297.0
"Clf Ordernation_Up ""V3""",300.0
"Clf Zscore ""V3""",305.0
"Clf Invertion ""V3""",307.0
"Clf Std ""V3""",311.0
"Clf Zscore ""V2""",330.0
"Clf Binning ""V2""",331.0
Clf original data,333.99999999975756
"Clf MultNeg ""V4""",333.99999999975756
"Clf Binning ""V4""",333.99999999975756
"Clf Zeros ""V4""",333.99999999975756
"Clf Ordernation_Up ""V4""",333.99999999975756
"Clf Invertion ""V4""",333.99999999975756
"Clf Std ""V4""",333.99999999975756
"Clf Zscore ""V4""",333.99999999975756
