<oml:data_set_description xmlns:oml="http://openml.org/openml">
  <oml:id>803</oml:id>
  <oml:name>delta_ailerons</oml:name>
  <oml:version>1</oml:version>
  <oml:description>**Author**:   
**Source**: Unknown - Date unknown  
**Please cite**:   

Binarized version of the original data set (see version 1). It converts the numeric target feature to a two-class nominal target feature by computing the mean and classifying all instances with a lower target value as positive ('P') and all others as negative ('N').</oml:description>
  <oml:description_version>1</oml:description_version>
  <oml:format>ARFF</oml:format>
        <oml:upload_date>2014-10-04T14:33:53</oml:upload_date>
    <oml:licence>Public</oml:licence>  <oml:url>https://api.openml.org/data/v1/download/53337/delta_ailerons.arff</oml:url>
  <oml:parquet_url>http://openml1.win.tue.nl/dataset803/dataset_803.pq</oml:parquet_url>  <oml:file_id>53337</oml:file_id>  <oml:default_target_attribute>binaryClass</oml:default_target_attribute>          <oml:tag>binarized_regression_problem</oml:tag><oml:tag>mythbusting_1</oml:tag><oml:tag>study_1</oml:tag><oml:tag>study_15</oml:tag><oml:tag>study_20</oml:tag><oml:tag>study_41</oml:tag><oml:tag>study_7</oml:tag>  <oml:visibility>public</oml:visibility>      <oml:minio_url>http://openml1.win.tue.nl/dataset803/dataset_803.pq</oml:minio_url>  <oml:status>active</oml:status>
  <oml:processing_date>2020-11-20 20:09:26</oml:processing_date>      <oml:md5_checksum>1dbd4ae50e6f11f476efb9456aea1541</oml:md5_checksum>
</oml:data_set_description>
