<oml:data_set_description xmlns:oml="http://openml.org/openml">
  <oml:id>336</oml:id>
  <oml:name>SPECT</oml:name>
  <oml:version>1</oml:version>
  <oml:description>**Author**: Krzysztof J. Cios&quot;,&quot;Lukasz A.  
**Source**: [original](https://archive.ics.uci.edu/ml/datasets/SPECT+Heart) -   
**Please cite**:   

SPECT heart data

This is a merged version of the separate train and test set which are usually distributed. On OpenML this train-test split can be found as one of the possible tasks.  

Sources: 
-- Original owners: Krzysztof J. Cios, Lukasz A. Kurgan University of Colorado at Denver, Denver, CO 80217, U.S.A. Krys.Cios@cudenver.edu Lucy S. Goodenday Medical College of Ohio, OH, U.S.A.  
-- Donors: Lukasz A.Kurgan, Krzysztof J. Cios 
-- Date: 10/01/01  

Relevant Information: The dataset describes diagnosing of cardiac Single Proton Emission Computed Tomography (SPECT) images.  Each of the patients is classified into two categories: normal and abnormal.  The database of 267 SPECT image sets (patients) was processed to extract features that summarize the original SPECT images.  As a result, 44 continuous feature pattern was created for each patient. The pattern was further processed to obtain 22 binary feature patterns. The CLIP3 algorithm was used to generate classification rules from these patterns. The CLIP3 algorithm generated rules that were 84.0% accurate (as compared with cardiologists' diagnoses).   

Attribute Information: 
1. OVERALL_DIAGNOSIS: 0,1 (class attribute, binary) 
2. F1: 0,1 (the partial diagnosis 1, binary) 
3. F2: 0,1 (the partial diagnosis 2, binary) 
4. F3: 0,1 (the partial diagnosis 3, binary) 
5. F4: 0,1 (the partial diagnosis 4, binary) 
6. F5: 0,1 (the partial diagnosis 5, binary) 
7. F6: 0,1 (the partial diagnosis 6, binary) 
8. F7: 0,1 (the partial diagnosis 7, binary) 
9. F8: 0,1 (the partial diagnosis 8, binary) 
10. F9: 0,1 (the partial diagnosis 9, binary) 
11. F10: 0,1 (the partial diagnosis 10, binary) 
12. F11: 0,1 (the partial diagnosis 11, binary) 
13. F12: 0,1 (the partial diagnosis 12, binary) 
14. F13: 0,1 (the partial diagnosis 13, binary) 
15. F14: 0,1 (the partial diagnosis 14, binary) 
16. F15: 0,1 (the partial diagnosis 15, binary) 
17. F16: 0,1 (the partial diagnosis 16, binary) 
18. F17: 0,1 (the partial diagnosis 17, binary) 
19. F18: 0,1 (the partial diagnosis 18, binary) 
20. F19: 0,1 (the partial diagnosis 19, binary) 
21. F20: 0,1 (the partial diagnosis 20, binary) 
22. F21: 0,1 (the partial diagnosis 21, binary) 
23. F22: 0,1 (the partial diagnosis 22, binary)</oml:description>
  <oml:description_version>1</oml:description_version>
  <oml:format>ARFF</oml:format>
  <oml:creator>Krzysztof J. Cios</oml:creator><oml:creator> Lukasz A.</oml:creator>     <oml:collection_date>2001-10-01</oml:collection_date>  <oml:upload_date>2014-08-26T17:57:57</oml:upload_date>
  <oml:language>English</oml:language>  <oml:licence>Public</oml:licence>  <oml:url>https://api.openml.org/data/v1/download/52239/SPECT.arff</oml:url>
  <oml:parquet_url>http://openml1.win.tue.nl/dataset336/dataset_336.pq</oml:parquet_url>  <oml:file_id>52239</oml:file_id>  <oml:default_target_attribute>OVERALL_DIAGNOSIS</oml:default_target_attribute>        <oml:citation>https://archive.ics.uci.edu/ml/citation_policy.html</oml:citation>  <oml:tag>mythbusting_1</oml:tag><oml:tag>study_1</oml:tag><oml:tag>study_15</oml:tag><oml:tag>study_20</oml:tag><oml:tag>study_41</oml:tag><oml:tag>study_52</oml:tag><oml:tag>study_7</oml:tag><oml:tag>study_88</oml:tag><oml:tag>uci</oml:tag>  <oml:visibility>public</oml:visibility>  <oml:original_data_url>https://archive.ics.uci.edu/ml/datasets/SPECT+Heart</oml:original_data_url>  <oml:paper_url>https://www.sciencedirect.com/science/article/pii/S0933365701000823</oml:paper_url>  <oml:minio_url>http://openml1.win.tue.nl/dataset336/dataset_336.pq</oml:minio_url>  <oml:status>active</oml:status>
  <oml:processing_date>2020-11-20 19:22:22</oml:processing_date>      <oml:md5_checksum>5213445c1404c370719a03de0686b31b</oml:md5_checksum>
</oml:data_set_description>
