Clf,Score
"Clf MultNeg ""CAP""",11.520500000000002
"Clf Zeros ""CAP""",11.520500000000002
"Clf MultNeg ""PA.normalized""",42.9955
"Clf Zeros ""PA.normalized""",42.9955
"Clf Zscore ""CAP""",43.99549999999999
"Clf Binning ""CAP""",45.99549999999999
"Clf Invertion ""CAP""",46.9955
"Clf Ordernation_Up ""PA.normalized""",47.99549999999999
"Clf Std ""CAP""",48.99549999999999
"Clf Ordernation_Up ""CAP""",49.99549999999999
"Clf Zscore ""PA.normalized""",49.9955
"Clf Invertion ""PA.normalized""",50.99549999999999
"Clf Binning ""PA.normalized""",50.9955
"Clf Std ""PA.normalized""",52.99549999999999
"Clf Ordernation_Up ""Length.of.service""",54.99549999999999
"Clf Invertion ""Length.of.service""",54.99549999999999
Clf original data,56.91529048818248
"Clf MultNeg ""Length.of.service""",56.91529048818248
"Clf MultNeg ""Minority""",56.91529048818248
"Clf Binning ""Length.of.service""",56.91529048818248
"Clf Binning ""Minority""",56.91529048818248
"Clf Zeros ""Length.of.service""",56.91529048818248
"Clf Zeros ""Minority""",56.91529048818248
"Clf Ordernation_Up ""Minority""",56.91529048818248
"Clf Invertion ""Minority""",56.91529048818248
"Clf Std ""Length.of.service""",56.91529048818248
"Clf Std ""Minority""",56.91529048818248
"Clf Zscore ""Length.of.service""",56.91529048818248
"Clf Zscore ""Minority""",56.91529048818248
