Clf,Score
"Clf MultNeg ""CAP""",-18.875
"Clf Zeros ""CAP""",-18.875
"Clf Zscore ""CAP""",20.0
"Clf MultNeg ""PA.normalized""",22.0
"Clf Binning ""CAP""",22.0
"Clf Zeros ""PA.normalized""",22.0
"Clf Zscore ""PA.normalized""",26.0
"Clf Binning ""PA.normalized""",27.0
"Clf Invertion ""CAP""",29.0
"Clf Std ""PA.normalized""",30.0
"Clf Std ""CAP""",31.0
Clf original data,31.91979048818249
"Clf MultNeg ""Length.of.service""",31.91979048818249
"Clf MultNeg ""Minority""",31.91979048818249
"Clf Binning ""Length.of.service""",31.91979048818249
"Clf Binning ""Minority""",31.91979048818249
"Clf Zeros ""Length.of.service""",31.91979048818249
"Clf Zeros ""Minority""",31.91979048818249
"Clf Ordernation_Up ""Minority""",31.91979048818249
"Clf Invertion ""Minority""",31.91979048818249
"Clf Std ""Length.of.service""",31.91979048818249
"Clf Std ""Minority""",31.91979048818249
"Clf Zscore ""Length.of.service""",31.91979048818249
"Clf Zscore ""Minority""",31.91979048818249
"Clf Ordernation_Up ""Length.of.service""",32.0
"Clf Ordernation_Up ""CAP""",32.0
"Clf Ordernation_Up ""PA.normalized""",32.0
"Clf Invertion ""Length.of.service""",32.0
"Clf Invertion ""PA.normalized""",32.0
