,att_original_names,shap_m1,shap_m2,shap_m3,shap_m4,eli5_m1,eli5_m2,eli5_m3,eli5_m4,dalex_m1,dalex_m2,dalex_m3,dalex_m4,ci_m1,ci_m2,ci_m3,ci_m4,skater_m1,skater_m2,skater_m3,skater_m4,lofo_m1,lofo_m2,lofo_m3,lofo_m4,exirt_m1,exirt_m2,exirt_m3,exirt_m4
0,top-left-square,middle-middle-square,middle-middle-square,middle-middle-square,middle-middle-square,… 1 more …,… 1 more …,… 1 more …,… 1 more …,middle-middle-square,middle-middle-square,middle-middle-square,middle-middle-square,middle-left-square,middle-left-square,middle-left-square,middle-right-square,middle-middle-square,middle-middle-square,middle-middle-square,middle-middle-square,middle-middle-square,middle-middle-square,middle-middle-square,middle-middle-square,middle-middle-square,middle-middle-square,middle-middle-square,middle-middle-square
1,top-middle-square,top-left-square,top-left-square,bottom-left-square,top-left-square,middle-middle-square,middle-middle-square,middle-middle-square,middle-middle-square,bottom-right-square,bottom-right-square,top-right-square,bottom-left-square,top-right-square,middle-right-square,middle-right-square,middle-middle-square,bottom-right-square,bottom-right-square,top-right-square,bottom-left-square,bottom-right-square,bottom-right-square,bottom-right-square,bottom-right-square,bottom-right-square,bottom-right-square,bottom-right-square,bottom-right-square
2,top-right-square,bottom-right-square,bottom-left-square,top-right-square,top-right-square,bottom-left-square,top-right-square,bottom-left-square,bottom-left-square,top-left-square,top-right-square,bottom-right-square,top-right-square,middle-right-square,middle-middle-square,bottom-middle-square,middle-left-square,top-left-square,top-left-square,top-left-square,top-left-square,top-right-square,bottom-left-square,top-right-square,top-right-square,middle-right-square,top-right-square,bottom-left-square,bottom-left-square
3,middle-left-square,top-right-square,top-right-square,top-left-square,bottom-left-square,bottom-right-square,bottom-left-square,bottom-right-square,bottom-right-square,bottom-left-square,top-left-square,bottom-left-square,bottom-right-square,top-left-square,top-middle-square,top-right-square,top-right-square,top-right-square,top-right-square,bottom-right-square,top-right-square,top-left-square,top-right-square,top-left-square,top-left-square,top-right-square,bottom-left-square,top-right-square,top-right-square
4,middle-middle-square,bottom-left-square,bottom-right-square,bottom-right-square,bottom-right-square,top-right-square,bottom-right-square,top-right-square,top-left-square,top-right-square,bottom-left-square,top-left-square,top-left-square,bottom-left-square,bottom-middle-square,middle-middle-square,bottom-right-square,bottom-left-square,bottom-left-square,bottom-left-square,bottom-right-square,middle-right-square,top-left-square,bottom-left-square,bottom-left-square,top-left-square,top-left-square,top-left-square,middle-left-square
5,middle-right-square,top-middle-square,middle-left-square,middle-right-square,top-middle-square,top-left-square,top-left-square,top-left-square,top-right-square,middle-right-square,middle-right-square,middle-right-square,middle-right-square,bottom-middle-square,top-right-square,top-left-square,top-left-square,middle-right-square,middle-right-square,middle-right-square,middle-right-square,bottom-left-square,middle-left-square,middle-right-square,middle-right-square,bottom-left-square,middle-right-square,middle-left-square,top-left-square
6,bottom-left-square,middle-right-square,middle-right-square,middle-left-square,middle-right-square,middle-left-square,middle-right-square,middle-left-square,middle-right-square,top-middle-square,top-middle-square,middle-left-square,middle-left-square,bottom-right-square,top-left-square,bottom-right-square,bottom-left-square,top-middle-square,middle-left-square,middle-left-square,middle-left-square,middle-left-square,middle-right-square,top-middle-square,bottom-middle-square,top-middle-square,middle-left-square,middle-right-square,middle-right-square
7,bottom-middle-square,middle-left-square,top-middle-square,top-middle-square,middle-left-square,middle-right-square,top-middle-square,middle-right-square,middle-left-square,middle-left-square,middle-left-square,top-middle-square,top-middle-square,top-middle-square,bottom-left-square,bottom-left-square,bottom-middle-square,bottom-middle-square,top-middle-square,top-middle-square,top-middle-square,bottom-middle-square,top-middle-square,middle-left-square,middle-left-square,middle-left-square,top-middle-square,bottom-middle-square,top-middle-square
8,bottom-right-square,bottom-middle-square,bottom-middle-square,bottom-middle-square,bottom-middle-square,top-middle-square,middle-left-square,top-middle-square,bottom-middle-square,bottom-middle-square,bottom-middle-square,bottom-middle-square,bottom-middle-square,middle-middle-square,bottom-right-square,top-middle-square,top-middle-square,middle-left-square,bottom-middle-square,bottom-middle-square,bottom-middle-square,top-middle-square,bottom-middle-square,bottom-middle-square,top-middle-square,bottom-middle-square,bottom-middle-square,top-middle-square,bottom-middle-square
