,att_original_names,shap_m1,shap_m2,shap_m3,shap_m4,eli5_m1,eli5_m2,eli5_m3,eli5_m4,dalex_m1,dalex_m2,dalex_m3,dalex_m4,ci_m1,ci_m2,ci_m3,ci_m4,skater_m1,skater_m2,skater_m3,skater_m4,lofo_m1,lofo_m2,lofo_m3,lofo_m4,exirt_m1,exirt_m2,exirt_m3,exirt_m4
0,having_IP_Address,URL_of_Anchor,URL_of_Anchor,URL_of_Anchor,URL_of_Anchor,… 1 more …,… 1 more …,… 1 more …,… 1 more …,URL_of_Anchor,URL_of_Anchor,URL_of_Anchor,URL_of_Anchor,Prefix_Suffix,Prefix_Suffix,Prefix_Suffix,SSLfinal_State,URL_of_Anchor,URL_of_Anchor,URL_of_Anchor,URL_of_Anchor,URL_of_Anchor,SSLfinal_State,SSLfinal_State,SSLfinal_State,URL_of_Anchor,HTTPS_token,URL_of_Anchor,URL_of_Anchor
1,URL_Length,SSLfinal_State,SSLfinal_State,SSLfinal_State,SSLfinal_State,URL_of_Anchor,URL_of_Anchor,URL_of_Anchor,URL_of_Anchor,SSLfinal_State,SSLfinal_State,SSLfinal_State,SSLfinal_State,SSLfinal_State,SSLfinal_State,SSLfinal_State,Prefix_Suffix,SSLfinal_State,SSLfinal_State,SSLfinal_State,SSLfinal_State,SSLfinal_State,URL_of_Anchor,URL_of_Anchor,URL_of_Anchor,SSLfinal_State,SSLfinal_State,SSLfinal_State,SSLfinal_State
2,Shortining_Service,Prefix_Suffix,web_traffic,web_traffic,Prefix_Suffix,SSLfinal_State,SSLfinal_State,SSLfinal_State,SSLfinal_State,Prefix_Suffix,web_traffic,web_traffic,Prefix_Suffix,SFH,DNSRecord,Links_in_tags,URL_of_Anchor,Prefix_Suffix,web_traffic,web_traffic,Prefix_Suffix,Prefix_Suffix,having_Sub_Domain,having_Sub_Domain,web_traffic,web_traffic,URL_of_Anchor,web_traffic,web_traffic
3,having_At_Symbol,web_traffic,having_Sub_Domain,having_Sub_Domain,web_traffic,Prefix_Suffix,web_traffic,Prefix_Suffix,Prefix_Suffix,web_traffic,Prefix_Suffix,having_Sub_Domain,web_traffic,DNSRecord,having_Sub_Domain,DNSRecord,SFH,web_traffic,Links_in_tags,having_Sub_Domain,web_traffic,having_Sub_Domain,web_traffic,having_IP_Address,having_Sub_Domain,Prefix_Suffix,Prefix_Suffix,having_Sub_Domain,having_Sub_Domain
4,double_slash_redirecting,SFH,Prefix_Suffix,Prefix_Suffix,having_Sub_Domain,web_traffic,having_Sub_Domain,web_traffic,web_traffic,SFH,having_Sub_Domain,Prefix_Suffix,Links_in_tags,having_Sub_Domain,URL_of_Anchor,URL_of_Anchor,Links_in_tags,Links_in_tags,having_Sub_Domain,Links_in_tags,Links_in_tags,Google_Index,Google_Index,Google_Index,Prefix_Suffix,having_Sub_Domain,web_traffic,Links_in_tags,having_IP_Address
5,Prefix_Suffix,having_Sub_Domain,Links_in_tags,Links_in_tags,Links_in_tags,having_Sub_Domain,Links_in_tags,having_Sub_Domain,Links_in_tags,Links_in_tags,Links_in_tags,Links_in_tags,Links_pointing_to_page,Shortining_Service,Links_pointing_to_page,having_Sub_Domain,web_traffic,having_Sub_Domain,Links_pointing_to_page,Prefix_Suffix,having_Sub_Domain,web_traffic,age_of_domain,Links_pointing_to_page,Links_pointing_to_page,Links_in_tags,Links_in_tags,having_IP_Address,Links_pointing_to_page
6,having_Sub_Domain,Links_in_tags,SFH,SFH,SFH,Links_in_tags,Prefix_Suffix,Links_in_tags,having_Sub_Domain,Links_pointing_to_page,Links_pointing_to_page,age_of_domain,SFH,web_traffic,having_IP_Address,web_traffic,Google_Index,Links_pointing_to_page,having_IP_Address,Request_URL,Links_pointing_to_page,Links_pointing_to_page,Redirect,age_of_domain,Request_URL,having_IP_Address,DNSRecord,Prefix_Suffix,DNSRecord
7,SSLfinal_State,Links_pointing_to_page,Request_URL,Request_URL,having_IP_Address,Links_pointing_to_page,Links_pointing_to_page,age_of_domain,Links_pointing_to_page,having_Sub_Domain,having_IP_Address,Request_URL,having_Sub_Domain,Redirect,SFH,Request_URL,Links_pointing_to_page,SFH,Prefix_Suffix,age_of_domain,having_IP_Address,having_IP_Address,Prefix_Suffix,web_traffic,having_IP_Address,double_slash_redirecting,having_Sub_Domain,DNSRecord,Links_in_tags
8,Domain_registeration_length,having_IP_Address,Links_pointing_to_page,Domain_registeration_length,Links_pointing_to_page,SFH,having_IP_Address,Request_URL,having_IP_Address,having_IP_Address,SFH,SFH,having_IP_Address,Links_pointing_to_page,URL_Length,SFH,having_IP_Address,having_IP_Address,DNSRecord,Links_pointing_to_page,SFH,age_of_domain,on_mouseover,RightClick,DNSRecord,DNSRecord,Links_pointing_to_page,age_of_domain,HTTPS_token
9,Favicon,Request_URL,having_IP_Address,having_IP_Address,DNSRecord,Request_URL,Request_URL,SFH,SFH,DNSRecord,DNSRecord,having_IP_Address,Google_Index,Google_Index,age_of_domain,age_of_domain,DNSRecord,DNSRecord,age_of_domain,having_IP_Address,DNSRecord,URL_Length,Submitting_to_email,URL_Length,Links_in_tags,Google_Index,double_slash_redirecting,Links_pointing_to_page,SFH
10,port,Google_Index,Google_Index,Google_Index,Google_Index,having_IP_Address,DNSRecord,having_IP_Address,DNSRecord,Google_Index,age_of_domain,Domain_registeration_length,DNSRecord,URL_of_Anchor,Links_in_tags,Google_Index,Redirect,Request_URL,SFH,SFH,Google_Index,SFH,popUpWidnow,Prefix_Suffix,popUpWidnow,Links_pointing_to_page,having_IP_Address,Request_URL,double_slash_redirecting
11,HTTPS_token,DNSRecord,DNSRecord,Links_pointing_to_page,Request_URL,DNSRecord,SFH,DNSRecord,Google_Index,age_of_domain,Request_URL,Links_pointing_to_page,URL_Length,Links_in_tags,web_traffic,Domain_registeration_length,RightClick,Google_Index,Request_URL,Domain_registeration_length,Request_URL,Redirect,Statistical_report,Abnormal_URL,Google_Index,Request_URL,Submitting_to_email,SFH,Request_URL
12,Request_URL,popUpWidnow,Domain_registeration_length,age_of_domain,Domain_registeration_length,Google_Index,Google_Index,Page_Rank,Request_URL,Page_Rank,Google_Index,Google_Index,Request_URL,age_of_domain,HTTPS_token,Links_pointing_to_page,having_Sub_Domain,Page_Rank,Google_Index,DNSRecord,Page_Rank,Favicon,port,popUpWidnow,age_of_domain,SFH,URL_Length,Domain_registeration_length,Google_Index
13,URL_of_Anchor,Page_Rank,Page_Rank,DNSRecord,Page_Rank,age_of_domain,age_of_domain,Links_pointing_to_page,Domain_registeration_length,double_slash_redirecting,URL_Length,DNSRecord,Iframe,RightClick,double_slash_redirecting,Redirect,Request_URL,age_of_domain,Page_Rank,Page_Rank,URL_Length,Request_URL,HTTPS_token,Links_in_tags,Redirect,Page_Rank,age_of_domain,Statistical_report,age_of_domain
14,Links_in_tags,Domain_registeration_length,age_of_domain,Page_Rank,HTTPS_token,Page_Rank,Page_Rank,Domain_registeration_length,Iframe,Request_URL,Page_Rank,Page_Rank,HTTPS_token,URL_Length,Domain_registeration_length,double_slash_redirecting,Shortining_Service,popUpWidnow,Domain_registeration_length,Google_Index,HTTPS_token,Links_in_tags,Shortining_Service,Domain_registeration_length,HTTPS_token,Redirect,SFH,URL_Length,URL_Length
15,SFH,age_of_domain,popUpWidnow,Shortining_Service,URL_Length,URL_Length,Domain_registeration_length,Google_Index,Page_Rank,Shortining_Service,Domain_registeration_length,URL_Length,Page_Rank,Page_Rank,on_mouseover,Page_Rank,double_slash_redirecting,double_slash_redirecting,URL_Length,URL_Length,Redirect,Shortining_Service,having_IP_Address,Page_Rank,Shortining_Service,HTTPS_token,Request_URL,Page_Rank,Iframe
16,Submitting_to_email,Abnormal_URL,URL_Length,Redirect,Redirect,Redirect,URL_Length,URL_Length,age_of_domain,URL_Length,double_slash_redirecting,Redirect,Domain_registeration_length,port,Redirect,having_At_Symbol,HTTPS_token,Domain_registeration_length,double_slash_redirecting,Shortining_Service,Domain_registeration_length,on_mouseover,double_slash_redirecting,Request_URL,SFH,age_of_domain,Abnormal_URL,HTTPS_token,Redirect
17,Abnormal_URL,double_slash_redirecting,Shortining_Service,Abnormal_URL,Shortining_Service,popUpWidnow,Redirect,Redirect,Redirect,Submitting_to_email,popUpWidnow,Abnormal_URL,Shortining_Service,on_mouseover,Google_Index,Shortining_Service,on_mouseover,Submitting_to_email,Submitting_to_email,HTTPS_token,Shortining_Service,Domain_registeration_length,Favicon,Submitting_to_email,Domain_registeration_length,Submitting_to_email,Domain_registeration_length,Submitting_to_email,Shortining_Service
18,Redirect,Shortining_Service,Redirect,Statistical_report,Iframe,Domain_registeration_length,popUpWidnow,popUpWidnow,double_slash_redirecting,HTTPS_token,Redirect,Shortining_Service,Redirect,popUpWidnow,RightClick,URL_Length,URL_Length,URL_Length,Redirect,Abnormal_URL,Iframe,Iframe,RightClick,SFH,Statistical_report,popUpWidnow,Redirect,double_slash_redirecting,popUpWidnow
19,on_mouseover,Redirect,Abnormal_URL,URL_Length,age_of_domain,double_slash_redirecting,on_mouseover,Iframe,URL_Length,Redirect,Submitting_to_email,HTTPS_token,age_of_domain,Favicon,Shortining_Service,having_IP_Address,Page_Rank,Redirect,popUpWidnow,popUpWidnow,age_of_domain,Statistical_report,Abnormal_URL,Redirect,on_mouseover,port,Statistical_report,Google_Index,RightClick
20,RightClick,URL_Length,HTTPS_token,HTTPS_token,on_mouseover,Submitting_to_email,Submitting_to_email,having_At_Symbol,RightClick,popUpWidnow,Shortining_Service,Submitting_to_email,double_slash_redirecting,having_At_Symbol,popUpWidnow,port,Iframe,Shortining_Service,Shortining_Service,Submitting_to_email,double_slash_redirecting,HTTPS_token,URL_Length,Shortining_Service,Page_Rank,on_mouseover,Page_Rank,Abnormal_URL,Statistical_report
21,popUpWidnow,Iframe,Submitting_to_email,popUpWidnow,Favicon,Shortining_Service,Shortining_Service,Abnormal_URL,Shortining_Service,Abnormal_URL,HTTPS_token,popUpWidnow,Favicon,Iframe,Favicon,Abnormal_URL,age_of_domain,Abnormal_URL,Abnormal_URL,Favicon,on_mouseover,double_slash_redirecting,SFH,Statistical_report,double_slash_redirecting,Shortining_Service,popUpWidnow,Redirect,Abnormal_URL
22,Iframe,HTTPS_token,double_slash_redirecting,Favicon,double_slash_redirecting,Iframe,double_slash_redirecting,on_mouseover,HTTPS_token,Domain_registeration_length,on_mouseover,port,on_mouseover,having_IP_Address,Iframe,Favicon,port,HTTPS_token,HTTPS_token,double_slash_redirecting,RightClick,port,DNSRecord,Favicon,URL_Length,having_At_Symbol,Google_Index,popUpWidnow,Submitting_to_email
23,age_of_domain,Submitting_to_email,Favicon,on_mouseover,Abnormal_URL,port,Favicon,Favicon,on_mouseover,RightClick,Abnormal_URL,Favicon,Submitting_to_email,double_slash_redirecting,having_At_Symbol,RightClick,popUpWidnow,port,on_mouseover,Redirect,Abnormal_URL,Abnormal_URL,having_At_Symbol,having_At_Symbol,Iframe,Statistical_report,Shortining_Service,port,having_At_Symbol
24,DNSRecord,RightClick,on_mouseover,having_At_Symbol,RightClick,Favicon,HTTPS_token,HTTPS_token,Abnormal_URL,Iframe,Favicon,on_mouseover,Abnormal_URL,Submitting_to_email,Abnormal_URL,Submitting_to_email,having_At_Symbol,on_mouseover,having_At_Symbol,having_At_Symbol,Favicon,having_At_Symbol,Page_Rank,HTTPS_token,Favicon,URL_Length,on_mouseover,on_mouseover,port
25,web_traffic,port,having_At_Symbol,Submitting_to_email,popUpWidnow,having_At_Symbol,Abnormal_URL,port,popUpWidnow,on_mouseover,having_At_Symbol,double_slash_redirecting,popUpWidnow,Statistical_report,Submitting_to_email,popUpWidnow,Submitting_to_email,having_At_Symbol,Favicon,on_mouseover,popUpWidnow,Page_Rank,Domain_registeration_length,double_slash_redirecting,port,Abnormal_URL,port,RightClick,Favicon
26,Page_Rank,Statistical_report,Statistical_report,port,Statistical_report,HTTPS_token,having_At_Symbol,RightClick,Statistical_report,Favicon,RightClick,Iframe,RightClick,Request_URL,port,Statistical_report,Statistical_report,Iframe,Statistical_report,Statistical_report,Submitting_to_email,Submitting_to_email,Iframe,DNSRecord,RightClick,Domain_registeration_length,Favicon,Iframe,on_mouseover
27,Google_Index,Favicon,Iframe,double_slash_redirecting,Submitting_to_email,RightClick,Statistical_report,double_slash_redirecting,Favicon,having_At_Symbol,Statistical_report,having_At_Symbol,port,HTTPS_token,Statistical_report,on_mouseover,Favicon,Favicon,Iframe,port,Statistical_report,RightClick,Links_in_tags,port,Submitting_to_email,RightClick,having_At_Symbol,Shortining_Service,Prefix_Suffix
28,Links_pointing_to_page,on_mouseover,port,Iframe,having_At_Symbol,Abnormal_URL,RightClick,Submitting_to_email,Submitting_to_email,Statistical_report,Iframe,Statistical_report,having_At_Symbol,Domain_registeration_length,Request_URL,HTTPS_token,Domain_registeration_length,Statistical_report,RightClick,Iframe,port,DNSRecord,Links_pointing_to_page,Iframe,having_At_Symbol,Favicon,Iframe,Favicon,Page_Rank
29,Statistical_report,having_At_Symbol,RightClick,RightClick,port,Statistical_report,Iframe,Shortining_Service,port,port,port,RightClick,Statistical_report,Abnormal_URL,Page_Rank,Iframe,Abnormal_URL,RightClick,port,RightClick,having_At_Symbol,popUpWidnow,Request_URL,on_mouseover,Abnormal_URL,Iframe,RightClick,having_At_Symbol,Domain_registeration_length
