,Final Score
word_freq_remove,430.18459684353945
char_freq_%21,473.51873647870707
word_freq_hp,477.96952652552284
char_freq_%24,481.4937041176943
word_freq_free,487.05371897445974
capital_run_length_total,487.14759481022236
capital_run_length_average,487.4180264977987
capital_run_length_longest,487.7894726508724
word_freq_edu,488.08104570457914
word_freq_our,488.58439970327123
word_freq_george,491.46258667563075
word_freq_you,491.5282021028004
word_freq_your,492.8917682048927
word_freq_internet,494.29004303294283
word_freq_money,494.407679598081
word_freq_hpl,494.7799634084668
char_freq_%28,494.8447183850598
word_freq_business,494.8995567670117
word_freq_font,495.0842215287385
word_freq_re,495.41780160691536
word_freq_000,495.5174096420169
word_freq_1999,495.6218120135955
word_freq_will,495.67759124868303
word_freq_meeting,497.15904804098057
word_freq_receive,497.27493252991707
word_freq_all,497.2956297454359
word_freq_85,497.4082737798907
word_freq_mail,497.49278777717944
word_freq_technology,497.62807821048347
word_freq_report,497.628967825196
word_freq_over,497.63624767072605
char_freq_%5B,497.6400184018278
word_freq_lab,497.6661175907731
word_freq_cs,497.66807074576514
word_freq_project,497.66807074576514
word_freq_address,497.6754737637637
word_freq_email,497.69009679313046
word_freq_650,497.73049903274705
word_freq_original,497.835830775121
word_freq_direct,497.858763759535
word_freq_labs,497.8919702452224
word_freq_data,497.8919702452224
word_freq_credit,497.953197888014
word_freq_parts,497.9900775352549
word_freq_table,497.9900775352549
char_freq_%23,498.0197055536194
word_freq_conference,498.0197055536194
word_freq_415,498.0197055536194
word_freq_telnet,498.0197055536194
word_freq_857,498.0197055536194
word_freq_pm,498.0197055536194
word_freq_addresses,498.0213133170344
word_freq_3d,498.0449379869089
word_freq_order,498.12696338946375
word_freq_people,498.1294264569275
char_freq_%3B,498.2391473602355
word_freq_make,498.3366557709074
