,Final Score
word_freq_remove,425.2745679019739
word_freq_hp,455.91594764629053
char_freq_%21,460.2306325953375
char_freq_%24,470.689904062356
word_freq_george,471.70729667182593
capital_run_length_longest,474.4190218664899
word_freq_edu,477.05027339615947
word_freq_free,488.28293415824163
word_freq_our,489.0808564380835
capital_run_length_average,489.6392895882202
word_freq_your,490.1970849444895
word_freq_meeting,490.52159303837
word_freq_re,493.34374682428063
word_freq_technology,494.66688750327256
word_freq_money,495.06227028339674
capital_run_length_total,495.2120365131403
word_freq_business,495.6915566356986
word_freq_font,496.1666314207183
word_freq_hpl,496.39839589300914
word_freq_650,496.5947037185464
word_freq_1999,496.736570020978
char_freq_%28,496.87446453643577
char_freq_%3B,497.5056968754068
word_freq_internet,497.94188965534966
word_freq_will,498.2158142267377
word_freq_over,498.5916653844546
word_freq_000,498.7688679084964
word_freq_you,498.80192465488193
word_freq_credit,498.81392866083917
word_freq_email,498.83464679602326
word_freq_project,498.9925502655386
word_freq_people,499.24451289889805
word_freq_report,499.3817274234615
word_freq_conference,499.52952238834143
word_freq_table,499.52952238834143
word_freq_original,499.52952238834143
char_freq_%5B,499.52952238834143
char_freq_%23,499.52952238834143
word_freq_cs,499.52952238834143
word_freq_make,499.52952238834143
word_freq_pm,499.52952238834143
word_freq_address,499.52952238834143
word_freq_all,499.52952238834143
word_freq_3d,499.52952238834143
word_freq_order,499.52952238834143
word_freq_mail,499.52952238834143
word_freq_receive,499.52952238834143
word_freq_direct,499.52952238834143
word_freq_addresses,499.52952238834143
word_freq_telnet,499.52952238834143
word_freq_857,499.52952238834143
word_freq_data,499.52952238834143
word_freq_415,499.52952238834143
word_freq_85,499.52952238834143
word_freq_parts,499.52952238834143
word_freq_labs,499.52952238834143
word_freq_lab,499.52952238834143
