,Final Score
word_freq_hp,470.2547945864219
char_freq_%21,472.4810894021494
word_freq_remove,472.836016346991
capital_run_length_longest,481.2690576663979
char_freq_%24,482.1099781977862
capital_run_length_total,482.6916199198061
word_freq_george,483.54030685554875
word_freq_edu,483.6478243240956
word_freq_free,486.49240491290664
word_freq_our,488.19635383503316
word_freq_re,489.696442730392
word_freq_meeting,491.3989720770179
capital_run_length_average,492.17653002123063
word_freq_email,493.5981006709869
word_freq_internet,493.7495175920869
word_freq_your,494.0539259256389
word_freq_font,494.1264423144472
word_freq_650,495.0444742884029
word_freq_business,496.0176473098501
word_freq_you,496.07382476792503
word_freq_hpl,496.28002841333057
word_freq_money,496.4223545535772
word_freq_1999,496.66121682508805
word_freq_technology,496.9945746530411
word_freq_will,497.47146114247084
char_freq_%28,497.65668358107166
word_freq_over,497.9308148934975
word_freq_000,498.3012047810366
word_freq_project,498.4306656570637
char_freq_%3B,498.7359895732193
word_freq_make,498.8469312730703
word_freq_credit,498.84750038435635
word_freq_lab,499.10514810689324
word_freq_mail,499.1543605019896
word_freq_conference,499.33931140903616
word_freq_cs,499.33931140903616
word_freq_order,499.4164919193036
word_freq_receive,499.42177205390055
char_freq_%23,499.49942861947403
word_freq_85,499.583039452934
word_freq_pm,499.583039452934
word_freq_report,499.7225557179334
word_freq_addresses,499.7225557179334
word_freq_original,499.9456828163927
word_freq_telnet,499.9456828163927
word_freq_people,499.9456828163927
word_freq_direct,499.9456828163927
word_freq_table,499.9456828163927
word_freq_parts,499.9456828163927
word_freq_labs,499.9456828163927
word_freq_415,499.9456828163927
char_freq_%5B,499.9456828163927
word_freq_3d,499.9456828163927
word_freq_all,499.9456828163927
word_freq_data,499.9456828163927
word_freq_address,499.9456828163927
word_freq_857,499.9456828163927
