,Final Score
word_freq_remove,437.1119394338134
word_freq_george,465.4797121361958
capital_run_length_total,466.23665643590414
char_freq_%21,474.7178624744247
word_freq_edu,478.564709527447
capital_run_length_longest,482.32771297121974
word_freq_hp,483.6559919305642
word_freq_our,486.1275225583071
word_freq_meeting,486.28315084088644
capital_run_length_average,488.64688487437843
char_freq_%24,490.1709198738153
word_freq_hpl,490.39089183863894
word_freq_free,490.87872863219127
word_freq_your,491.24234230134306
word_freq_re,491.7584520794288
word_freq_you,493.10528653226913
word_freq_650,493.94426324305914
word_freq_1999,494.1624585320137
word_freq_lab,494.23012706598763
word_freq_business,494.46394769351133
word_freq_85,494.9214799622579
word_freq_credit,495.07420905093034
word_freq_will,495.1376233783855
word_freq_project,495.4605848363555
word_freq_all,495.6127956060261
char_freq_%28,495.8320838414922
word_freq_000,496.0801326397345
word_freq_font,496.35728188634437
word_freq_people,496.57794000678143
word_freq_cs,496.81330195010145
word_freq_telnet,496.9609999666216
word_freq_original,497.20640343239074
char_freq_%3B,497.27649075436716
word_freq_money,497.5770295214875
word_freq_pm,497.5945429020403
word_freq_data,497.7349544405352
char_freq_%5B,497.9570480080662
word_freq_email,498.4786208800609
word_freq_conference,498.55149620126804
word_freq_internet,498.7211725286361
word_freq_over,498.73110365610194
word_freq_receive,498.7943047300462
char_freq_%23,499.0432854039315
word_freq_technology,499.0432854039315
word_freq_order,499.2261185207265
word_freq_report,499.2261185207265
word_freq_addresses,499.2261185207265
word_freq_mail,499.24940560232807
word_freq_direct,499.24962529887523
word_freq_address,499.3928804801199
word_freq_3d,499.3928804801199
word_freq_parts,499.3928804801199
word_freq_415,499.3928804801199
word_freq_857,499.3928804801199
word_freq_labs,499.3928804801199
word_freq_table,499.3928804801199
word_freq_make,499.3928804801199
