,att_original_names,shap_m1,shap_m2,shap_m3,shap_m4,eli5_m1,eli5_m2,eli5_m3,eli5_m4,dalex_m1,dalex_m2,dalex_m3,dalex_m4,ci_m1,ci_m2,ci_m3,ci_m4,skater_m1,skater_m2,skater_m3,skater_m4,lofo_m1,lofo_m2,lofo_m3,lofo_m4,exirt_m1,exirt_m2,exirt_m3,exirt_m4
0,LOC_BLANK,NUM_OPERATORS,HALSTEAD_CONTENT,LOC_BLANK,HALSTEAD_CONTENT,… 1 more …,… 1 more …,… 1 more …,… 1 more …,DESIGN_COMPLEXITY,LOC_COMMENTS,NUM_UNIQUE_OPERANDS,HALSTEAD_CONTENT,HALSTEAD_CONTENT,LOC_COMMENTS,NUM_UNIQUE_OPERANDS,HALSTEAD_CONTENT,NUM_OPERATORS,LOC_COMMENTS,NUM_OPERATORS,HALSTEAD_CONTENT,MODIFIED_CONDITION_COUNT,PERCENT_COMMENTS,NUM_OPERANDS,CALL_PAIRS,NUM_OPERATORS,LOC_COMMENTS,PERCENT_COMMENTS,NODE_COUNT
1,BRANCH_COUNT,HALSTEAD_CONTENT,LOC_COMMENTS,NUMBER_OF_LINES,NUM_OPERATORS,HALSTEAD_LENGTH,NODE_COUNT,HALSTEAD_LEVEL,HALSTEAD_LENGTH,LOC_EXECUTABLE,CONDITION_COUNT,NODE_COUNT,CALL_PAIRS,LOC_COMMENTS,HALSTEAD_CONTENT,HALSTEAD_CONTENT,LOC_COMMENTS,PERCENT_COMMENTS,NUM_OPERATORS,NUM_UNIQUE_OPERANDS,NODE_COUNT,HALSTEAD_CONTENT,PARAMETER_COUNT,MAINTENANCE_SEVERITY,NUM_UNIQUE_OPERATORS,HALSTEAD_LENGTH,NODE_COUNT,LOC_BLANK,LOC_COMMENTS
2,CALL_PAIRS,PERCENT_COMMENTS,MAINTENANCE_SEVERITY,NORMALIZED_CYLOMATIC_COMPLEXITY,LOC_COMMENTS,DESIGN_COMPLEXITY,DECISION_DENSITY,HALSTEAD_EFFORT,LOC_COMMENTS,NUM_UNIQUE_OPERANDS,MULTIPLE_CONDITION_COUNT,EDGE_COUNT,LOC_BLANK,DESIGN_COMPLEXITY,NUM_UNIQUE_OPERANDS,NUMBER_OF_LINES,PERCENT_COMMENTS,HALSTEAD_LENGTH,HALSTEAD_CONTENT,HALSTEAD_ERROR_EST,LOC_BLANK,NUM_OPERATORS,NUM_UNIQUE_OPERATORS,LOC_BLANK,DECISION_DENSITY,DESIGN_COMPLEXITY,PERCENT_COMMENTS,NUM_UNIQUE_OPERATORS,LOC_BLANK
3,LOC_CODE_AND_COMMENT,DESIGN_COMPLEXITY,NUM_OPERATORS,LOC_COMMENTS,MAINTENANCE_SEVERITY,HALSTEAD_LEVEL,DESIGN_COMPLEXITY,EDGE_COUNT,HALSTEAD_ERROR_EST,NODE_COUNT,HALSTEAD_CONTENT,HALSTEAD_ERROR_EST,LOC_TOTAL,LOC_EXECUTABLE,NUM_OPERATORS,PERCENT_COMMENTS,NORMALIZED_CYLOMATIC_COMPLEXITY,LOC_EXECUTABLE,PERCENT_COMMENTS,EDGE_COUNT,LOC_COMMENTS,LOC_TOTAL,NUM_UNIQUE_OPERANDS,ESSENTIAL_COMPLEXITY,LOC_CODE_AND_COMMENT,NODE_COUNT,NUM_OPERATORS,NUM_UNIQUE_OPERANDS,HALSTEAD_CONTENT
4,LOC_COMMENTS,MAINTENANCE_SEVERITY,PERCENT_COMMENTS,EDGE_COUNT,LOC_BLANK,NUM_UNIQUE_OPERATORS,LOC_BLANK,PARAMETER_COUNT,DECISION_DENSITY,HALSTEAD_EFFORT,MODIFIED_CONDITION_COUNT,HALSTEAD_CONTENT,NUM_UNIQUE_OPERANDS,NUM_UNIQUE_OPERANDS,NUMBER_OF_LINES,NORMALIZED_CYLOMATIC_COMPLEXITY,NUM_OPERATORS,DESIGN_COMPLEXITY,NUMBER_OF_LINES,LOC_EXECUTABLE,NUM_OPERATORS,LOC_EXECUTABLE,NUM_OPERATORS,DESIGN_COMPLEXITY,HALSTEAD_PROG_TIME,PERCENT_COMMENTS,DECISION_DENSITY,MULTIPLE_CONDITION_COUNT,HALSTEAD_VOLUME
5,CONDITION_COUNT,LOC_BLANK,HALSTEAD_VOLUME,NUM_UNIQUE_OPERANDS,CALL_PAIRS,HALSTEAD_DIFFICULTY,HALSTEAD_DIFFICULTY,NUM_UNIQUE_OPERATORS,LOC_BLANK,EDGE_COUNT,HALSTEAD_PROG_TIME,MAINTENANCE_SEVERITY,DECISION_DENSITY,HALSTEAD_DIFFICULTY,HALSTEAD_ERROR_EST,LOC_TOTAL,HALSTEAD_PROG_TIME,HALSTEAD_CONTENT,HALSTEAD_ERROR_EST,HALSTEAD_LENGTH,HALSTEAD_VOLUME,HALSTEAD_LEVEL,NUM_OPERANDS,PARAMETER_COUNT,DECISION_COUNT,LOC_EXECUTABLE,DESIGN_COMPLEXITY,MODIFIED_CONDITION_COUNT,HALSTEAD_PROG_TIME
6,CYCLOMATIC_COMPLEXITY,LOC_COMMENTS,NUM_UNIQUE_OPERANDS,LOC_EXECUTABLE,NODE_COUNT,LOC_EXECUTABLE,NUM_OPERATORS,NUM_UNIQUE_OPERANDS,PERCENT_COMMENTS,MAINTENANCE_SEVERITY,HALSTEAD_LEVEL,HALSTEAD_PROG_TIME,NODE_COUNT,HALSTEAD_ERROR_EST,HALSTEAD_LENGTH,LOC_COMMENTS,NUM_UNIQUE_OPERATORS,CYCLOMATIC_DENSITY,HALSTEAD_LENGTH,NUMBER_OF_LINES,HALSTEAD_PROG_TIME,NORMALIZED_CYLOMATIC_COMPLEXITY,NUMBER_OF_LINES,NUM_UNIQUE_OPERATORS,PERCENT_COMMENTS,EDGE_COUNT,HALSTEAD_DIFFICULTY,MAINTENANCE_SEVERITY,HALSTEAD_LENGTH
7,CYCLOMATIC_DENSITY,HALSTEAD_LENGTH,NUMBER_OF_LINES,NUM_OPERANDS,HALSTEAD_LENGTH,DECISION_DENSITY,PARAMETER_COUNT,NODE_COUNT,NUM_OPERANDS,CALL_PAIRS,DESIGN_DENSITY,HALSTEAD_VOLUME,DESIGN_COMPLEXITY,NODE_COUNT,LOC_EXECUTABLE,CYCLOMATIC_DENSITY,LOC_TOTAL,EDGE_COUNT,HALSTEAD_DIFFICULTY,NUM_OPERANDS,DESIGN_COMPLEXITY,MULTIPLE_CONDITION_COUNT,NORMALIZED_CYLOMATIC_COMPLEXITY,LOC_EXECUTABLE,PARAMETER_COUNT,HALSTEAD_EFFORT,HALSTEAD_CONTENT,HALSTEAD_VOLUME,NUM_OPERATORS
8,DECISION_COUNT,HALSTEAD_DIFFICULTY,LOC_BLANK,NUM_OPERATORS,NUM_UNIQUE_OPERANDS,MULTIPLE_CONDITION_COUNT,NUM_UNIQUE_OPERATORS,MULTIPLE_CONDITION_COUNT,MULTIPLE_CONDITION_COUNT,NUM_OPERANDS,NUM_UNIQUE_OPERATORS,LOC_EXECUTABLE,LOC_CODE_AND_COMMENT,HALSTEAD_EFFORT,NODE_COUNT,EDGE_COUNT,CALL_PAIRS,LOC_BLANK,HALSTEAD_VOLUME,HALSTEAD_VOLUME,CALL_PAIRS,LOC_CODE_AND_COMMENT,NODE_COUNT,HALSTEAD_LENGTH,NUM_UNIQUE_OPERANDS,HALSTEAD_PROG_TIME,CALL_PAIRS,HALSTEAD_PROG_TIME,DESIGN_COMPLEXITY
9,DECISION_DENSITY,NODE_COUNT,HALSTEAD_LENGTH,PERCENT_COMMENTS,NORMALIZED_CYLOMATIC_COMPLEXITY,MODIFIED_CONDITION_COUNT,NUM_UNIQUE_OPERANDS,MODIFIED_CONDITION_COUNT,HALSTEAD_PROG_TIME,NUM_OPERATORS,DECISION_COUNT,HALSTEAD_LENGTH,HALSTEAD_DIFFICULTY,EDGE_COUNT,PERCENT_COMMENTS,HALSTEAD_LENGTH,HALSTEAD_EFFORT,NODE_COUNT,LOC_BLANK,HALSTEAD_EFFORT,DESIGN_DENSITY,LOC_BLANK,MULTIPLE_CONDITION_COUNT,CYCLOMATIC_DENSITY,NUM_OPERATORS,PARAMETER_COUNT,HALSTEAD_ERROR_EST,HALSTEAD_LENGTH,LOC_TOTAL
10,DESIGN_COMPLEXITY,EDGE_COUNT,NODE_COUNT,HALSTEAD_CONTENT,EDGE_COUNT,LOC_CODE_AND_COMMENT,NUM_OPERANDS,MAINTENANCE_SEVERITY,HALSTEAD_CONTENT,HALSTEAD_VOLUME,CYCLOMATIC_COMPLEXITY,LOC_TOTAL,HALSTEAD_LENGTH,NUMBER_OF_LINES,LOC_BLANK,LOC_BLANK,LOC_BLANK,HALSTEAD_DIFFICULTY,NODE_COUNT,NODE_COUNT,NUMBER_OF_LINES,HALSTEAD_PROG_TIME,MODIFIED_CONDITION_COUNT,CONDITION_COUNT,NUM_OPERANDS,ESSENTIAL_DENSITY,LOC_BLANK,HALSTEAD_CONTENT,DESIGN_DENSITY
11,DESIGN_DENSITY,LOC_EXECUTABLE,CYCLOMATIC_DENSITY,NODE_COUNT,PERCENT_COMMENTS,HALSTEAD_VOLUME,NUMBER_OF_LINES,LOC_CODE_AND_COMMENT,EDGE_COUNT,DESIGN_DENSITY,ESSENTIAL_COMPLEXITY,CALL_PAIRS,DESIGN_DENSITY,NUM_OPERANDS,NUM_OPERANDS,NUM_UNIQUE_OPERATORS,LOC_CODE_AND_COMMENT,MAINTENANCE_SEVERITY,DESIGN_COMPLEXITY,LOC_TOTAL,HALSTEAD_ERROR_EST,HALSTEAD_ERROR_EST,MAINTENANCE_SEVERITY,PERCENT_COMMENTS,NUMBER_OF_LINES,ESSENTIAL_COMPLEXITY,DESIGN_DENSITY,PARAMETER_COUNT,HALSTEAD_ERROR_EST
12,EDGE_COUNT,NUM_UNIQUE_OPERANDS,PARAMETER_COUNT,CYCLOMATIC_DENSITY,CYCLOMATIC_DENSITY,HALSTEAD_PROG_TIME,NORMALIZED_CYLOMATIC_COMPLEXITY,HALSTEAD_VOLUME,MAINTENANCE_SEVERITY,NUM_UNIQUE_OPERATORS,NUM_UNIQUE_OPERANDS,HALSTEAD_EFFORT,NUM_OPERATORS,CALL_PAIRS,EDGE_COUNT,NUM_OPERANDS,HALSTEAD_ERROR_EST,LOC_COMMENTS,NUM_UNIQUE_OPERANDS,LOC_BLANK,NUM_UNIQUE_OPERANDS,HALSTEAD_EFFORT,LOC_TOTAL,NORMALIZED_CYLOMATIC_COMPLEXITY,NORMALIZED_CYLOMATIC_COMPLEXITY,LOC_CODE_AND_COMMENT,NUMBER_OF_LINES,ESSENTIAL_DENSITY,CYCLOMATIC_DENSITY
13,ESSENTIAL_COMPLEXITY,HALSTEAD_EFFORT,HALSTEAD_DIFFICULTY,HALSTEAD_LENGTH,NUMBER_OF_LINES,HALSTEAD_ERROR_EST,MULTIPLE_CONDITION_COUNT,HALSTEAD_PROG_TIME,CYCLOMATIC_DENSITY,CONDITION_COUNT,LOC_CODE_AND_COMMENT,LOC_BLANK,LOC_EXECUTABLE,DESIGN_DENSITY,HALSTEAD_VOLUME,LOC_EXECUTABLE,MAINTENANCE_SEVERITY,NORMALIZED_CYLOMATIC_COMPLEXITY,CYCLOMATIC_DENSITY,NORMALIZED_CYLOMATIC_COMPLEXITY,DECISION_DENSITY,ESSENTIAL_DENSITY,LOC_EXECUTABLE,HALSTEAD_PROG_TIME,NODE_COUNT,HALSTEAD_VOLUME,NUM_UNIQUE_OPERATORS,HALSTEAD_DIFFICULTY,EDGE_COUNT
14,ESSENTIAL_DENSITY,CYCLOMATIC_DENSITY,HALSTEAD_EFFORT,HALSTEAD_VOLUME,HALSTEAD_VOLUME,HALSTEAD_EFFORT,MODIFIED_CONDITION_COUNT,HALSTEAD_LENGTH,NORMALIZED_CYLOMATIC_COMPLEXITY,LOC_TOTAL,LOC_EXECUTABLE,HALSTEAD_LEVEL,HALSTEAD_PROG_TIME,PERCENT_COMMENTS,NORMALIZED_CYLOMATIC_COMPLEXITY,NODE_COUNT,NUM_UNIQUE_OPERANDS,NUMBER_OF_LINES,NUM_OPERANDS,HALSTEAD_CONTENT,MAINTENANCE_SEVERITY,ESSENTIAL_COMPLEXITY,LOC_COMMENTS,CYCLOMATIC_COMPLEXITY,MULTIPLE_CONDITION_COUNT,HALSTEAD_ERROR_EST,NUM_UNIQUE_OPERANDS,CONDITION_COUNT,DECISION_DENSITY
15,LOC_EXECUTABLE,NUMBER_OF_LINES,NORMALIZED_CYLOMATIC_COMPLEXITY,HALSTEAD_ERROR_EST,LOC_TOTAL,ESSENTIAL_DENSITY,MAINTENANCE_SEVERITY,HALSTEAD_ERROR_EST,LOC_TOTAL,NUMBER_OF_LINES,BRANCH_COUNT,NORMALIZED_CYLOMATIC_COMPLEXITY,CYCLOMATIC_DENSITY,NUM_OPERATORS,MAINTENANCE_SEVERITY,LOC_CODE_AND_COMMENT,NODE_COUNT,CALL_PAIRS,NORMALIZED_CYLOMATIC_COMPLEXITY,PERCENT_COMMENTS,NUM_UNIQUE_OPERATORS,DESIGN_DENSITY,LOC_CODE_AND_COMMENT,NUMBER_OF_LINES,MODIFIED_CONDITION_COUNT,MODIFIED_CONDITION_COUNT,BRANCH_COUNT,BRANCH_COUNT,MAINTENANCE_SEVERITY
16,PARAMETER_COUNT,CALL_PAIRS,NUM_OPERANDS,DESIGN_COMPLEXITY,DESIGN_DENSITY,ESSENTIAL_COMPLEXITY,LOC_TOTAL,HALSTEAD_DIFFICULTY,HALSTEAD_VOLUME,LOC_COMMENTS,DECISION_DENSITY,NUM_OPERATORS,LOC_COMMENTS,NORMALIZED_CYLOMATIC_COMPLEXITY,LOC_TOTAL,HALSTEAD_EFFORT,NUMBER_OF_LINES,NUM_UNIQUE_OPERANDS,CALL_PAIRS,HALSTEAD_PROG_TIME,HALSTEAD_EFFORT,DECISION_COUNT,LOC_BLANK,NODE_COUNT,LOC_TOTAL,MULTIPLE_CONDITION_COUNT,NUM_OPERANDS,DESIGN_DENSITY,PERCENT_COMMENTS
17,HALSTEAD_CONTENT,NORMALIZED_CYLOMATIC_COMPLEXITY,DESIGN_COMPLEXITY,LOC_TOTAL,NUM_UNIQUE_OPERATORS,EDGE_COUNT,LOC_EXECUTABLE,HALSTEAD_CONTENT,HALSTEAD_EFFORT,HALSTEAD_LEVEL,CALL_PAIRS,DECISION_COUNT,MULTIPLE_CONDITION_COUNT,LOC_BLANK,NUM_UNIQUE_OPERATORS,CONDITION_COUNT,LOC_EXECUTABLE,DESIGN_DENSITY,EDGE_COUNT,CYCLOMATIC_DENSITY,LOC_TOTAL,CYCLOMATIC_COMPLEXITY,HALSTEAD_VOLUME,MULTIPLE_CONDITION_COUNT,LOC_EXECUTABLE,NUM_OPERANDS,NORMALIZED_CYLOMATIC_COMPLEXITY,LOC_CODE_AND_COMMENT,HALSTEAD_EFFORT
18,HALSTEAD_DIFFICULTY,DESIGN_DENSITY,HALSTEAD_PROG_TIME,HALSTEAD_EFFORT,HALSTEAD_DIFFICULTY,PERCENT_COMMENTS,LOC_COMMENTS,ESSENTIAL_DENSITY,DESIGN_COMPLEXITY,DECISION_COUNT,HALSTEAD_EFFORT,HALSTEAD_DIFFICULTY,CONDITION_COUNT,NUM_UNIQUE_OPERATORS,DECISION_COUNT,CALL_PAIRS,HALSTEAD_LENGTH,NUM_UNIQUE_OPERATORS,HALSTEAD_EFFORT,LOC_COMMENTS,PERCENT_COMMENTS,CONDITION_COUNT,HALSTEAD_PROG_TIME,BRANCH_COUNT,LOC_BLANK,BRANCH_COUNT,LOC_CODE_AND_COMMENT,DECISION_DENSITY,MULTIPLE_CONDITION_COUNT
19,HALSTEAD_EFFORT,PARAMETER_COUNT,LOC_EXECUTABLE,MAINTENANCE_SEVERITY,DESIGN_COMPLEXITY,CYCLOMATIC_DENSITY,LOC_CODE_AND_COMMENT,ESSENTIAL_COMPLEXITY,NUM_UNIQUE_OPERATORS,DECISION_DENSITY,DESIGN_COMPLEXITY,PERCENT_COMMENTS,DECISION_COUNT,HALSTEAD_LENGTH,LOC_CODE_AND_COMMENT,NUM_OPERATORS,CYCLOMATIC_DENSITY,HALSTEAD_EFFORT,LOC_EXECUTABLE,HALSTEAD_LEVEL,NORMALIZED_CYLOMATIC_COMPLEXITY,CALL_PAIRS,HALSTEAD_LEVEL,NUM_UNIQUE_OPERANDS,HALSTEAD_VOLUME,LOC_BLANK,MULTIPLE_CONDITION_COUNT,ESSENTIAL_COMPLEXITY,NUM_UNIQUE_OPERANDS
20,HALSTEAD_ERROR_EST,NUM_UNIQUE_OPERATORS,LOC_TOTAL,HALSTEAD_LEVEL,HALSTEAD_ERROR_EST,NUM_UNIQUE_OPERANDS,HALSTEAD_VOLUME,DESIGN_DENSITY,NUM_OPERATORS,CYCLOMATIC_COMPLEXITY,CYCLOMATIC_DENSITY,DESIGN_COMPLEXITY,PARAMETER_COUNT,MAINTENANCE_SEVERITY,PARAMETER_COUNT,HALSTEAD_LEVEL,HALSTEAD_VOLUME,PARAMETER_COUNT,HALSTEAD_LEVEL,HALSTEAD_DIFFICULTY,HALSTEAD_LENGTH,NUM_UNIQUE_OPERATORS,HALSTEAD_LENGTH,NUM_OPERATORS,HALSTEAD_LEVEL,NORMALIZED_CYLOMATIC_COMPLEXITY,MODIFIED_CONDITION_COUNT,CYCLOMATIC_COMPLEXITY,NUMBER_OF_LINES
21,HALSTEAD_LENGTH,NUM_OPERANDS,DECISION_COUNT,NUM_UNIQUE_OPERATORS,DECISION_DENSITY,NUMBER_OF_LINES,HALSTEAD_PROG_TIME,DECISION_DENSITY,NUMBER_OF_LINES,BRANCH_COUNT,ESSENTIAL_DENSITY,NUM_OPERANDS,MODIFIED_CONDITION_COUNT,PARAMETER_COUNT,CONDITION_COUNT,HALSTEAD_ERROR_EST,HALSTEAD_LEVEL,HALSTEAD_VOLUME,NUM_UNIQUE_OPERATORS,NUM_UNIQUE_OPERATORS,CYCLOMATIC_DENSITY,NUM_OPERANDS,HALSTEAD_ERROR_EST,LOC_COMMENTS,HALSTEAD_LENGTH,NUMBER_OF_LINES,MAINTENANCE_SEVERITY,DECISION_COUNT,NORMALIZED_CYLOMATIC_COMPLEXITY
22,HALSTEAD_LEVEL,HALSTEAD_VOLUME,HALSTEAD_ERROR_EST,DECISION_COUNT,LOC_EXECUTABLE,MAINTENANCE_SEVERITY,HALSTEAD_LEVEL,DECISION_COUNT,PARAMETER_COUNT,MULTIPLE_CONDITION_COUNT,HALSTEAD_DIFFICULTY,DESIGN_DENSITY,ESSENTIAL_DENSITY,CYCLOMATIC_DENSITY,MULTIPLE_CONDITION_COUNT,PARAMETER_COUNT,HALSTEAD_DIFFICULTY,NUM_OPERANDS,LOC_TOTAL,CYCLOMATIC_COMPLEXITY,LOC_EXECUTABLE,NUMBER_OF_LINES,HALSTEAD_EFFORT,LOC_CODE_AND_COMMENT,HALSTEAD_ERROR_EST,LOC_TOTAL,HALSTEAD_VOLUME,EDGE_COUNT,CALL_PAIRS
23,HALSTEAD_PROG_TIME,LOC_TOTAL,EDGE_COUNT,HALSTEAD_DIFFICULTY,NUM_OPERANDS,LOC_TOTAL,HALSTEAD_LENGTH,CYCLOMATIC_COMPLEXITY,MODIFIED_CONDITION_COUNT,LOC_CODE_AND_COMMENT,NUMBER_OF_LINES,CYCLOMATIC_DENSITY,ESSENTIAL_COMPLEXITY,CONDITION_COUNT,HALSTEAD_DIFFICULTY,MODIFIED_CONDITION_COUNT,DESIGN_COMPLEXITY,HALSTEAD_ERROR_EST,HALSTEAD_PROG_TIME,MAINTENANCE_SEVERITY,NUM_OPERANDS,NODE_COUNT,HALSTEAD_DIFFICULTY,HALSTEAD_VOLUME,HALSTEAD_EFFORT,DECISION_DENSITY,HALSTEAD_PROG_TIME,CYCLOMATIC_DENSITY,DECISION_COUNT
24,HALSTEAD_VOLUME,HALSTEAD_ERROR_EST,HALSTEAD_LEVEL,CYCLOMATIC_COMPLEXITY,HALSTEAD_PROG_TIME,LOC_COMMENTS,HALSTEAD_ERROR_EST,CONDITION_COUNT,LOC_EXECUTABLE,HALSTEAD_PROG_TIME,NODE_COUNT,NUMBER_OF_LINES,CYCLOMATIC_COMPLEXITY,LOC_TOTAL,DESIGN_COMPLEXITY,MAINTENANCE_SEVERITY,EDGE_COUNT,CYCLOMATIC_COMPLEXITY,MAINTENANCE_SEVERITY,DESIGN_COMPLEXITY,EDGE_COUNT,MAINTENANCE_SEVERITY,HALSTEAD_CONTENT,HALSTEAD_LEVEL,HALSTEAD_DIFFICULTY,HALSTEAD_DIFFICULTY,HALSTEAD_LEVEL,NUM_OPERATORS,NUM_OPERANDS
25,MAINTENANCE_SEVERITY,CYCLOMATIC_COMPLEXITY,CALL_PAIRS,HALSTEAD_PROG_TIME,HALSTEAD_EFFORT,DECISION_COUNT,HALSTEAD_EFFORT,CALL_PAIRS,LOC_CODE_AND_COMMENT,ESSENTIAL_DENSITY,NORMALIZED_CYLOMATIC_COMPLEXITY,DECISION_DENSITY,BRANCH_COUNT,CYCLOMATIC_COMPLEXITY,CYCLOMATIC_DENSITY,HALSTEAD_VOLUME,NUM_OPERANDS,CONDITION_COUNT,MULTIPLE_CONDITION_COUNT,BRANCH_COUNT,ESSENTIAL_COMPLEXITY,HALSTEAD_DIFFICULTY,ESSENTIAL_DENSITY,HALSTEAD_CONTENT,ESSENTIAL_DENSITY,NUM_UNIQUE_OPERATORS,HALSTEAD_LENGTH,NODE_COUNT,NUM_UNIQUE_OPERATORS
26,MODIFIED_CONDITION_COUNT,CONDITION_COUNT,DESIGN_DENSITY,CALL_PAIRS,LOC_CODE_AND_COMMENT,CYCLOMATIC_COMPLEXITY,ESSENTIAL_DENSITY,BRANCH_COUNT,HALSTEAD_LEVEL,ESSENTIAL_COMPLEXITY,PARAMETER_COUNT,MULTIPLE_CONDITION_COUNT,HALSTEAD_LEVEL,HALSTEAD_VOLUME,HALSTEAD_PROG_TIME,DECISION_COUNT,PARAMETER_COUNT,DECISION_COUNT,CONDITION_COUNT,DECISION_COUNT,MODIFIED_CONDITION_COUNT,DESIGN_COMPLEXITY,ESSENTIAL_COMPLEXITY,EDGE_COUNT,EDGE_COUNT,LOC_COMMENTS,CONDITION_COUNT,HALSTEAD_ERROR_EST,BRANCH_COUNT
27,MULTIPLE_CONDITION_COUNT,DECISION_DENSITY,NUM_UNIQUE_OPERATORS,BRANCH_COUNT,CONDITION_COUNT,CONDITION_COUNT,ESSENTIAL_COMPLEXITY,LOC_BLANK,HALSTEAD_DIFFICULTY,MODIFIED_CONDITION_COUNT,NUM_OPERANDS,LOC_CODE_AND_COMMENT,NUM_UNIQUE_OPERATORS,BRANCH_COUNT,ESSENTIAL_COMPLEXITY,MULTIPLE_CONDITION_COUNT,MULTIPLE_CONDITION_COUNT,LOC_TOTAL,DECISION_DENSITY,CALL_PAIRS,MULTIPLE_CONDITION_COUNT,BRANCH_COUNT,EDGE_COUNT,DECISION_DENSITY,DESIGN_DENSITY,CYCLOMATIC_DENSITY,HALSTEAD_EFFORT,NORMALIZED_CYLOMATIC_COMPLEXITY,CONDITION_COUNT
28,NODE_COUNT,HALSTEAD_LEVEL,MULTIPLE_CONDITION_COUNT,DECISION_DENSITY,HALSTEAD_LEVEL,PARAMETER_COUNT,EDGE_COUNT,NUMBER_OF_LINES,ESSENTIAL_DENSITY,HALSTEAD_DIFFICULTY,PERCENT_COMMENTS,MODIFIED_CONDITION_COUNT,PERCENT_COMMENTS,HALSTEAD_LEVEL,HALSTEAD_EFFORT,HALSTEAD_PROG_TIME,MODIFIED_CONDITION_COUNT,HALSTEAD_LEVEL,MODIFIED_CONDITION_COUNT,CONDITION_COUNT,HALSTEAD_DIFFICULTY,PERCENT_COMMENTS,DESIGN_DENSITY,CALL_PAIRS,DESIGN_COMPLEXITY,DECISION_COUNT,CYCLOMATIC_COMPLEXITY,HALSTEAD_EFFORT,LOC_CODE_AND_COMMENT
29,NORMALIZED_CYLOMATIC_COMPLEXITY,BRANCH_COUNT,CONDITION_COUNT,MODIFIED_CONDITION_COUNT,ESSENTIAL_COMPLEXITY,BRANCH_COUNT,DESIGN_DENSITY,LOC_TOTAL,ESSENTIAL_COMPLEXITY,HALSTEAD_CONTENT,MAINTENANCE_SEVERITY,NUM_UNIQUE_OPERATORS,NUMBER_OF_LINES,DECISION_COUNT,CALL_PAIRS,HALSTEAD_DIFFICULTY,ESSENTIAL_DENSITY,DECISION_DENSITY,PARAMETER_COUNT,MODIFIED_CONDITION_COUNT,LOC_CODE_AND_COMMENT,PARAMETER_COUNT,DESIGN_COMPLEXITY,HALSTEAD_EFFORT,CYCLOMATIC_DENSITY,CONDITION_COUNT,CYCLOMATIC_DENSITY,CALL_PAIRS,HALSTEAD_LEVEL
30,NUM_OPERANDS,DECISION_COUNT,DECISION_DENSITY,PARAMETER_COUNT,DECISION_COUNT,LOC_BLANK,DECISION_COUNT,LOC_EXECUTABLE,DECISION_COUNT,HALSTEAD_ERROR_EST,NUM_OPERATORS,ESSENTIAL_DENSITY,EDGE_COUNT,MULTIPLE_CONDITION_COUNT,DECISION_DENSITY,DECISION_DENSITY,ESSENTIAL_COMPLEXITY,BRANCH_COUNT,DECISION_COUNT,DECISION_DENSITY,CONDITION_COUNT,NUM_UNIQUE_OPERANDS,DECISION_DENSITY,MODIFIED_CONDITION_COUNT,CYCLOMATIC_COMPLEXITY,HALSTEAD_LEVEL,PARAMETER_COUNT,NUM_OPERANDS,CYCLOMATIC_COMPLEXITY
31,NUM_OPERATORS,MODIFIED_CONDITION_COUNT,MODIFIED_CONDITION_COUNT,CONDITION_COUNT,MODIFIED_CONDITION_COUNT,NUM_OPERANDS,CYCLOMATIC_DENSITY,LOC_COMMENTS,CYCLOMATIC_COMPLEXITY,NORMALIZED_CYLOMATIC_COMPLEXITY,HALSTEAD_LENGTH,LOC_COMMENTS,NORMALIZED_CYLOMATIC_COMPLEXITY,MODIFIED_CONDITION_COUNT,DESIGN_DENSITY,CYCLOMATIC_COMPLEXITY,DESIGN_DENSITY,MODIFIED_CONDITION_COUNT,DESIGN_DENSITY,MULTIPLE_CONDITION_COUNT,DECISION_COUNT,LOC_COMMENTS,DECISION_COUNT,LOC_TOTAL,CONDITION_COUNT,NUM_UNIQUE_OPERANDS,LOC_EXECUTABLE,LOC_EXECUTABLE,PARAMETER_COUNT
32,NUM_UNIQUE_OPERANDS,MULTIPLE_CONDITION_COUNT,BRANCH_COUNT,LOC_CODE_AND_COMMENT,MULTIPLE_CONDITION_COUNT,DESIGN_DENSITY,CYCLOMATIC_COMPLEXITY,NUM_OPERANDS,CONDITION_COUNT,CYCLOMATIC_DENSITY,LOC_TOTAL,ESSENTIAL_COMPLEXITY,MAINTENANCE_SEVERITY,LOC_CODE_AND_COMMENT,MODIFIED_CONDITION_COUNT,BRANCH_COUNT,DECISION_DENSITY,MULTIPLE_CONDITION_COUNT,BRANCH_COUNT,DESIGN_DENSITY,HALSTEAD_LEVEL,HALSTEAD_VOLUME,CYCLOMATIC_DENSITY,HALSTEAD_DIFFICULTY,BRANCH_COUNT,HALSTEAD_CONTENT,ESSENTIAL_DENSITY,DESIGN_COMPLEXITY,LOC_EXECUTABLE
33,NUM_UNIQUE_OPERATORS,LOC_CODE_AND_COMMENT,CYCLOMATIC_COMPLEXITY,MULTIPLE_CONDITION_COUNT,CYCLOMATIC_COMPLEXITY,NORMALIZED_CYLOMATIC_COMPLEXITY,CONDITION_COUNT,NORMALIZED_CYLOMATIC_COMPLEXITY,CALL_PAIRS,HALSTEAD_LENGTH,EDGE_COUNT,PARAMETER_COUNT,HALSTEAD_VOLUME,HALSTEAD_PROG_TIME,HALSTEAD_LEVEL,ESSENTIAL_DENSITY,DECISION_COUNT,LOC_CODE_AND_COMMENT,LOC_CODE_AND_COMMENT,PARAMETER_COUNT,PARAMETER_COUNT,HALSTEAD_LENGTH,CYCLOMATIC_COMPLEXITY,ESSENTIAL_DENSITY,HALSTEAD_CONTENT,CALL_PAIRS,ESSENTIAL_COMPLEXITY,LOC_TOTAL,ESSENTIAL_DENSITY
34,NUMBER_OF_LINES,HALSTEAD_PROG_TIME,LOC_CODE_AND_COMMENT,DESIGN_DENSITY,BRANCH_COUNT,NODE_COUNT,CALL_PAIRS,DESIGN_COMPLEXITY,BRANCH_COUNT,LOC_BLANK,LOC_BLANK,CONDITION_COUNT,HALSTEAD_EFFORT,ESSENTIAL_DENSITY,CYCLOMATIC_COMPLEXITY,ESSENTIAL_COMPLEXITY,CYCLOMATIC_COMPLEXITY,HALSTEAD_PROG_TIME,CYCLOMATIC_COMPLEXITY,LOC_CODE_AND_COMMENT,ESSENTIAL_DENSITY,EDGE_COUNT,CONDITION_COUNT,DESIGN_DENSITY,MAINTENANCE_SEVERITY,DESIGN_DENSITY,EDGE_COUNT,HALSTEAD_LEVEL,ESSENTIAL_COMPLEXITY
35,PERCENT_COMMENTS,ESSENTIAL_DENSITY,ESSENTIAL_COMPLEXITY,ESSENTIAL_COMPLEXITY,PARAMETER_COUNT,HALSTEAD_CONTENT,BRANCH_COUNT,CYCLOMATIC_DENSITY,NUM_UNIQUE_OPERANDS,PARAMETER_COUNT,HALSTEAD_ERROR_EST,BRANCH_COUNT,HALSTEAD_ERROR_EST,ESSENTIAL_COMPLEXITY,BRANCH_COUNT,DESIGN_DENSITY,CONDITION_COUNT,ESSENTIAL_DENSITY,ESSENTIAL_COMPLEXITY,ESSENTIAL_COMPLEXITY,CYCLOMATIC_COMPLEXITY,DECISION_DENSITY,CALL_PAIRS,DECISION_COUNT,LOC_COMMENTS,MAINTENANCE_SEVERITY,DECISION_COUNT,LOC_COMMENTS,MODIFIED_CONDITION_COUNT
36,LOC_TOTAL,ESSENTIAL_COMPLEXITY,ESSENTIAL_DENSITY,ESSENTIAL_DENSITY,ESSENTIAL_DENSITY,CALL_PAIRS,HALSTEAD_CONTENT,NUM_OPERATORS,DESIGN_DENSITY,PERCENT_COMMENTS,HALSTEAD_VOLUME,CYCLOMATIC_COMPLEXITY,NUM_OPERANDS,DECISION_DENSITY,ESSENTIAL_DENSITY,DESIGN_COMPLEXITY,BRANCH_COUNT,ESSENTIAL_COMPLEXITY,ESSENTIAL_DENSITY,ESSENTIAL_DENSITY,BRANCH_COUNT,CYCLOMATIC_DENSITY,BRANCH_COUNT,HALSTEAD_ERROR_EST,ESSENTIAL_COMPLEXITY,CYCLOMATIC_COMPLEXITY,LOC_TOTAL,NUMBER_OF_LINES,HALSTEAD_DIFFICULTY
