,Final Score
total_day_minutes,432.7774285714286
total_day_charge,451.3488571428572
number_customer_service_calls,452.06314285714285
total_intl_calls,464.206
international_plan,465.92028571428574
number_vmail_messages,468.4917142857143
total_eve_minutes,468.92028571428574
total_eve_charge,472.3488571428572
total_intl_minutes,474.206
voice_mail_plan,475.206
total_intl_charge,477.206
total_night_minutes,478.63457142857146
total_night_calls,478.92028571428574
total_night_charge,479.7774285714286
total_day_calls,480.4917142857143
state,480.92028571428574
account_length,480.92028571428574
total_eve_calls,481.06314285714285
phone_number,481.7774285714286
area_code,483.206
