,Final Score
number_vmail_messages,258.912787811523
number_customer_service_calls,390.37552244545225
total_day_charge,417.21913299914615
total_day_minutes,427.4824020496566
total_intl_calls,450.6099184744005
total_eve_minutes,466.2509096313563
international_plan,466.3266706501442
total_eve_charge,475.1563563921503
total_intl_charge,477.3555140894865
total_intl_minutes,477.4715207348644
area_code,477.8206725683842
total_night_charge,485.88812883311306
total_night_minutes,486.5771614242858
state,490.26446962742335
voice_mail_plan,490.6336636770685
total_night_calls,491.52392053387075
total_day_calls,492.7449421076091
total_eve_calls,493.12051164993215
account_length,494.80705519045443
phone_number,494.9066726736989
