,Final Score
total_day_minutes,413.06105740212143
number_customer_service_calls,444.20391454497855
international_plan,450.5356031359925
total_eve_minutes,455.20391454497855
total_intl_calls,460.64992839840056
total_intl_minutes,467.3467716878357
total_night_minutes,468.20391454497855
voice_mail_plan,468.7549540967777
total_eve_charge,473.4896288306929
total_night_calls,473.91820025926427
state,474.26514860659245
account_length,475.20391454497855
phone_number,475.4896288306929
total_eve_calls,477.1222914637353
total_day_calls,477.61209695392057
area_code,477.7549540967777
number_vmail_messages,478.7754101191327
total_night_charge,478.7754101191327
total_intl_charge,478.7754101191327
total_day_charge,478.7754101191327
