,Final Score
number_customer_service_calls,419.29811721122763
total_intl_calls,442.29275328311985
total_day_charge,442.6658944607634
total_day_minutes,445.15693665950323
international_plan,470.6143509159489
voice_mail_plan,476.32095774927103
total_eve_minutes,479.333084141121
total_eve_charge,481.9194814236893
total_intl_minutes,486.2142226637832
total_night_minutes,488.14355000763345
total_night_charge,491.9753015245964
number_vmail_messages,492.31569332499663
total_intl_charge,492.5870377054643
total_day_calls,495.5575333879003
total_eve_calls,495.6584321888963
phone_number,496.416847842321
area_code,496.42949521796805
account_length,496.58276686676254
state,497.04258181314606
total_night_calls,497.34912511073503
