,att_original_names,shap_m1,shap_m2,shap_m3,shap_m4,eli5_m1,eli5_m2,eli5_m3,eli5_m4,dalex_m1,dalex_m2,dalex_m3,dalex_m4,ci_m1,ci_m2,ci_m3,ci_m4,skater_m1,skater_m2,skater_m3,skater_m4,lofo_m1,lofo_m2,lofo_m3,lofo_m4,exirt_m1,exirt_m2,exirt_m3,exirt_m4
0,preg,plas,plas,plas,plas,… 1 more …,… 1 more …,… 1 more …,… 1 more …,plas,plas,plas,plas,plas,plas,plas,preg,plas,plas,plas,plas,plas,plas,plas,plas,mass,plas,plas,plas
1,plas,mass,mass,age,mass,plas,plas,plas,plas,mass,age,age,mass,mass,mass,mass,mass,age,mass,age,mass,mass,mass,mass,skin,plas,mass,mass,mass
2,pres,age,age,mass,age,mass,mass,mass,mass,age,mass,mass,age,pres,preg,insu,plas,mass,age,mass,pedi,preg,skin,pedi,mass,skin,pres,age,pres
3,skin,pedi,pedi,pedi,pedi,age,age,age,age,pedi,pedi,preg,pedi,pedi,age,skin,pedi,pedi,pedi,pedi,age,pedi,pedi,insu,age,insu,pedi,pedi,pedi
4,insu,pres,preg,preg,preg,insu,pres,pedi,pedi,preg,preg,pedi,preg,preg,pedi,preg,age,pres,preg,preg,preg,pres,insu,pres,preg,age,age,preg,age
5,mass,preg,pres,skin,pres,pres,preg,pres,preg,insu,insu,insu,insu,age,pres,age,insu,skin,skin,skin,pres,insu,age,age,pres,pres,preg,skin,preg
6,pedi,skin,skin,pres,skin,pedi,pedi,preg,insu,pres,pres,pres,skin,skin,skin,pedi,pres,preg,pres,pres,skin,skin,preg,skin,pedi,pedi,skin,pres,skin
7,age,insu,insu,insu,insu,preg,insu,insu,pres,skin,skin,skin,pres,insu,insu,pres,skin,insu,insu,insu,insu,age,pres,preg,insu,preg,insu,insu,insu
