,att_original_names,shap_m1,shap_m2,shap_m3,shap_m4,eli5_m1,eli5_m2,eli5_m3,eli5_m4,dalex_m1,dalex_m2,dalex_m3,dalex_m4,ci_m1,ci_m2,ci_m3,ci_m4,skater_m1,skater_m2,skater_m3,skater_m4,lofo_m1,lofo_m2,lofo_m3,lofo_m4,exirt_m1,exirt_m2,exirt_m3,exirt_m4
0,WMC,LOC,LOC,LOC,LOC,… 1 more …,… 1 more …,… 1 more …,… 1 more …,LOC,LOC,LOC,LOC,LOC,LOC,LOC,LOC,LOC,LOC,LOC,LOC,RFC,LOC,WMC,DIT,LOC,LOC,LOC,LOC
1,DIT,RFC,RFC,RFC,RFC,LOC,LOC,LOC,LOC,RFC,RFC,RFC,NPM,RFC,RFC,RFC,RFC,RFC,RFC,RFC,RFC,LOC,DIT,LOC,LOC,NPM,NPM,NPM,RFC
2,NOC,NPM,NPM,NPM,NPM,NPM,CBO,RFC,NPM,NPM,CBO,CBO,RFC,NOC,NOC,NOC,NPM,NPM,NPM,NPM,NPM,CBO,NOC,NOC,NOC,WMC,RFC,CBO,NPM
3,CBO,CBO,DIT,CBO,CBO,RFC,LCOM,NOC,RFC,CBO,NPM,NPM,CBO,LCOM,NPM,NPM,NOC,LCOM,LCOM,CBO,CBO,NPM,LCOM,LCOM,CBO,RFC,CBO,RFC,CBO
4,RFC,LCOM,CBO,DIT,WMC,CBO,NPM,WMC,CBO,LCOM,LCOM,NOC,WMC,NPM,DIT,CBO,CBO,CBO,DIT,DIT,WMC,NOC,CBO,DIT,RFC,LCOM,NOC,WMC,WMC
5,LCOM,WMC,LCOM,WMC,DIT,LCOM,RFC,DIT,LCOM,NOC,DIT,LCOM,NOC,DIT,CBO,LCOM,DIT,WMC,CBO,LCOM,LCOM,LCOM,WMC,CBO,WMC,DIT,LCOM,DIT,LCOM
6,NPM,DIT,WMC,LCOM,LCOM,WMC,NOC,NPM,WMC,WMC,NOC,WMC,LCOM,CBO,LCOM,DIT,WMC,DIT,WMC,WMC,DIT,DIT,RFC,RFC,LCOM,CBO,DIT,LCOM,NOC
7,LOC,NOC,NOC,NOC,NOC,DIT,WMC,CBO,NOC,DIT,WMC,DIT,DIT,WMC,WMC,WMC,LCOM,NOC,NOC,NOC,NOC,WMC,NPM,NPM,NPM,NOC,WMC,NOC,DIT
