<oml:data_features xmlns:oml="http://openml.org/openml">
    <oml:feature>
    <oml:index>0</oml:index>
    <oml:name>class</oml:name>
    <oml:data_type>nominal</oml:data_type>
          <oml:nominal_value>0</oml:nominal_value>
          <oml:nominal_value>1</oml:nominal_value>
        <oml:is_target>true</oml:is_target>
    <oml:is_ignore>false</oml:is_ignore>
    <oml:is_row_identifier>false</oml:is_row_identifier>
    <oml:number_of_missing_values>0</oml:number_of_missing_values>
  </oml:feature>
    <oml:feature>
    <oml:index>1</oml:index>
    <oml:name>attr1</oml:name>
    <oml:data_type>nominal</oml:data_type>
          <oml:nominal_value>1</oml:nominal_value>
          <oml:nominal_value>2</oml:nominal_value>
          <oml:nominal_value>3</oml:nominal_value>
        <oml:is_target>false</oml:is_target>
    <oml:is_ignore>false</oml:is_ignore>
    <oml:is_row_identifier>false</oml:is_row_identifier>
    <oml:number_of_missing_values>0</oml:number_of_missing_values>
  </oml:feature>
    <oml:feature>
    <oml:index>2</oml:index>
    <oml:name>attr2</oml:name>
    <oml:data_type>nominal</oml:data_type>
          <oml:nominal_value>1</oml:nominal_value>
          <oml:nominal_value>2</oml:nominal_value>
          <oml:nominal_value>3</oml:nominal_value>
        <oml:is_target>false</oml:is_target>
    <oml:is_ignore>false</oml:is_ignore>
    <oml:is_row_identifier>false</oml:is_row_identifier>
    <oml:number_of_missing_values>0</oml:number_of_missing_values>
  </oml:feature>
    <oml:feature>
    <oml:index>3</oml:index>
    <oml:name>attr3</oml:name>
    <oml:data_type>nominal</oml:data_type>
          <oml:nominal_value>1</oml:nominal_value>
          <oml:nominal_value>2</oml:nominal_value>
        <oml:is_target>false</oml:is_target>
    <oml:is_ignore>false</oml:is_ignore>
    <oml:is_row_identifier>false</oml:is_row_identifier>
    <oml:number_of_missing_values>0</oml:number_of_missing_values>
  </oml:feature>
    <oml:feature>
    <oml:index>4</oml:index>
    <oml:name>attr4</oml:name>
    <oml:data_type>nominal</oml:data_type>
          <oml:nominal_value>1</oml:nominal_value>
          <oml:nominal_value>2</oml:nominal_value>
          <oml:nominal_value>3</oml:nominal_value>
        <oml:is_target>false</oml:is_target>
    <oml:is_ignore>false</oml:is_ignore>
    <oml:is_row_identifier>false</oml:is_row_identifier>
    <oml:number_of_missing_values>0</oml:number_of_missing_values>
  </oml:feature>
    <oml:feature>
    <oml:index>5</oml:index>
    <oml:name>attr5</oml:name>
    <oml:data_type>nominal</oml:data_type>
          <oml:nominal_value>1</oml:nominal_value>
          <oml:nominal_value>2</oml:nominal_value>
          <oml:nominal_value>3</oml:nominal_value>
          <oml:nominal_value>4</oml:nominal_value>
        <oml:is_target>false</oml:is_target>
    <oml:is_ignore>false</oml:is_ignore>
    <oml:is_row_identifier>false</oml:is_row_identifier>
    <oml:number_of_missing_values>0</oml:number_of_missing_values>
  </oml:feature>
    <oml:feature>
    <oml:index>6</oml:index>
    <oml:name>attr6</oml:name>
    <oml:data_type>nominal</oml:data_type>
          <oml:nominal_value>1</oml:nominal_value>
          <oml:nominal_value>2</oml:nominal_value>
        <oml:is_target>false</oml:is_target>
    <oml:is_ignore>false</oml:is_ignore>
    <oml:is_row_identifier>false</oml:is_row_identifier>
    <oml:number_of_missing_values>0</oml:number_of_missing_values>
  </oml:feature>
  </oml:data_features>
