,att_original_names,shap_m1,shap_m2,shap_m3,shap_m4,eli5_m1,eli5_m2,eli5_m3,eli5_m4,dalex_m1,dalex_m2,dalex_m3,dalex_m4,ci_m1,ci_m2,ci_m3,ci_m4,skater_m1,skater_m2,skater_m3,skater_m4,lofo_m1,lofo_m2,lofo_m3,lofo_m4,exirt_m1,exirt_m2,exirt_m3,exirt_m4
0,RollRate,RollRate,RollRate,RollRate,RollRate,… 1 more …,… 1 more …,… 1 more …,… 1 more …,RollRate,RollRate,RollRate,RollRate,RollRate,RollRate,RollRate,RollRate,RollRate,RollRate,RollRate,RollRate,RollRate,RollRate,RollRate,RollRate,RollRate,RollRate,RollRate,RollRate
1,PitchRate,currRoll,currRoll,diffRollRate,currRoll,RollRate,RollRate,RollRate,RollRate,currRoll,currRoll,currRoll,currRoll,currRoll,currRoll,currPitch,currRoll,currRoll,currRoll,diffRollRate,currRoll,currRoll,currRoll,currRoll,currRoll,diffRollRate,diffRollRate,diffRollRate,diffRollRate
2,currPitch,diffRollRate,diffRollRate,currRoll,diffRollRate,currRoll,currRoll,currRoll,currRoll,diffRollRate,diffRollRate,diffRollRate,diffRollRate,diffRollRate,currPitch,diffRollRate,currPitch,diffRollRate,diffRollRate,currRoll,diffRollRate,diffRollRate,diffRollRate,PitchRate,diffRollRate,currPitch,currRoll,currPitch,currRoll
3,currRoll,currPitch,currPitch,currPitch,currPitch,diffRollRate,diffRollRate,diffRollRate,diffRollRate,currPitch,currPitch,currPitch,currPitch,currPitch,diffRollRate,currRoll,diffRollRate,currPitch,currPitch,currPitch,currPitch,currPitch,PitchRate,diffRollRate,PitchRate,currRoll,currPitch,currRoll,currPitch
4,diffRollRate,PitchRate,PitchRate,PitchRate,PitchRate,PitchRate,currPitch,PitchRate,currPitch,PitchRate,PitchRate,PitchRate,PitchRate,PitchRate,PitchRate,PitchRate,PitchRate,PitchRate,PitchRate,PitchRate,PitchRate,PitchRate,currPitch,currPitch,currPitch,PitchRate,PitchRate,PitchRate,PitchRate
