<oml:data_features xmlns:oml="http://openml.org/openml">
    <oml:feature>
    <oml:index>0</oml:index>
    <oml:name>checking_status</oml:name>
    <oml:data_type>nominal</oml:data_type>
          <oml:nominal_value>0&lt;=X&lt;200</oml:nominal_value>
          <oml:nominal_value>&lt;0</oml:nominal_value>
          <oml:nominal_value>&gt;=200</oml:nominal_value>
          <oml:nominal_value>no checking</oml:nominal_value>
        <oml:is_target>false</oml:is_target>
    <oml:is_ignore>false</oml:is_ignore>
    <oml:is_row_identifier>false</oml:is_row_identifier>
    <oml:number_of_missing_values>0</oml:number_of_missing_values>
  </oml:feature>
    <oml:feature>
    <oml:index>1</oml:index>
    <oml:name>duration</oml:name>
    <oml:data_type>numeric</oml:data_type>
        <oml:is_target>false</oml:is_target>
    <oml:is_ignore>false</oml:is_ignore>
    <oml:is_row_identifier>false</oml:is_row_identifier>
    <oml:number_of_missing_values>0</oml:number_of_missing_values>
  </oml:feature>
    <oml:feature>
    <oml:index>2</oml:index>
    <oml:name>credit_history</oml:name>
    <oml:data_type>nominal</oml:data_type>
          <oml:nominal_value>all paid</oml:nominal_value>
          <oml:nominal_value>critical/other existing credit</oml:nominal_value>
          <oml:nominal_value>delayed previously</oml:nominal_value>
          <oml:nominal_value>existing paid</oml:nominal_value>
          <oml:nominal_value>no credits/all paid</oml:nominal_value>
        <oml:is_target>false</oml:is_target>
    <oml:is_ignore>false</oml:is_ignore>
    <oml:is_row_identifier>false</oml:is_row_identifier>
    <oml:number_of_missing_values>0</oml:number_of_missing_values>
  </oml:feature>
    <oml:feature>
    <oml:index>3</oml:index>
    <oml:name>purpose</oml:name>
    <oml:data_type>nominal</oml:data_type>
          <oml:nominal_value>business</oml:nominal_value>
          <oml:nominal_value>domestic appliance</oml:nominal_value>
          <oml:nominal_value>education</oml:nominal_value>
          <oml:nominal_value>furniture/equipment</oml:nominal_value>
          <oml:nominal_value>new car</oml:nominal_value>
          <oml:nominal_value>other</oml:nominal_value>
          <oml:nominal_value>radio/tv</oml:nominal_value>
          <oml:nominal_value>repairs</oml:nominal_value>
          <oml:nominal_value>retraining</oml:nominal_value>
          <oml:nominal_value>used car</oml:nominal_value>
          <oml:nominal_value>vacation</oml:nominal_value>
        <oml:is_target>false</oml:is_target>
    <oml:is_ignore>false</oml:is_ignore>
    <oml:is_row_identifier>false</oml:is_row_identifier>
    <oml:number_of_missing_values>0</oml:number_of_missing_values>
  </oml:feature>
    <oml:feature>
    <oml:index>4</oml:index>
    <oml:name>credit_amount</oml:name>
    <oml:data_type>numeric</oml:data_type>
        <oml:is_target>false</oml:is_target>
    <oml:is_ignore>false</oml:is_ignore>
    <oml:is_row_identifier>false</oml:is_row_identifier>
    <oml:number_of_missing_values>0</oml:number_of_missing_values>
  </oml:feature>
    <oml:feature>
    <oml:index>5</oml:index>
    <oml:name>savings_status</oml:name>
    <oml:data_type>nominal</oml:data_type>
          <oml:nominal_value>100&lt;=X&lt;500</oml:nominal_value>
          <oml:nominal_value>500&lt;=X&lt;1000</oml:nominal_value>
          <oml:nominal_value>&lt;100</oml:nominal_value>
          <oml:nominal_value>&gt;=1000</oml:nominal_value>
          <oml:nominal_value>no known savings</oml:nominal_value>
        <oml:is_target>false</oml:is_target>
    <oml:is_ignore>false</oml:is_ignore>
    <oml:is_row_identifier>false</oml:is_row_identifier>
    <oml:number_of_missing_values>0</oml:number_of_missing_values>
  </oml:feature>
    <oml:feature>
    <oml:index>6</oml:index>
    <oml:name>employment</oml:name>
    <oml:data_type>nominal</oml:data_type>
          <oml:nominal_value>1&lt;=X&lt;4</oml:nominal_value>
          <oml:nominal_value>4&lt;=X&lt;7</oml:nominal_value>
          <oml:nominal_value>&lt;1</oml:nominal_value>
          <oml:nominal_value>&gt;=7</oml:nominal_value>
          <oml:nominal_value>unemployed</oml:nominal_value>
        <oml:is_target>false</oml:is_target>
    <oml:is_ignore>false</oml:is_ignore>
    <oml:is_row_identifier>false</oml:is_row_identifier>
    <oml:number_of_missing_values>0</oml:number_of_missing_values>
  </oml:feature>
    <oml:feature>
    <oml:index>7</oml:index>
    <oml:name>installment_commitment</oml:name>
    <oml:data_type>numeric</oml:data_type>
        <oml:is_target>false</oml:is_target>
    <oml:is_ignore>false</oml:is_ignore>
    <oml:is_row_identifier>false</oml:is_row_identifier>
    <oml:number_of_missing_values>0</oml:number_of_missing_values>
  </oml:feature>
    <oml:feature>
    <oml:index>8</oml:index>
    <oml:name>personal_status</oml:name>
    <oml:data_type>nominal</oml:data_type>
          <oml:nominal_value>female div/dep/mar</oml:nominal_value>
          <oml:nominal_value>female single</oml:nominal_value>
          <oml:nominal_value>male div/sep</oml:nominal_value>
          <oml:nominal_value>male mar/wid</oml:nominal_value>
          <oml:nominal_value>male single</oml:nominal_value>
        <oml:is_target>false</oml:is_target>
    <oml:is_ignore>false</oml:is_ignore>
    <oml:is_row_identifier>false</oml:is_row_identifier>
    <oml:number_of_missing_values>0</oml:number_of_missing_values>
  </oml:feature>
    <oml:feature>
    <oml:index>9</oml:index>
    <oml:name>other_parties</oml:name>
    <oml:data_type>nominal</oml:data_type>
          <oml:nominal_value>co applicant</oml:nominal_value>
          <oml:nominal_value>guarantor</oml:nominal_value>
          <oml:nominal_value>none</oml:nominal_value>
        <oml:is_target>false</oml:is_target>
    <oml:is_ignore>false</oml:is_ignore>
    <oml:is_row_identifier>false</oml:is_row_identifier>
    <oml:number_of_missing_values>0</oml:number_of_missing_values>
  </oml:feature>
    <oml:feature>
    <oml:index>10</oml:index>
    <oml:name>residence_since</oml:name>
    <oml:data_type>numeric</oml:data_type>
        <oml:is_target>false</oml:is_target>
    <oml:is_ignore>false</oml:is_ignore>
    <oml:is_row_identifier>false</oml:is_row_identifier>
    <oml:number_of_missing_values>0</oml:number_of_missing_values>
  </oml:feature>
    <oml:feature>
    <oml:index>11</oml:index>
    <oml:name>property_magnitude</oml:name>
    <oml:data_type>nominal</oml:data_type>
          <oml:nominal_value>car</oml:nominal_value>
          <oml:nominal_value>life insurance</oml:nominal_value>
          <oml:nominal_value>no known property</oml:nominal_value>
          <oml:nominal_value>real estate</oml:nominal_value>
        <oml:is_target>false</oml:is_target>
    <oml:is_ignore>false</oml:is_ignore>
    <oml:is_row_identifier>false</oml:is_row_identifier>
    <oml:number_of_missing_values>0</oml:number_of_missing_values>
  </oml:feature>
    <oml:feature>
    <oml:index>12</oml:index>
    <oml:name>age</oml:name>
    <oml:data_type>numeric</oml:data_type>
        <oml:is_target>false</oml:is_target>
    <oml:is_ignore>false</oml:is_ignore>
    <oml:is_row_identifier>false</oml:is_row_identifier>
    <oml:number_of_missing_values>0</oml:number_of_missing_values>
  </oml:feature>
    <oml:feature>
    <oml:index>13</oml:index>
    <oml:name>other_payment_plans</oml:name>
    <oml:data_type>nominal</oml:data_type>
          <oml:nominal_value>bank</oml:nominal_value>
          <oml:nominal_value>none</oml:nominal_value>
          <oml:nominal_value>stores</oml:nominal_value>
        <oml:is_target>false</oml:is_target>
    <oml:is_ignore>false</oml:is_ignore>
    <oml:is_row_identifier>false</oml:is_row_identifier>
    <oml:number_of_missing_values>0</oml:number_of_missing_values>
  </oml:feature>
    <oml:feature>
    <oml:index>14</oml:index>
    <oml:name>housing</oml:name>
    <oml:data_type>nominal</oml:data_type>
          <oml:nominal_value>for free</oml:nominal_value>
          <oml:nominal_value>own</oml:nominal_value>
          <oml:nominal_value>rent</oml:nominal_value>
        <oml:is_target>false</oml:is_target>
    <oml:is_ignore>false</oml:is_ignore>
    <oml:is_row_identifier>false</oml:is_row_identifier>
    <oml:number_of_missing_values>0</oml:number_of_missing_values>
  </oml:feature>
    <oml:feature>
    <oml:index>15</oml:index>
    <oml:name>existing_credits</oml:name>
    <oml:data_type>numeric</oml:data_type>
        <oml:is_target>false</oml:is_target>
    <oml:is_ignore>false</oml:is_ignore>
    <oml:is_row_identifier>false</oml:is_row_identifier>
    <oml:number_of_missing_values>0</oml:number_of_missing_values>
  </oml:feature>
    <oml:feature>
    <oml:index>16</oml:index>
    <oml:name>job</oml:name>
    <oml:data_type>nominal</oml:data_type>
          <oml:nominal_value>high qualif/self emp/mgmt</oml:nominal_value>
          <oml:nominal_value>skilled</oml:nominal_value>
          <oml:nominal_value>unemp/unskilled non res</oml:nominal_value>
          <oml:nominal_value>unskilled resident</oml:nominal_value>
        <oml:is_target>false</oml:is_target>
    <oml:is_ignore>false</oml:is_ignore>
    <oml:is_row_identifier>false</oml:is_row_identifier>
    <oml:number_of_missing_values>0</oml:number_of_missing_values>
  </oml:feature>
    <oml:feature>
    <oml:index>17</oml:index>
    <oml:name>num_dependents</oml:name>
    <oml:data_type>numeric</oml:data_type>
        <oml:is_target>false</oml:is_target>
    <oml:is_ignore>false</oml:is_ignore>
    <oml:is_row_identifier>false</oml:is_row_identifier>
    <oml:number_of_missing_values>0</oml:number_of_missing_values>
  </oml:feature>
    <oml:feature>
    <oml:index>18</oml:index>
    <oml:name>own_telephone</oml:name>
    <oml:data_type>nominal</oml:data_type>
          <oml:nominal_value>none</oml:nominal_value>
          <oml:nominal_value>yes</oml:nominal_value>
        <oml:is_target>false</oml:is_target>
    <oml:is_ignore>false</oml:is_ignore>
    <oml:is_row_identifier>false</oml:is_row_identifier>
    <oml:number_of_missing_values>0</oml:number_of_missing_values>
  </oml:feature>
    <oml:feature>
    <oml:index>19</oml:index>
    <oml:name>foreign_worker</oml:name>
    <oml:data_type>nominal</oml:data_type>
          <oml:nominal_value>no</oml:nominal_value>
          <oml:nominal_value>yes</oml:nominal_value>
        <oml:is_target>false</oml:is_target>
    <oml:is_ignore>false</oml:is_ignore>
    <oml:is_row_identifier>false</oml:is_row_identifier>
    <oml:number_of_missing_values>0</oml:number_of_missing_values>
  </oml:feature>
    <oml:feature>
    <oml:index>20</oml:index>
    <oml:name>class</oml:name>
    <oml:data_type>nominal</oml:data_type>
          <oml:nominal_value>bad</oml:nominal_value>
          <oml:nominal_value>good</oml:nominal_value>
        <oml:is_target>true</oml:is_target>
    <oml:is_ignore>false</oml:is_ignore>
    <oml:is_row_identifier>false</oml:is_row_identifier>
    <oml:number_of_missing_values>0</oml:number_of_missing_values>
  </oml:feature>
  </oml:data_features>
