,Final Score
URL_of_Anchor,288.22118354718015
SSLfinal_State,392.85330200900825
web_traffic,466.82072113381923
having_Sub_Domain,472.39709150421305
Links_in_tags,480.78864635828904
having_IP_Address,485.8292335298794
Prefix_Suffix,486.04038424153043
DNSRecord,486.3901138672346
age_of_domain,486.6943493533736
Links_pointing_to_page,489.15000341521176
Request_URL,489.54936070030556
SFH,490.74717567640147
Domain_registeration_length,491.4557242017254
Statistical_report,492.33436949425555
URL_Length,492.68988650733223
Page_Rank,494.8190755707766
HTTPS_token,495.8064223940316
Submitting_to_email,496.5950014982131
double_slash_redirecting,496.6086170087275
Google_Index,496.63292265803517
Abnormal_URL,497.0650688650437
Redirect,498.1409063732875
popUpWidnow,498.6463659086733
port,499.21820655042654
on_mouseover,499.3952898944021
RightClick,499.3952898944021
Iframe,499.3952898944021
Shortining_Service,499.3952898944021
Favicon,499.3952898944021
having_At_Symbol,499.3952898944021
