,Final Score
HTTPS_token,261.48713917142896
SSLfinal_State,319.37535228445205
URL_of_Anchor,344.33420735817157
Prefix_Suffix,434.93930477277974
web_traffic,462.1897972518248
Links_in_tags,468.677308890129
DNSRecord,477.39252660575454
having_Sub_Domain,478.54572524817695
Links_pointing_to_page,479.2561411821799
double_slash_redirecting,480.9634137962175
having_IP_Address,481.30134524923284
Submitting_to_email,483.4221784873155
URL_Length,485.4054264222053
age_of_domain,488.2088797512476
SFH,489.15914493375703
Request_URL,490.2200324359247
Abnormal_URL,490.5294535179236
Domain_registeration_length,492.43127148250477
Redirect,493.2216775729516
Statistical_report,493.7967253026156
Page_Rank,493.92299135300067
popUpWidnow,494.32718630319454
Google_Index,494.44419802010805
Shortining_Service,495.25569903712
on_mouseover,495.5660553816485
port,495.6274985173834
Favicon,495.9605284319531
having_At_Symbol,496.0952879166051
Iframe,496.1900771643491
RightClick,496.2164737365534
