,Final Score
URL_of_Anchor,314.7939518416115
SSLfinal_State,349.95118895306086
web_traffic,471.92521350963125
Prefix_Suffix,473.07734370499344
having_Sub_Domain,474.2754108621532
Links_in_tags,475.78665146270225
having_IP_Address,481.32541822045005
double_slash_redirecting,483.7443017416247
DNSRecord,484.63610275225153
Google_Index,486.3400939553002
Links_pointing_to_page,489.95657602237173
Request_URL,490.6196770287237
SFH,491.3099371441642
Page_Rank,492.07506405199047
Redirect,492.87848088792276
HTTPS_token,493.5909169581195
age_of_domain,493.8521079553999
Submitting_to_email,494.2277010227964
popUpWidnow,494.2727234645054
port,494.7293526699936
on_mouseover,494.8432346934034
Shortining_Service,495.16118454608414
having_At_Symbol,495.4036277696403
Statistical_report,495.45853436695904
URL_Length,495.5601782968976
Abnormal_URL,495.84337502339645
Domain_registeration_length,496.12198248040437
RightClick,496.80753947124674
Favicon,497.2434574911259
Iframe,498.05619896389913
