,Final Score
URL_of_Anchor,347.44160196751665
SSLfinal_State,379.34788576383096
web_traffic,452.1558876818023
having_Sub_Domain,455.2987448246594
having_IP_Address,457.1113124172882
Links_pointing_to_page,457.63360004954524
DNSRecord,457.6827409887168
Links_in_tags,458.1558876818023
HTTPS_token,458.7764571924024
SFH,460.3970267030025
double_slash_redirecting,462.34788576383096
Request_URL,463.1113124172882
Google_Index,463.6827409887168
age_of_domain,463.8255981315739
URL_Length,463.9907350592654
Iframe,464.1113124172882
Redirect,464.25416956014533
Shortining_Service,465.7364476025457
popUpWidnow,466.0713028274315
RightClick,466.0713028274315
Statistical_report,466.0713028274315
Abnormal_URL,466.0713028274315
Submitting_to_email,466.0713028274315
having_At_Symbol,466.0713028274315
port,466.0713028274315
Favicon,466.0713028274315
on_mouseover,466.0713028274315
Prefix_Suffix,471.13040004258085
Page_Rank,473.57786150644506
Domain_registeration_length,484.31792104846335
