,Final Score
LOC_COMMENTS,351.2622912204453
ESSENTIAL_DENSITY,410.27725857234225
LOC_BLANK,460.78146215084956
HALSTEAD_CONTENT,463.8003891321579
HALSTEAD_EFFORT,464.4249801405466
NUM_UNIQUE_OPERANDS,464.4435542871404
NUM_UNIQUE_OPERATORS,465.2952676213108
PERCENT_COMMENTS,465.3049866959681
LOC_EXECUTABLE,465.7536351394912
NODE_COUNT,466.0342210208663
LOC_TOTAL,466.0342210208663
DECISION_DENSITY,466.07291611968117
HALSTEAD_LENGTH,466.15401885633116
EDGE_COUNT,466.4938749034849
MAINTENANCE_SEVERITY,466.7065310966054
CALL_PAIRS,466.8290696689942
DESIGN_DENSITY,466.8883628688753
HALSTEAD_VOLUME,467.07203332975746
PARAMETER_COUNT,467.0863355668425
CONDITION_COUNT,467.09625994250086
CYCLOMATIC_DENSITY,467.16511481240417
NUMBER_OF_LINES,467.18962593392456
BRANCH_COUNT,467.23162486948894
DESIGN_COMPLEXITY,467.23665105934
NUM_OPERANDS,467.37239511546295
HALSTEAD_PROG_TIME,467.49573959556494
NORMALIZED_CYLOMATIC_COMPLEXITY,467.50374351058997
HALSTEAD_DIFFICULTY,467.50798125557424
HALSTEAD_LEVEL,467.5829131771528
LOC_CODE_AND_COMMENT,467.7504993269985
CYCLOMATIC_COMPLEXITY,467.7936955482967
DECISION_COUNT,467.7936955482967
MULTIPLE_CONDITION_COUNT,467.8736916621303
MODIFIED_CONDITION_COUNT,468.1098456386486
HALSTEAD_ERROR_EST,468.1098456386486
NUM_OPERATORS,468.1098456386486
ESSENTIAL_COMPLEXITY,468.1098456386486
