,Final Score
HALSTEAD_LENGTH,441.2832859486255
DECISION_DENSITY,443.3811215168088
CYCLOMATIC_DENSITY,443.8360907991731
LOC_BLANK,444.61275187282564
HALSTEAD_CONTENT,444.75667134259504
CALL_PAIRS,449.28903845666923
NUM_UNIQUE_OPERATORS,452.5037560598875
PERCENT_COMMENTS,453.41883440832675
LOC_CODE_AND_COMMENT,454.93999291214584
EDGE_COUNT,455.9897986787371
LOC_EXECUTABLE,456.6270494428891
LOC_TOTAL,457.3634676083596
DESIGN_COMPLEXITY,457.55151605552254
LOC_COMMENTS,457.59553593645865
PARAMETER_COUNT,458.72072446517683
NUM_OPERANDS,459.2227896134872
NUM_OPERATORS,459.6552069560788
HALSTEAD_DIFFICULTY,459.9269178610515
HALSTEAD_EFFORT,460.7953567029718
NORMALIZED_CYLOMATIC_COMPLEXITY,461.2119199280151
HALSTEAD_VOLUME,461.4817792532273
HALSTEAD_PROG_TIME,461.7271528973484
NUMBER_OF_LINES,462.01824651209455
NUM_UNIQUE_OPERANDS,463.5363541515259
ESSENTIAL_COMPLEXITY,463.97307718175335
NODE_COUNT,464.1743527175663
MULTIPLE_CONDITION_COUNT,464.6948277353497
BRANCH_COUNT,464.9123602675437
MODIFIED_CONDITION_COUNT,464.9743414240446
MAINTENANCE_SEVERITY,465.1463643524457
CYCLOMATIC_COMPLEXITY,465.3440580983422
HALSTEAD_LEVEL,465.3440580983422
DECISION_COUNT,465.3440580983422
HALSTEAD_ERROR_EST,465.3440580983422
CONDITION_COUNT,465.3440580983422
ESSENTIAL_DENSITY,465.62658916482616
DESIGN_DENSITY,467.6467757203622
