,Final Score
LOC_BLANK,430.6878276111771
HALSTEAD_CONTENT,434.7130699378904
NUM_UNIQUE_OPERANDS,434.9939963249195
PARAMETER_COUNT,447.6443438077832
NUM_UNIQUE_OPERATORS,448.4215358939473
CYCLOMATIC_DENSITY,449.9048886548965
NORMALIZED_CYLOMATIC_COMPLEXITY,450.11237310387247
NUM_OPERANDS,452.05116807659863
CALL_PAIRS,453.58048953663564
DESIGN_COMPLEXITY,454.37105580651877
HALSTEAD_LENGTH,454.9318581646329
HALSTEAD_EFFORT,455.51292145123176
MAINTENANCE_SEVERITY,455.7545774057865
LOC_EXECUTABLE,455.9021067303215
LOC_TOTAL,456.93490083336206
MODIFIED_CONDITION_COUNT,457.20281470605136
LOC_CODE_AND_COMMENT,457.33628405796446
HALSTEAD_DIFFICULTY,457.4577114030104
PERCENT_COMMENTS,457.8307933850764
NUMBER_OF_LINES,458.5526497705253
NUM_OPERATORS,458.5860585823912
DESIGN_DENSITY,458.77761880600343
EDGE_COUNT,459.42571247470096
HALSTEAD_VOLUME,459.8438222203054
DECISION_DENSITY,460.64373399192453
NODE_COUNT,461.21133423475635
BRANCH_COUNT,461.7921245461133
LOC_COMMENTS,462.376446411109
ESSENTIAL_COMPLEXITY,463.40868874254966
CYCLOMATIC_COMPLEXITY,463.4990200759601
HALSTEAD_LEVEL,464.95137521810756
CONDITION_COUNT,464.991997289963
ESSENTIAL_DENSITY,465.3385758476952
HALSTEAD_ERROR_EST,465.79762923447777
MULTIPLE_CONDITION_COUNT,465.992134063748
DECISION_COUNT,466.52070083222145
HALSTEAD_PROG_TIME,467.63708315381047
