,Final Score
LOC_BLANK,458.1782543526733
DECISION_DENSITY,458.3551043373704
HALSTEAD_CONTENT,459.9256071852167
LOC_CODE_AND_COMMENT,460.08065329945356
LOC_COMMENTS,460.32851298316575
PERCENT_COMMENTS,460.42502665995266
PARAMETER_COUNT,462.3264118761162
NUM_UNIQUE_OPERANDS,463.0914922029268
LOC_EXECUTABLE,463.7101320108918
NUM_UNIQUE_OPERATORS,464.17836421723206
HALSTEAD_DIFFICULTY,464.2041874463441
HALSTEAD_EFFORT,464.5689833966819
NUM_OPERATORS,464.63930474973046
DESIGN_DENSITY,465.08003372868785
NUM_OPERANDS,465.12999092557493
NUMBER_OF_LINES,465.2129339145084
HALSTEAD_LENGTH,465.2341897811652
CALL_PAIRS,465.4382075613223
HALSTEAD_LEVEL,465.5102517957113
NORMALIZED_CYLOMATIC_COMPLEXITY,465.60700275247535
HALSTEAD_VOLUME,465.62067710141935
CONDITION_COUNT,465.66834475679974
ESSENTIAL_DENSITY,465.73685532132055
CYCLOMATIC_DENSITY,465.857231173127
LOC_TOTAL,465.8666394625557
BRANCH_COUNT,465.8801923371293
HALSTEAD_ERROR_EST,465.9124142443905
MODIFIED_CONDITION_COUNT,465.9869173110647
NODE_COUNT,466.0204051199898
MULTIPLE_CONDITION_COUNT,466.0275226144492
EDGE_COUNT,466.02935285442726
DECISION_COUNT,466.06108999151735
CYCLOMATIC_COMPLEXITY,466.0713497044452
ESSENTIAL_COMPLEXITY,466.1191647391656
DESIGN_COMPLEXITY,466.1950985321105
MAINTENANCE_SEVERITY,466.2041513873617
HALSTEAD_PROG_TIME,466.2257582830922
