,Final Score
PERCENT_COMMENTS,495.7621300139456
CALL_PAIRS,499.1907142603713
NUM_UNIQUE_OPERANDS,499.1907142603713
NORMALIZED_CYLOMATIC_COMPLEXITY,499.33357139359254
LOC_COMMENTS,499.61928566003496
NUM_UNIQUE_OPERATORS,499.61928566003496
BRANCH_COUNT,499.9049999264774
HALSTEAD_LENGTH,499.9049999264774
HALSTEAD_LEVEL,499.9049999264774
HALSTEAD_PROG_TIME,499.9049999264774
HALSTEAD_VOLUME,499.9049999264774
MAINTENANCE_SEVERITY,499.9049999264774
NODE_COUNT,499.9049999264774
MULTIPLE_CONDITION_COUNT,499.9049999264774
NUM_OPERANDS,499.9049999264774
NUM_OPERATORS,499.9049999264774
NUMBER_OF_LINES,499.9049999264774
MODIFIED_CONDITION_COUNT,499.9049999264774
HALSTEAD_ERROR_EST,499.9049999264774
HALSTEAD_DIFFICULTY,499.9049999264774
HALSTEAD_CONTENT,499.9049999264774
PARAMETER_COUNT,499.9049999264774
LOC_EXECUTABLE,499.9049999264774
ESSENTIAL_DENSITY,499.9049999264774
ESSENTIAL_COMPLEXITY,499.9049999264774
EDGE_COUNT,499.9049999264774
DESIGN_DENSITY,499.9049999264774
DESIGN_COMPLEXITY,499.9049999264774
DECISION_DENSITY,499.9049999264774
DECISION_COUNT,499.9049999264774
CYCLOMATIC_DENSITY,499.9049999264774
CYCLOMATIC_COMPLEXITY,499.9049999264774
CONDITION_COUNT,499.9049999264774
LOC_CODE_AND_COMMENT,499.9049999264774
HALSTEAD_EFFORT,499.9049999264774
LOC_TOTAL,499.9049999264774
