,Final Score
PERCENT_COMMENTS,497.8230176631551
HALSTEAD_DIFFICULTY,498.1645823804731
NORMALIZED_CYLOMATIC_COMPLEXITY,498.52221598326753
PARAMETER_COUNT,499.49010704174304
NUM_UNIQUE_OPERATORS,499.759766715012
NUM_UNIQUE_OPERANDS,499.759766715012
NUM_OPERATORS,499.759766715012
NUM_OPERANDS,499.759766715012
NODE_COUNT,499.759766715012
HALSTEAD_ERROR_EST,499.759766715012
MODIFIED_CONDITION_COUNT,499.759766715012
MAINTENANCE_SEVERITY,499.759766715012
HALSTEAD_VOLUME,499.759766715012
HALSTEAD_PROG_TIME,499.759766715012
HALSTEAD_LEVEL,499.759766715012
HALSTEAD_LENGTH,499.759766715012
NUMBER_OF_LINES,499.759766715012
MULTIPLE_CONDITION_COUNT,499.759766715012
BRANCH_COUNT,499.759766715012
HALSTEAD_CONTENT,499.759766715012
CALL_PAIRS,499.759766715012
LOC_CODE_AND_COMMENT,499.759766715012
LOC_COMMENTS,499.759766715012
CONDITION_COUNT,499.759766715012
CYCLOMATIC_COMPLEXITY,499.759766715012
CYCLOMATIC_DENSITY,499.759766715012
HALSTEAD_EFFORT,499.759766715012
DECISION_COUNT,499.759766715012
DESIGN_COMPLEXITY,499.759766715012
DESIGN_DENSITY,499.759766715012
EDGE_COUNT,499.759766715012
ESSENTIAL_COMPLEXITY,499.759766715012
ESSENTIAL_DENSITY,499.759766715012
LOC_EXECUTABLE,499.759766715012
DECISION_DENSITY,499.759766715012
LOC_TOTAL,499.759766715012
