,Final Score
BRANCH_COUNT,499.99980288597567
HALSTEAD_LENGTH,499.99980288597567
HALSTEAD_LEVEL,499.99980288597567
HALSTEAD_PROG_TIME,499.99980288597567
HALSTEAD_VOLUME,499.99980288597567
MAINTENANCE_SEVERITY,499.99980288597567
MODIFIED_CONDITION_COUNT,499.99980288597567
HALSTEAD_ERROR_EST,499.99980288597567
MULTIPLE_CONDITION_COUNT,499.99980288597567
NORMALIZED_CYLOMATIC_COMPLEXITY,499.99980288597567
NUM_OPERANDS,499.99980288597567
NUM_OPERATORS,499.99980288597567
NUM_UNIQUE_OPERANDS,499.99980288597567
NUM_UNIQUE_OPERATORS,499.99980288597567
NUMBER_OF_LINES,499.99980288597567
NODE_COUNT,499.99980288597567
HALSTEAD_EFFORT,499.99980288597567
HALSTEAD_DIFFICULTY,499.99980288597567
HALSTEAD_CONTENT,499.99980288597567
CALL_PAIRS,499.99980288597567
LOC_CODE_AND_COMMENT,499.99980288597567
LOC_COMMENTS,499.99980288597567
CONDITION_COUNT,499.99980288597567
CYCLOMATIC_COMPLEXITY,499.99980288597567
CYCLOMATIC_DENSITY,499.99980288597567
DECISION_COUNT,499.99980288597567
DECISION_DENSITY,499.99980288597567
DESIGN_COMPLEXITY,499.99980288597567
DESIGN_DENSITY,499.99980288597567
EDGE_COUNT,499.99980288597567
ESSENTIAL_COMPLEXITY,499.99980288597567
ESSENTIAL_DENSITY,499.99980288597567
LOC_EXECUTABLE,499.99980288597567
PARAMETER_COUNT,499.99980288597567
PERCENT_COMMENTS,499.99980288597567
LOC_TOTAL,499.99980288597567
