,Final Score
MAINTENANCE_SEVERITY,241.09004966549912
HALSTEAD_PROG_TIME,350.79650619908705
NUM_UNIQUE_OPERATORS,440.16669330391807
HALSTEAD_EFFORT,470.04394345304377
HALSTEAD_LEVEL,488.33024184765196
PERCENT_COMMENTS,491.5000083985284
HALSTEAD_DIFFICULTY,491.57458676392105
DESIGN_DENSITY,492.60349818040277
CYCLOMATIC_DENSITY,495.4111755874857
NUM_UNIQUE_OPERANDS,495.48280331339254
NUMBER_OF_LINES,498.18079234882254
HALSTEAD_CONTENT,498.200294237971
CONDITION_COUNT,498.2883493710152
NUM_OPERANDS,498.30361633323406
NORMALIZED_CYLOMATIC_COMPLEXITY,498.30361633323406
NUM_OPERATORS,498.30361633323406
MULTIPLE_CONDITION_COUNT,498.30361633323406
MODIFIED_CONDITION_COUNT,498.30361633323406
HALSTEAD_VOLUME,498.30361633323406
NODE_COUNT,498.30361633323406
BRANCH_COUNT,498.30361633323406
HALSTEAD_ERROR_EST,498.30361633323406
PARAMETER_COUNT,498.30361633323406
LOC_EXECUTABLE,498.30361633323406
ESSENTIAL_DENSITY,498.30361633323406
ESSENTIAL_COMPLEXITY,498.30361633323406
EDGE_COUNT,498.30361633323406
DESIGN_COMPLEXITY,498.30361633323406
DECISION_DENSITY,498.30361633323406
DECISION_COUNT,498.30361633323406
CYCLOMATIC_COMPLEXITY,498.30361633323406
LOC_COMMENTS,498.30361633323406
LOC_CODE_AND_COMMENT,498.30361633323406
CALL_PAIRS,498.30361633323406
HALSTEAD_LENGTH,498.30361633323406
LOC_TOTAL,498.30361633323406
