,Final Score
HALSTEAD_VOLUME,498.3149998614513
LOC_BLANK,498.3149999756585
NUM_OPERANDS,498.3149999756585
LOC_EXECUTABLE,498.3149999756586
LOC_TOTAL,498.3149999756586
HALSTEAD_CONTENT,498.3149999756588
CALL_PAIRS,498.3149999756589
NUMBER_OF_LINES,498.6007141471655
BRANCH_COUNT,498.6007141471655
NORMALIZED_CYLOMATIC_COMPLEXITY,498.6007141471655
NODE_COUNT,498.6007141471655
MODIFIED_CONDITION_COUNT,498.6007141471655
LOC_COMMENTS,498.6007141471655
PERCENT_COMMENTS,498.6007141471655
CONDITION_COUNT,498.6007141471655
CYCLOMATIC_COMPLEXITY,498.6007141471655
ESSENTIAL_COMPLEXITY,498.6007141471655
EDGE_COUNT,498.6007141471655
HALSTEAD_DIFFICULTY,498.7435711187116
CYCLOMATIC_DENSITY,498.74357123291895
DECISION_COUNT,498.74357123291895
MULTIPLE_CONDITION_COUNT,498.74357123291895
HALSTEAD_ERROR_EST,498.8864283186724
HALSTEAD_LEVEL,498.8864283186724
DESIGN_COMPLEXITY,498.8864283186724
HALSTEAD_EFFORT,498.88642831867253
NUM_OPERATORS,499.0292854044259
MAINTENANCE_SEVERITY,499.0292854044259
LOC_CODE_AND_COMMENT,499.0292854044259
HALSTEAD_LENGTH,499.0292854044259
NUM_UNIQUE_OPERANDS,499.029285404426
HALSTEAD_PROG_TIME,499.31499957593286
ESSENTIAL_DENSITY,499.31499957593286
GLOBAL_DATA_DENSITY,499.31499957593286
NUM_UNIQUE_OPERATORS,499.31499957593286
GLOBAL_DATA_COMPLEXITY,499.31499957593286
DESIGN_DENSITY,499.31499957593286
PARAMETER_COUNT,499.31499957593286
