,Final Score
PERCENT_COMMENTS,499.10671411950494
LOC_CODE_AND_COMMENT,499.10671411950494
NUM_UNIQUE_OPERATORS,499.10671411950494
ESSENTIAL_COMPLEXITY,499.10671411950494
LOC_COMMENTS,499.2495712502108
CALL_PAIRS,499.30829166834513
NODE_COUNT,499.3924283809166
LOC_BLANK,499.5352855116225
CONDITION_COUNT,499.5352855116225
LOC_EXECUTABLE,499.5352855116225
DECISION_COUNT,499.5352855116225
HALSTEAD_LEVEL,499.5646457206896
HALSTEAD_PROG_TIME,499.82099977303415
NUM_OPERATORS,499.82099977303415
NUM_UNIQUE_OPERANDS,499.82099977303415
MULTIPLE_CONDITION_COUNT,499.82099977303415
MODIFIED_CONDITION_COUNT,499.82099977303415
MAINTENANCE_SEVERITY,499.82099977303415
NUMBER_OF_LINES,499.82099977303415
HALSTEAD_VOLUME,499.82099977303415
NORMALIZED_CYLOMATIC_COMPLEXITY,499.82099977303415
NUM_OPERANDS,499.82099977303415
HALSTEAD_CONTENT,499.82099977303415
HALSTEAD_ERROR_EST,499.82099977303415
HALSTEAD_EFFORT,499.82099977303415
HALSTEAD_DIFFICULTY,499.82099977303415
GLOBAL_DATA_DENSITY,499.82099977303415
GLOBAL_DATA_COMPLEXITY,499.82099977303415
PARAMETER_COUNT,499.82099977303415
ESSENTIAL_DENSITY,499.82099977303415
EDGE_COUNT,499.82099977303415
DESIGN_DENSITY,499.82099977303415
DESIGN_COMPLEXITY,499.82099977303415
CYCLOMATIC_DENSITY,499.82099977303415
CYCLOMATIC_COMPLEXITY,499.82099977303415
BRANCH_COUNT,499.82099977303415
HALSTEAD_LENGTH,499.82099977303415
LOC_TOTAL,499.82099977303415
