,Final Score
CALL_PAIRS,498.0734021504696
PERCENT_COMMENTS,498.36859147252216
HALSTEAD_CONTENT,498.5114486151372
BRANCH_COUNT,499.0820862327398
MODIFIED_CONDITION_COUNT,499.0820862327398
ESSENTIAL_COMPLEXITY,499.0820862327398
NUMBER_OF_LINES,499.0820862327403
LOC_TOTAL,499.2225705133932
LOC_CODE_AND_COMMENT,499.2241524215294
CYCLOMATIC_DENSITY,499.3654276562503
DECISION_COUNT,499.5082847991074
DESIGN_COMPLEXITY,499.5082847991074
ESSENTIAL_DENSITY,499.55774660334316
NUM_UNIQUE_OPERATORS,499.7924171766858
NUM_UNIQUE_OPERANDS,499.7924171766858
NUM_OPERATORS,499.7924171766858
NUM_OPERANDS,499.7924171766858
NORMALIZED_CYLOMATIC_COMPLEXITY,499.7924171766858
NODE_COUNT,499.7924171766858
MULTIPLE_CONDITION_COUNT,499.7924171766858
LOC_COMMENTS,499.7924171766858
MAINTENANCE_SEVERITY,499.7924171766858
HALSTEAD_VOLUME,499.7924171766858
HALSTEAD_PROG_TIME,499.7924171766858
HALSTEAD_LENGTH,499.7924171766858
HALSTEAD_ERROR_EST,499.7924171766858
HALSTEAD_EFFORT,499.7924171766858
HALSTEAD_DIFFICULTY,499.7924171766858
CONDITION_COUNT,499.7924171766858
GLOBAL_DATA_DENSITY,499.7924171766858
GLOBAL_DATA_COMPLEXITY,499.7924171766858
PARAMETER_COUNT,499.7924171766858
LOC_EXECUTABLE,499.7924171766858
CYCLOMATIC_COMPLEXITY,499.7924171766858
EDGE_COUNT,499.7924171766858
DESIGN_DENSITY,499.7924171766858
HALSTEAD_LEVEL,499.7924171766858
LOC_BLANK,499.7924171766858
