,Final Score
NUMBER_OF_LINES,444.48646606405487
PERCENT_COMMENTS,474.9772875955149
NUM_UNIQUE_OPERANDS,479.5335973927859
LOC_EXECUTABLE,487.3603851387318
ESSENTIAL_COMPLEXITY,489.0414286700101
LOC_COMMENTS,489.09266286248004
HALSTEAD_CONTENT,489.1613324380421
NORMALIZED_CYLOMATIC_COMPLEXITY,490.06855605911113
CALL_PAIRS,490.31141785574187
HALSTEAD_EFFORT,491.231430460616
CYCLOMATIC_DENSITY,492.8058042497988
LOC_CODE_AND_COMMENT,494.8849434895365
DESIGN_COMPLEXITY,496.2651040090895
HALSTEAD_LEVEL,496.32736359328203
PARAMETER_COUNT,496.3412693603574
NUM_OPERANDS,496.9187482187834
NUM_OPERATORS,497.0536998765639
HALSTEAD_PROG_TIME,497.0536998765639
NUM_UNIQUE_OPERATORS,497.0536998765639
NODE_COUNT,497.0536998765639
MULTIPLE_CONDITION_COUNT,497.0536998765639
MODIFIED_CONDITION_COUNT,497.0536998765639
MAINTENANCE_SEVERITY,497.0536998765639
LOC_BLANK,497.0536998765639
HALSTEAD_ERROR_EST,497.0536998765639
HALSTEAD_DIFFICULTY,497.0536998765639
GLOBAL_DATA_DENSITY,497.0536998765639
EDGE_COUNT,497.0536998765639
DESIGN_DENSITY,497.0536998765639
DECISION_COUNT,497.0536998765639
CYCLOMATIC_COMPLEXITY,497.0536998765639
CONDITION_COUNT,497.0536998765639
HALSTEAD_LENGTH,497.0536998765639
LOC_TOTAL,497.0536998765639
GLOBAL_DATA_COMPLEXITY,497.42894763318
BRANCH_COUNT,497.4898456314027
HALSTEAD_VOLUME,497.55338323292824
ESSENTIAL_DENSITY,497.8067183498834
