,dataset_name,model_name,model_params,accuracy,precision,recall,correct_true,correct_false
0,kr-vs-kp,,,,,,,
1,kr-vs-kp,m4,"{'ccp_alpha': 0.0, 'criterion': 'friedman_mse', 'init': None, 'learning_rate': 0.1, 'loss': 'deviance', 'max_depth': 3, 'max_features': None, 'max_leaf_nodes': None, 'min_impurity_decrease': 0.0, 'min_samples_leaf': 1, 'min_samples_split': 2, 'min_weight_fraction_leaf': 0.0, 'n_estimators': 100, 'n_iter_no_change': None, 'random_state': None, 'subsample': 1.0, 'tol': 0.0001, 'validation_fraction': 0.1, 'verbose': 0, 'warm_start': False}",0.9739311783107404,0.9741035856573705,0.9760479041916168,0.9716157205240175,0.9760479041916168
2,kr-vs-kp,,,,,,,
3,kr-vs-kp,,,,,,,
5,PhishingWebsites,,,,,,,
6,PhishingWebsites,m4,"{'ccp_alpha': 0.0, 'criterion': 'friedman_mse', 'init': None, 'learning_rate': 0.1, 'loss': 'deviance', 'max_depth': 3, 'max_features': None, 'max_leaf_nodes': None, 'min_impurity_decrease': 0.0, 'min_samples_leaf': 1, 'min_samples_split': 2, 'min_weight_fraction_leaf': 0.0, 'n_estimators': 100, 'n_iter_no_change': None, 'random_state': None, 'subsample': 1.0, 'tol': 0.0001, 'validation_fraction': 0.1, 'verbose': 0, 'warm_start': False}",0.9451311425987338,0.9430548163916977,0.9593936112615051,0.9272108843537415,0.9593936112615051
7,PhishingWebsites,,,,,,,
8,PhishingWebsites,,,,,,,
10,SPECT,,,,,,,
11,SPECT,m4,"{'ccp_alpha': 0.0, 'criterion': 'friedman_mse', 'init': None, 'learning_rate': 0.1, 'loss': 'deviance', 'max_depth': 3, 'max_features': None, 'max_leaf_nodes': None, 'min_impurity_decrease': 0.0, 'min_samples_leaf': 1, 'min_samples_split': 2, 'min_weight_fraction_leaf': 0.0, 'n_estimators': 100, 'n_iter_no_change': None, 'random_state': None, 'subsample': 1.0, 'tol': 0.0001, 'validation_fraction': 0.1, 'verbose': 0, 'warm_start': False}",0.8765432098765432,0.8857142857142857,0.96875,0.5294117647058824,0.96875
12,SPECT,,,,,,,
13,SPECT,,,,,,,
