,Final Score
URL_of_Anchor,326.6287269683134
SSLfinal_State,348.4563300378697
Prefix_Suffix,468.5600181754142
web_traffic,470.38553670260313
Links_in_tags,471.2715380474121
having_Sub_Domain,478.96999390857997
SFH,483.24026484883206
Links_pointing_to_page,484.17242754453
double_slash_redirecting,485.1396212956663
DNSRecord,487.0602820413883
having_IP_Address,487.1071289174811
Google_Index,488.2536829039647
Submitting_to_email,491.63538281194263
HTTPS_token,491.99226365202816
popUpWidnow,492.99293280880715
URL_Length,493.2604200543341
Statistical_report,493.51412228255316
Redirect,493.8194385540182
Page_Rank,494.1998774014316
having_At_Symbol,494.72543148112265
port,495.03042550186433
Request_URL,495.1492698791706
on_mouseover,495.4085678270277
Shortining_Service,495.50851209111175
Domain_registeration_length,495.94766225296485
RightClick,496.93405091227953
Favicon,497.1419532861767
age_of_domain,497.56614006167683
Abnormal_URL,497.8236238696802
Iframe,497.9830934399708
