,att_original_names,shap_m1,shap_m2,shap_m3,shap_m4,eli5_m1,eli5_m2,eli5_m3,eli5_m4,dalex_m1,dalex_m2,dalex_m3,dalex_m4,ci_m1,ci_m2,ci_m3,ci_m4,skater_m1,skater_m2,skater_m3,skater_m4,lofo_m1,lofo_m2,lofo_m3,lofo_m4,exirt_m1,exirt_m2,exirt_m3,exirt_m4
0,loc,lOBlank,lOBlank,lOBlank,lOBlank,… 1 more …,… 1 more …,… 1 more …,… 1 more …,lOBlank,lOBlank,lOBlank,lOBlank,lOComment,lOComment,lOComment,lOComment,lOBlank,lOBlank,lOBlank,total_Opnd,T,v(g),uniq_Opnd,lOCode,lOComment,lOComment,lOComment,total_Opnd
1,v(g),I,I,I,I,uniq_Op,lOBlank,uniq_Op,total_Opnd,uniq_Opnd,I,I,I,v(g),lOBlank,lOBlank,uniq_Opnd,uniq_Op,lOComment,uniq_Opnd,lOBlank,N,loc,total_Op,V,lOBlank,lOBlank,lOBlank,loc
2,ev(g),uniq_Op,uniq_Op,uniq_Opnd,uniq_Opnd,iv(G),L,total_Opnd,lOBlank,B,locCodeAndComment,uniq_Opnd,V,E,locCodeAndComment,locCodeAndComment,I,lOComment,I,V,V,E,T,locCodeAndComment,I,N,uniq_Opnd,uniq_Opnd,uniq_Opnd
3,iv(G),uniq_Opnd,lOComment,locCodeAndComment,total_Opnd,B,total_Op,locCodeAndComment,V,uniq_Op,lOComment,lOComment,uniq_Opnd,uniq_Opnd,I,I,lOBlank,D,uniq_Opnd,E,lOComment,loc,L,L,E,uniq_Op,I,lOCode,D
4,N,total_Opnd,locCodeAndComment,uniq_Op,uniq_Op,L,uniq_Opnd,D,uniq_Opnd,locCodeAndComment,uniq_Opnd,uniq_Op,lOComment,I,uniq_Opnd,uniq_Opnd,locCodeAndComment,uniq_Opnd,uniq_Op,I,loc,v(g),ev(g),T,loc,D,ev(g),loc,lOComment
5,V,loc,uniq_Opnd,total_Opnd,lOComment,total_Opnd,lOComment,total_Op,loc,lOComment,uniq_Op,T,total_Op,branchCount,branchCount,lOCode,loc,loc,L,total_Op,I,uniq_Opnd,uniq_Op,iv(G),D,I,locCodeAndComment,I,lOBlank
6,L,lOComment,L,total_Op,V,branchCount,locCodeAndComment,uniq_Opnd,total_Op,loc,B,V,locCodeAndComment,lOBlank,v(g),v(g),N,I,locCodeAndComment,total_Opnd,D,total_Op,total_Op,branchCount,ev(g),v(g),uniq_Op,total_Opnd,total_Op
7,D,locCodeAndComment,D,lOComment,locCodeAndComment,total_Op,I,B,I,I,V,locCodeAndComment,total_Opnd,V,iv(G),branchCount,D,v(g),loc,T,uniq_Opnd,locCodeAndComment,locCodeAndComment,v(g),uniq_Opnd,V,lOCode,total_Op,N
8,I,D,loc,loc,D,V,uniq_Op,lOBlank,lOComment,V,total_Opnd,total_Op,uniq_Op,D,uniq_Op,E,total_Opnd,E,total_Op,N,total_Op,lOCode,lOCode,loc,uniq_Op,uniq_Opnd,iv(G),uniq_Op,iv(G)
9,E,v(g),branchCount,lOCode,total_Op,ev(g),loc,L,L,N,total_Op,total_Opnd,D,iv(G),ev(g),loc,uniq_Op,B,branchCount,uniq_Op,uniq_Op,lOBlank,branchCount,lOComment,total_Op,branchCount,v(g),locCodeAndComment,V
10,B,B,lOCode,L,loc,D,E,V,D,E,ev(g),E,N,locCodeAndComment,loc,V,lOCode,V,lOCode,lOCode,N,total_Opnd,total_Opnd,ev(g),L,E,T,D,I
11,T,L,B,B,L,T,total_Opnd,branchCount,locCodeAndComment,total_Op,branchCount,lOCode,L,N,L,N,L,N,B,B,branchCount,V,I,E,B,locCodeAndComment,L,B,ev(g)
12,lOCode,lOCode,ev(g),E,lOCode,v(g),T,v(g),N,D,L,N,B,loc,total_Op,D,branchCount,total_Opnd,D,loc,L,lOComment,E,D,v(g),total_Opnd,total_Opnd,V,locCodeAndComment
13,lOComment,E,V,V,branchCount,locCodeAndComment,D,iv(G),v(g),total_Opnd,T,B,iv(G),uniq_Op,total_Opnd,B,total_Op,locCodeAndComment,E,D,locCodeAndComment,branchCount,iv(G),V,branchCount,L,V,ev(g),B
14,locCodeAndComment,branchCount,v(g),D,v(g),E,B,ev(g),branchCount,T,D,loc,lOCode,B,D,total_Op,V,branchCount,V,L,lOCode,B,N,I,T,loc,total_Op,branchCount,T
15,lOBlank,V,E,v(g),N,lOBlank,ev(g),T,E,L,N,v(g),T,total_Opnd,B,total_Opnd,B,lOCode,v(g),lOComment,v(g),ev(g),D,lOCode,total_Opnd,iv(G),E,N,E
16,uniq_Op,iv(G),T,N,B,uniq_Opnd,iv(G),N,T,ev(g),E,D,branchCount,lOCode,V,ev(g),E,L,T,v(g),B,L,lOBlank,total_Opnd,locCodeAndComment,lOCode,loc,v(g),branchCount
17,uniq_Opnd,total_Op,iv(G),T,E,loc,N,E,uniq_Op,lOCode,v(g),branchCount,ev(g),total_Op,lOCode,uniq_Op,v(g),iv(G),N,locCodeAndComment,E,I,B,N,N,B,B,E,L
18,total_Op,N,total_Opnd,branchCount,T,lOComment,v(g),loc,lOCode,branchCount,iv(G),L,E,ev(g),T,iv(G),iv(G),total_Op,total_Opnd,branchCount,T,iv(G),uniq_Opnd,B,lOComment,T,D,L,v(g)
19,total_Opnd,T,total_Op,iv(G),ev(g),lOCode,lOCode,lOComment,iv(G),v(g),lOCode,ev(g),loc,L,N,L,T,ev(g),iv(G),ev(g),iv(G),D,V,uniq_Op,iv(G),ev(g),branchCount,iv(G),uniq_Op
20,branchCount,ev(g),N,ev(g),iv(G),I,branchCount,I,B,iv(G),loc,iv(G),v(g),T,E,T,ev(g),T,ev(g),iv(G),ev(g),uniq_Op,lOComment,lOBlank,lOBlank,total_Op,N,T,lOCode
