,att_original_names,shap_m1,shap_m2,shap_m3,shap_m4,eli5_m1,eli5_m2,eli5_m3,eli5_m4,dalex_m1,dalex_m2,dalex_m3,dalex_m4,ci_m1,ci_m2,ci_m3,ci_m4,skater_m1,skater_m2,skater_m3,skater_m4,lofo_m1,lofo_m2,lofo_m3,lofo_m4,exirt_m1,exirt_m2,exirt_m3,exirt_m4
0,LOC_BLANK,HALSTEAD_CONTENT,LOC_BLANK,LOC_BLANK,LOC_BLANK,… 1 more …,… 1 more …,… 1 more …,… 1 more …,HALSTEAD_CONTENT,LOC_BLANK,LOC_BLANK,LOC_BLANK,NUM_UNIQUE_OPERANDS,LOC_BLANK,DECISION_DENSITY,HALSTEAD_CONTENT,HALSTEAD_CONTENT,LOC_BLANK,NUM_UNIQUE_OPERANDS,LOC_BLANK,PERCENT_COMMENTS,NUM_UNIQUE_OPERANDS,LOC_COMMENTS,MAINTENANCE_SEVERITY,LOC_BLANK,LOC_BLANK,LOC_COMMENTS,HALSTEAD_LENGTH
1,BRANCH_COUNT,LOC_BLANK,HALSTEAD_CONTENT,NUM_UNIQUE_OPERANDS,HALSTEAD_CONTENT,NUM_UNIQUE_OPERANDS,LOC_CODE_AND_COMMENT,HALSTEAD_EFFORT,PERCENT_COMMENTS,LOC_BLANK,HALSTEAD_CONTENT,PERCENT_COMMENTS,HALSTEAD_CONTENT,LOC_BLANK,DECISION_DENSITY,NUM_UNIQUE_OPERANDS,LOC_BLANK,NUM_UNIQUE_OPERANDS,HALSTEAD_CONTENT,LOC_BLANK,HALSTEAD_CONTENT,NODE_COUNT,DESIGN_DENSITY,HALSTEAD_DIFFICULTY,HALSTEAD_LEVEL,HALSTEAD_CONTENT,DECISION_DENSITY,ESSENTIAL_DENSITY,DECISION_DENSITY
2,CALL_PAIRS,NUM_UNIQUE_OPERANDS,LOC_CODE_AND_COMMENT,HALSTEAD_CONTENT,LOC_CODE_AND_COMMENT,HALSTEAD_ERROR_EST,PERCENT_COMMENTS,HALSTEAD_LEVEL,HALSTEAD_CONTENT,NUM_UNIQUE_OPERANDS,DECISION_DENSITY,NUM_UNIQUE_OPERANDS,NUM_UNIQUE_OPERANDS,HALSTEAD_CONTENT,HALSTEAD_CONTENT,LOC_BLANK,DECISION_DENSITY,LOC_BLANK,LOC_CODE_AND_COMMENT,HALSTEAD_VOLUME,HALSTEAD_LENGTH,CYCLOMATIC_DENSITY,NUM_OPERANDS,DESIGN_DENSITY,CYCLOMATIC_DENSITY,NUM_UNIQUE_OPERANDS,HALSTEAD_CONTENT,LOC_BLANK,CYCLOMATIC_DENSITY
3,LOC_CODE_AND_COMMENT,PARAMETER_COUNT,PARAMETER_COUNT,LOC_CODE_AND_COMMENT,CYCLOMATIC_DENSITY,LOC_BLANK,HALSTEAD_CONTENT,PERCENT_COMMENTS,DECISION_DENSITY,HALSTEAD_VOLUME,MAINTENANCE_SEVERITY,HALSTEAD_CONTENT,HALSTEAD_LENGTH,LOC_COMMENTS,NUM_UNIQUE_OPERANDS,LOC_CODE_AND_COMMENT,NUM_UNIQUE_OPERANDS,PARAMETER_COUNT,NUM_UNIQUE_OPERATORS,HALSTEAD_CONTENT,CYCLOMATIC_DENSITY,DESIGN_DENSITY,LOC_TOTAL,NUM_UNIQUE_OPERANDS,DECISION_DENSITY,PARAMETER_COUNT,LOC_CODE_AND_COMMENT,HALSTEAD_CONTENT,LOC_BLANK
4,LOC_COMMENTS,HALSTEAD_VOLUME,NUM_UNIQUE_OPERANDS,HALSTEAD_VOLUME,CALL_PAIRS,CONDITION_COUNT,NUM_UNIQUE_OPERANDS,NODE_COUNT,EDGE_COUNT,NUM_UNIQUE_OPERATORS,NORMALIZED_CYLOMATIC_COMPLEXITY,CYCLOMATIC_DENSITY,LOC_CODE_AND_COMMENT,CALL_PAIRS,CALL_PAIRS,HALSTEAD_VOLUME,LOC_CODE_AND_COMMENT,NUM_UNIQUE_OPERATORS,NUM_UNIQUE_OPERANDS,NUM_OPERATORS,CALL_PAIRS,NUM_OPERANDS,HALSTEAD_LENGTH,NORMALIZED_CYLOMATIC_COMPLEXITY,BRANCH_COUNT,NUM_UNIQUE_OPERATORS,LOC_COMMENTS,HALSTEAD_EFFORT,HALSTEAD_CONTENT
5,CONDITION_COUNT,CYCLOMATIC_DENSITY,CYCLOMATIC_DENSITY,HALSTEAD_EFFORT,NUM_UNIQUE_OPERANDS,LOC_COMMENTS,LOC_BLANK,LOC_TOTAL,CALL_PAIRS,NUM_OPERANDS,NUM_UNIQUE_OPERANDS,HALSTEAD_LEVEL,MODIFIED_CONDITION_COUNT,HALSTEAD_VOLUME,LOC_CODE_AND_COMMENT,NUM_OPERATORS,LOC_COMMENTS,CALL_PAIRS,CALL_PAIRS,HALSTEAD_PROG_TIME,LOC_CODE_AND_COMMENT,HALSTEAD_VOLUME,CYCLOMATIC_DENSITY,HALSTEAD_PROG_TIME,ESSENTIAL_COMPLEXITY,CYCLOMATIC_DENSITY,PERCENT_COMMENTS,NUM_UNIQUE_OPERANDS,CALL_PAIRS
6,CYCLOMATIC_COMPLEXITY,HALSTEAD_DIFFICULTY,NUM_UNIQUE_OPERATORS,NUMBER_OF_LINES,PARAMETER_COUNT,MULTIPLE_CONDITION_COUNT,PARAMETER_COUNT,DESIGN_DENSITY,CYCLOMATIC_DENSITY,HALSTEAD_LEVEL,PERCENT_COMMENTS,DESIGN_DENSITY,NUM_OPERANDS,HALSTEAD_DIFFICULTY,LOC_COMMENTS,PERCENT_COMMENTS,HALSTEAD_LENGTH,NUM_OPERANDS,PARAMETER_COUNT,LOC_CODE_AND_COMMENT,NUM_UNIQUE_OPERATORS,CYCLOMATIC_COMPLEXITY,HALSTEAD_PROG_TIME,ESSENTIAL_COMPLEXITY,DESIGN_DENSITY,NORMALIZED_CYLOMATIC_COMPLEXITY,PARAMETER_COUNT,NUM_UNIQUE_OPERATORS,NUM_UNIQUE_OPERATORS
7,CYCLOMATIC_DENSITY,LOC_CODE_AND_COMMENT,NORMALIZED_CYLOMATIC_COMPLEXITY,HALSTEAD_DIFFICULTY,PERCENT_COMMENTS,EDGE_COUNT,LOC_COMMENTS,BRANCH_COUNT,LOC_COMMENTS,LOC_COMMENTS,DECISION_COUNT,DECISION_DENSITY,LOC_COMMENTS,EDGE_COUNT,PARAMETER_COUNT,NUMBER_OF_LINES,CALL_PAIRS,HALSTEAD_LENGTH,CYCLOMATIC_DENSITY,HALSTEAD_EFFORT,PERCENT_COMMENTS,HALSTEAD_DIFFICULTY,HALSTEAD_ERROR_EST,HALSTEAD_LENGTH,LOC_BLANK,NUM_OPERANDS,NUM_UNIQUE_OPERANDS,PERCENT_COMMENTS,PERCENT_COMMENTS
8,DECISION_COUNT,CALL_PAIRS,DECISION_DENSITY,HALSTEAD_LENGTH,HALSTEAD_VOLUME,HALSTEAD_CONTENT,MODIFIED_CONDITION_COUNT,DESIGN_COMPLEXITY,LOC_BLANK,PARAMETER_COUNT,LOC_COMMENTS,HALSTEAD_DIFFICULTY,HALSTEAD_PROG_TIME,HALSTEAD_EFFORT,NUM_UNIQUE_OPERATORS,LOC_COMMENTS,CYCLOMATIC_DENSITY,LOC_CODE_AND_COMMENT,HALSTEAD_DIFFICULTY,HALSTEAD_LENGTH,NUM_OPERATORS,LOC_BLANK,HALSTEAD_EFFORT,HALSTEAD_EFFORT,HALSTEAD_VOLUME,CALL_PAIRS,LOC_EXECUTABLE,LOC_EXECUTABLE,LOC_CODE_AND_COMMENT
9,DECISION_DENSITY,NUM_UNIQUE_OPERATORS,HALSTEAD_DIFFICULTY,NUM_OPERANDS,NUM_UNIQUE_OPERATORS,HALSTEAD_PROG_TIME,HALSTEAD_DIFFICULTY,HALSTEAD_VOLUME,NODE_COUNT,MULTIPLE_CONDITION_COUNT,DESIGN_COMPLEXITY,NORMALIZED_CYLOMATIC_COMPLEXITY,HALSTEAD_LEVEL,HALSTEAD_LENGTH,NUMBER_OF_LINES,HALSTEAD_CONTENT,PERCENT_COMMENTS,EDGE_COUNT,PERCENT_COMMENTS,NUM_OPERANDS,NUM_UNIQUE_OPERANDS,HALSTEAD_CONTENT,CALL_PAIRS,NUM_OPERATORS,MODIFIED_CONDITION_COUNT,DESIGN_COMPLEXITY,NUM_UNIQUE_OPERATORS,NODE_COUNT,EDGE_COUNT
10,DESIGN_COMPLEXITY,NORMALIZED_CYLOMATIC_COMPLEXITY,HALSTEAD_VOLUME,HALSTEAD_PROG_TIME,HALSTEAD_LENGTH,CALL_PAIRS,NUM_OPERATORS,EDGE_COUNT,MODIFIED_CONDITION_COUNT,DESIGN_COMPLEXITY,NUMBER_OF_LINES,EDGE_COUNT,CYCLOMATIC_DENSITY,MULTIPLE_CONDITION_COUNT,CYCLOMATIC_DENSITY,DESIGN_DENSITY,HALSTEAD_DIFFICULTY,NUMBER_OF_LINES,EDGE_COUNT,NUMBER_OF_LINES,HALSTEAD_VOLUME,HALSTEAD_PROG_TIME,PERCENT_COMMENTS,HALSTEAD_VOLUME,PERCENT_COMMENTS,HALSTEAD_LENGTH,HALSTEAD_DIFFICULTY,LOC_TOTAL,LOC_EXECUTABLE
11,DESIGN_DENSITY,HALSTEAD_LENGTH,MAINTENANCE_SEVERITY,NUM_OPERATORS,LOC_TOTAL,NUM_UNIQUE_OPERATORS,HALSTEAD_EFFORT,NUM_OPERATORS,LOC_CODE_AND_COMMENT,MODIFIED_CONDITION_COUNT,CONDITION_COUNT,PARAMETER_COUNT,LOC_EXECUTABLE,NORMALIZED_CYLOMATIC_COMPLEXITY,HALSTEAD_DIFFICULTY,DECISION_COUNT,MODIFIED_CONDITION_COUNT,PERCENT_COMMENTS,HALSTEAD_VOLUME,LOC_EXECUTABLE,PARAMETER_COUNT,HALSTEAD_EFFORT,LOC_COMMENTS,ESSENTIAL_DENSITY,HALSTEAD_PROG_TIME,HALSTEAD_EFFORT,HALSTEAD_EFFORT,DECISION_DENSITY,LOC_TOTAL
12,EDGE_COUNT,EDGE_COUNT,CALL_PAIRS,LOC_COMMENTS,NODE_COUNT,NUM_OPERATORS,NUM_OPERANDS,MODIFIED_CONDITION_COUNT,HALSTEAD_LENGTH,HALSTEAD_DIFFICULTY,ESSENTIAL_DENSITY,LOC_TOTAL,DECISION_DENSITY,DECISION_DENSITY,EDGE_COUNT,CALL_PAIRS,PARAMETER_COUNT,LOC_TOTAL,MAINTENANCE_SEVERITY,LOC_TOTAL,NUM_OPERANDS,CONDITION_COUNT,MAINTENANCE_SEVERITY,MULTIPLE_CONDITION_COUNT,CYCLOMATIC_COMPLEXITY,MAINTENANCE_SEVERITY,NUM_OPERATORS,HALSTEAD_LENGTH,DESIGN_COMPLEXITY
13,ESSENTIAL_COMPLEXITY,LOC_TOTAL,HALSTEAD_LEVEL,DECISION_DENSITY,HALSTEAD_DIFFICULTY,HALSTEAD_EFFORT,ESSENTIAL_DENSITY,HALSTEAD_ERROR_EST,NORMALIZED_CYLOMATIC_COMPLEXITY,CALL_PAIRS,ESSENTIAL_COMPLEXITY,CONDITION_COUNT,CALL_PAIRS,LOC_CODE_AND_COMMENT,BRANCH_COUNT,NUM_OPERANDS,HALSTEAD_VOLUME,CYCLOMATIC_DENSITY,HALSTEAD_LEVEL,HALSTEAD_DIFFICULTY,LOC_TOTAL,MODIFIED_CONDITION_COUNT,NODE_COUNT,CALL_PAIRS,LOC_COMMENTS,LOC_EXECUTABLE,DESIGN_DENSITY,EDGE_COUNT,LOC_COMMENTS
14,ESSENTIAL_DENSITY,LOC_EXECUTABLE,PERCENT_COMMENTS,PERCENT_COMMENTS,NUM_OPERATORS,DECISION_DENSITY,BRANCH_COUNT,ESSENTIAL_COMPLEXITY,LOC_TOTAL,ESSENTIAL_COMPLEXITY,CYCLOMATIC_DENSITY,HALSTEAD_ERROR_EST,HALSTEAD_VOLUME,PARAMETER_COUNT,CONDITION_COUNT,MAINTENANCE_SEVERITY,MAINTENANCE_SEVERITY,HALSTEAD_DIFFICULTY,DECISION_DENSITY,CALL_PAIRS,EDGE_COUNT,LOC_EXECUTABLE,HALSTEAD_LEVEL,LOC_TOTAL,NUM_OPERANDS,LOC_TOTAL,NUM_OPERANDS,MAINTENANCE_SEVERITY,PARAMETER_COUNT
15,LOC_EXECUTABLE,NODE_COUNT,HALSTEAD_LENGTH,CALL_PAIRS,DECISION_DENSITY,MODIFIED_CONDITION_COUNT,NUM_UNIQUE_OPERATORS,DECISION_DENSITY,HALSTEAD_EFFORT,NODE_COUNT,DESIGN_DENSITY,MAINTENANCE_SEVERITY,DESIGN_DENSITY,MODIFIED_CONDITION_COUNT,MODIFIED_CONDITION_COUNT,LOC_EXECUTABLE,LOC_TOTAL,HALSTEAD_VOLUME,NUMBER_OF_LINES,NUM_UNIQUE_OPERATORS,NUMBER_OF_LINES,EDGE_COUNT,ESSENTIAL_COMPLEXITY,EDGE_COUNT,EDGE_COUNT,MODIFIED_CONDITION_COUNT,NUMBER_OF_LINES,CALL_PAIRS,NUM_OPERANDS
16,PARAMETER_COUNT,NUM_OPERANDS,NUM_OPERANDS,MAINTENANCE_SEVERITY,NUMBER_OF_LINES,CYCLOMATIC_DENSITY,NORMALIZED_CYLOMATIC_COMPLEXITY,LOC_BLANK,LOC_EXECUTABLE,DECISION_DENSITY,PARAMETER_COUNT,MODIFIED_CONDITION_COUNT,MAINTENANCE_SEVERITY,HALSTEAD_ERROR_EST,LOC_EXECUTABLE,HALSTEAD_PROG_TIME,DESIGN_COMPLEXITY,NORMALIZED_CYLOMATIC_COMPLEXITY,NUM_OPERANDS,NODE_COUNT,HALSTEAD_DIFFICULTY,CALL_PAIRS,DECISION_COUNT,DECISION_COUNT,NUM_OPERATORS,LOC_CODE_AND_COMMENT,HALSTEAD_LENGTH,DESIGN_DENSITY,NUM_OPERATORS
17,HALSTEAD_CONTENT,HALSTEAD_EFFORT,NUMBER_OF_LINES,NORMALIZED_CYLOMATIC_COMPLEXITY,MAINTENANCE_SEVERITY,LOC_CODE_AND_COMMENT,NODE_COUNT,NUM_UNIQUE_OPERATORS,DESIGN_DENSITY,NORMALIZED_CYLOMATIC_COMPLEXITY,HALSTEAD_ERROR_EST,DECISION_COUNT,NUM_UNIQUE_OPERATORS,CYCLOMATIC_DENSITY,NORMALIZED_CYLOMATIC_COMPLEXITY,HALSTEAD_LENGTH,HALSTEAD_PROG_TIME,DESIGN_COMPLEXITY,LOC_TOTAL,EDGE_COUNT,NODE_COUNT,NUM_UNIQUE_OPERATORS,BRANCH_COUNT,BRANCH_COUNT,NODE_COUNT,HALSTEAD_DIFFICULTY,CALL_PAIRS,HALSTEAD_VOLUME,HALSTEAD_DIFFICULTY
18,HALSTEAD_DIFFICULTY,NUMBER_OF_LINES,ESSENTIAL_DENSITY,CYCLOMATIC_DENSITY,DESIGN_COMPLEXITY,HALSTEAD_LENGTH,CYCLOMATIC_DENSITY,NUM_UNIQUE_OPERANDS,MULTIPLE_CONDITION_COUNT,DECISION_COUNT,NUM_OPERANDS,BRANCH_COUNT,LOC_TOTAL,LOC_EXECUTABLE,NUM_OPERANDS,CYCLOMATIC_DENSITY,ESSENTIAL_COMPLEXITY,LOC_EXECUTABLE,NORMALIZED_CYLOMATIC_COMPLEXITY,PERCENT_COMMENTS,DECISION_DENSITY,NUM_OPERATORS,NUM_UNIQUE_OPERATORS,HALSTEAD_ERROR_EST,DESIGN_COMPLEXITY,PERCENT_COMMENTS,HALSTEAD_LEVEL,PARAMETER_COUNT,HALSTEAD_EFFORT
19,HALSTEAD_EFFORT,LOC_COMMENTS,EDGE_COUNT,NUM_UNIQUE_OPERATORS,HALSTEAD_PROG_TIME,MAINTENANCE_SEVERITY,MULTIPLE_CONDITION_COUNT,HALSTEAD_LENGTH,HALSTEAD_PROG_TIME,CONDITION_COUNT,NUM_UNIQUE_OPERATORS,DESIGN_COMPLEXITY,MULTIPLE_CONDITION_COUNT,PERCENT_COMMENTS,MULTIPLE_CONDITION_COUNT,NODE_COUNT,NUM_UNIQUE_OPERATORS,NUM_OPERATORS,HALSTEAD_LENGTH,NORMALIZED_CYLOMATIC_COMPLEXITY,DESIGN_COMPLEXITY,MULTIPLE_CONDITION_COUNT,HALSTEAD_CONTENT,NUMBER_OF_LINES,NUMBER_OF_LINES,NUMBER_OF_LINES,NORMALIZED_CYLOMATIC_COMPLEXITY,CONDITION_COUNT,NORMALIZED_CYLOMATIC_COMPLEXITY
20,HALSTEAD_ERROR_EST,MAINTENANCE_SEVERITY,DESIGN_DENSITY,HALSTEAD_ERROR_EST,NUM_OPERANDS,DESIGN_COMPLEXITY,ESSENTIAL_COMPLEXITY,CALL_PAIRS,HALSTEAD_LEVEL,HALSTEAD_PROG_TIME,MODIFIED_CONDITION_COUNT,LOC_COMMENTS,BRANCH_COUNT,NUMBER_OF_LINES,HALSTEAD_ERROR_EST,HALSTEAD_DIFFICULTY,NODE_COUNT,MAINTENANCE_SEVERITY,DESIGN_DENSITY,CYCLOMATIC_DENSITY,MAINTENANCE_SEVERITY,MAINTENANCE_SEVERITY,DESIGN_COMPLEXITY,MAINTENANCE_SEVERITY,HALSTEAD_LENGTH,NUM_OPERATORS,HALSTEAD_VOLUME,CYCLOMATIC_DENSITY,HALSTEAD_VOLUME
21,HALSTEAD_LENGTH,DECISION_DENSITY,NUM_OPERATORS,EDGE_COUNT,NORMALIZED_CYLOMATIC_COMPLEXITY,NORMALIZED_CYLOMATIC_COMPLEXITY,HALSTEAD_PROG_TIME,LOC_EXECUTABLE,HALSTEAD_ERROR_EST,LOC_EXECUTABLE,LOC_CODE_AND_COMMENT,LOC_CODE_AND_COMMENT,HALSTEAD_ERROR_EST,MAINTENANCE_SEVERITY,HALSTEAD_LEVEL,HALSTEAD_ERROR_EST,HALSTEAD_EFFORT,NODE_COUNT,LOC_EXECUTABLE,HALSTEAD_ERROR_EST,HALSTEAD_PROG_TIME,HALSTEAD_LENGTH,NUMBER_OF_LINES,DECISION_DENSITY,HALSTEAD_EFFORT,DESIGN_DENSITY,CONDITION_COUNT,NUMBER_OF_LINES,HALSTEAD_PROG_TIME
22,HALSTEAD_LEVEL,DESIGN_COMPLEXITY,LOC_TOTAL,LOC_EXECUTABLE,HALSTEAD_LEVEL,HALSTEAD_LEVEL,EDGE_COUNT,LOC_COMMENTS,DECISION_COUNT,HALSTEAD_ERROR_EST,LOC_TOTAL,MULTIPLE_CONDITION_COUNT,DECISION_COUNT,NUM_UNIQUE_OPERATORS,CYCLOMATIC_COMPLEXITY,MULTIPLE_CONDITION_COUNT,MULTIPLE_CONDITION_COUNT,HALSTEAD_EFFORT,LOC_COMMENTS,LOC_COMMENTS,HALSTEAD_EFFORT,BRANCH_COUNT,LOC_BLANK,PERCENT_COMMENTS,HALSTEAD_CONTENT,EDGE_COUNT,ESSENTIAL_DENSITY,BRANCH_COUNT,NUMBER_OF_LINES
23,HALSTEAD_PROG_TIME,PERCENT_COMMENTS,LOC_COMMENTS,HALSTEAD_LEVEL,HALSTEAD_EFFORT,LOC_TOTAL,MAINTENANCE_SEVERITY,CONDITION_COUNT,CYCLOMATIC_COMPLEXITY,CYCLOMATIC_COMPLEXITY,HALSTEAD_LEVEL,NUM_OPERANDS,ESSENTIAL_DENSITY,LOC_TOTAL,PERCENT_COMMENTS,LOC_TOTAL,NUM_OPERANDS,LOC_COMMENTS,BRANCH_COUNT,MAINTENANCE_SEVERITY,LOC_EXECUTABLE,DESIGN_COMPLEXITY,HALSTEAD_VOLUME,MODIFIED_CONDITION_COUNT,CONDITION_COUNT,HALSTEAD_VOLUME,CYCLOMATIC_DENSITY,DESIGN_COMPLEXITY,NUM_UNIQUE_OPERANDS
24,HALSTEAD_VOLUME,MODIFIED_CONDITION_COUNT,HALSTEAD_ERROR_EST,DESIGN_DENSITY,EDGE_COUNT,HALSTEAD_DIFFICULTY,HALSTEAD_VOLUME,NUM_OPERANDS,CONDITION_COUNT,LOC_TOTAL,CYCLOMATIC_COMPLEXITY,ESSENTIAL_COMPLEXITY,CONDITION_COUNT,NODE_COUNT,HALSTEAD_VOLUME,HALSTEAD_LEVEL,EDGE_COUNT,CONDITION_COUNT,ESSENTIAL_DENSITY,HALSTEAD_LEVEL,NORMALIZED_CYLOMATIC_COMPLEXITY,LOC_COMMENTS,MODIFIED_CONDITION_COUNT,HALSTEAD_CONTENT,NUM_UNIQUE_OPERATORS,DECISION_DENSITY,LOC_TOTAL,NUM_OPERANDS,ESSENTIAL_COMPLEXITY
25,MAINTENANCE_SEVERITY,NUM_OPERATORS,HALSTEAD_EFFORT,NODE_COUNT,ESSENTIAL_COMPLEXITY,NUMBER_OF_LINES,LOC_EXECUTABLE,NUMBER_OF_LINES,NUMBER_OF_LINES,LOC_CODE_AND_COMMENT,MULTIPLE_CONDITION_COUNT,ESSENTIAL_DENSITY,CYCLOMATIC_COMPLEXITY,NUM_OPERATORS,MAINTENANCE_SEVERITY,ESSENTIAL_DENSITY,NORMALIZED_CYLOMATIC_COMPLEXITY,MODIFIED_CONDITION_COUNT,NODE_COUNT,DECISION_COUNT,MODIFIED_CONDITION_COUNT,ESSENTIAL_COMPLEXITY,LOC_EXECUTABLE,PARAMETER_COUNT,LOC_TOTAL,NODE_COUNT,BRANCH_COUNT,HALSTEAD_PROG_TIME,NODE_COUNT
26,MODIFIED_CONDITION_COUNT,ESSENTIAL_COMPLEXITY,HALSTEAD_PROG_TIME,PARAMETER_COUNT,MODIFIED_CONDITION_COUNT,PERCENT_COMMENTS,CYCLOMATIC_COMPLEXITY,NORMALIZED_CYLOMATIC_COMPLEXITY,HALSTEAD_DIFFICULTY,BRANCH_COUNT,HALSTEAD_DIFFICULTY,NUM_OPERATORS,PARAMETER_COUNT,ESSENTIAL_COMPLEXITY,HALSTEAD_LENGTH,PARAMETER_COUNT,BRANCH_COUNT,ESSENTIAL_COMPLEXITY,NUM_OPERATORS,MULTIPLE_CONDITION_COUNT,LOC_COMMENTS,PARAMETER_COUNT,EDGE_COUNT,DESIGN_COMPLEXITY,MULTIPLE_CONDITION_COUNT,BRANCH_COUNT,HALSTEAD_ERROR_EST,NORMALIZED_CYLOMATIC_COMPLEXITY,MULTIPLE_CONDITION_COUNT
27,MULTIPLE_CONDITION_COUNT,HALSTEAD_LEVEL,NODE_COUNT,LOC_TOTAL,LOC_EXECUTABLE,BRANCH_COUNT,CALL_PAIRS,MAINTENANCE_SEVERITY,NUM_UNIQUE_OPERANDS,MAINTENANCE_SEVERITY,BRANCH_COUNT,HALSTEAD_VOLUME,NORMALIZED_CYLOMATIC_COMPLEXITY,NUM_OPERANDS,NUM_OPERATORS,NORMALIZED_CYLOMATIC_COMPLEXITY,NUMBER_OF_LINES,BRANCH_COUNT,HALSTEAD_EFFORT,CONDITION_COUNT,BRANCH_COUNT,NUMBER_OF_LINES,DECISION_DENSITY,NUM_UNIQUE_OPERATORS,HALSTEAD_ERROR_EST,LOC_COMMENTS,MODIFIED_CONDITION_COUNT,HALSTEAD_DIFFICULTY,BRANCH_COUNT
28,NODE_COUNT,CONDITION_COUNT,MULTIPLE_CONDITION_COUNT,DESIGN_COMPLEXITY,BRANCH_COUNT,ESSENTIAL_DENSITY,DESIGN_COMPLEXITY,PARAMETER_COUNT,NUM_UNIQUE_OPERATORS,CYCLOMATIC_DENSITY,LOC_EXECUTABLE,HALSTEAD_PROG_TIME,PERCENT_COMMENTS,CONDITION_COUNT,DECISION_COUNT,MODIFIED_CONDITION_COUNT,LOC_EXECUTABLE,DESIGN_DENSITY,HALSTEAD_PROG_TIME,DESIGN_DENSITY,ESSENTIAL_COMPLEXITY,DECISION_COUNT,CYCLOMATIC_COMPLEXITY,NUM_OPERANDS,LOC_EXECUTABLE,ESSENTIAL_COMPLEXITY,NODE_COUNT,HALSTEAD_LEVEL,MODIFIED_CONDITION_COUNT
29,NORMALIZED_CYLOMATIC_COMPLEXITY,MULTIPLE_CONDITION_COUNT,DESIGN_COMPLEXITY,DECISION_COUNT,LOC_COMMENTS,HALSTEAD_VOLUME,DESIGN_DENSITY,HALSTEAD_PROG_TIME,NUM_OPERANDS,ESSENTIAL_DENSITY,NODE_COUNT,NUMBER_OF_LINES,EDGE_COUNT,CYCLOMATIC_COMPLEXITY,LOC_TOTAL,ESSENTIAL_COMPLEXITY,NUM_OPERATORS,HALSTEAD_ERROR_EST,MULTIPLE_CONDITION_COUNT,BRANCH_COUNT,MULTIPLE_CONDITION_COUNT,LOC_TOTAL,NUM_OPERATORS,LOC_CODE_AND_COMMENT,CALL_PAIRS,CYCLOMATIC_COMPLEXITY,MULTIPLE_CONDITION_COUNT,LOC_CODE_AND_COMMENT,MAINTENANCE_SEVERITY
30,NUM_OPERANDS,HALSTEAD_ERROR_EST,ESSENTIAL_COMPLEXITY,BRANCH_COUNT,ESSENTIAL_DENSITY,NODE_COUNT,DECISION_COUNT,CYCLOMATIC_DENSITY,PARAMETER_COUNT,EDGE_COUNT,HALSTEAD_LENGTH,CYCLOMATIC_COMPLEXITY,ESSENTIAL_COMPLEXITY,DESIGN_COMPLEXITY,ESSENTIAL_DENSITY,EDGE_COUNT,HALSTEAD_LEVEL,MULTIPLE_CONDITION_COUNT,CONDITION_COUNT,DESIGN_COMPLEXITY,ESSENTIAL_DENSITY,ESSENTIAL_DENSITY,MULTIPLE_CONDITION_COUNT,NODE_COUNT,NUM_UNIQUE_OPERANDS,HALSTEAD_LEVEL,EDGE_COUNT,CYCLOMATIC_COMPLEXITY,CYCLOMATIC_COMPLEXITY
31,NUM_OPERATORS,BRANCH_COUNT,BRANCH_COUNT,CYCLOMATIC_COMPLEXITY,MULTIPLE_CONDITION_COUNT,CYCLOMATIC_COMPLEXITY,LOC_TOTAL,MULTIPLE_CONDITION_COUNT,HALSTEAD_VOLUME,DESIGN_DENSITY,HALSTEAD_PROG_TIME,LOC_EXECUTABLE,DESIGN_COMPLEXITY,ESSENTIAL_DENSITY,DESIGN_DENSITY,CYCLOMATIC_COMPLEXITY,HALSTEAD_ERROR_EST,DECISION_DENSITY,DESIGN_COMPLEXITY,DECISION_DENSITY,CONDITION_COUNT,HALSTEAD_LEVEL,PARAMETER_COUNT,CYCLOMATIC_COMPLEXITY,HALSTEAD_DIFFICULTY,CONDITION_COUNT,DECISION_COUNT,DECISION_COUNT,HALSTEAD_LEVEL
32,NUM_UNIQUE_OPERANDS,DESIGN_DENSITY,CONDITION_COUNT,MULTIPLE_CONDITION_COUNT,CONDITION_COUNT,PARAMETER_COUNT,HALSTEAD_LEVEL,LOC_CODE_AND_COMMENT,NUM_OPERATORS,NUMBER_OF_LINES,NUM_OPERATORS,CALL_PAIRS,HALSTEAD_DIFFICULTY,DESIGN_DENSITY,DESIGN_COMPLEXITY,CONDITION_COUNT,ESSENTIAL_DENSITY,HALSTEAD_LEVEL,HALSTEAD_ERROR_EST,PARAMETER_COUNT,DESIGN_DENSITY,NORMALIZED_CYLOMATIC_COMPLEXITY,LOC_CODE_AND_COMMENT,CYCLOMATIC_DENSITY,ESSENTIAL_DENSITY,ESSENTIAL_DENSITY,CYCLOMATIC_COMPLEXITY,MULTIPLE_CONDITION_COUNT,DECISION_COUNT
33,NUM_UNIQUE_OPERATORS,ESSENTIAL_DENSITY,LOC_EXECUTABLE,CONDITION_COUNT,CYCLOMATIC_COMPLEXITY,DECISION_COUNT,HALSTEAD_LENGTH,HALSTEAD_DIFFICULTY,ESSENTIAL_COMPLEXITY,NUM_OPERATORS,HALSTEAD_EFFORT,NODE_COUNT,NUMBER_OF_LINES,HALSTEAD_LEVEL,NODE_COUNT,BRANCH_COUNT,DESIGN_DENSITY,ESSENTIAL_DENSITY,MODIFIED_CONDITION_COUNT,MODIFIED_CONDITION_COUNT,CYCLOMATIC_COMPLEXITY,NUM_UNIQUE_OPERANDS,HALSTEAD_DIFFICULTY,CONDITION_COUNT,PARAMETER_COUNT,HALSTEAD_ERROR_EST,ESSENTIAL_COMPLEXITY,MODIFIED_CONDITION_COUNT,HALSTEAD_ERROR_EST
34,NUMBER_OF_LINES,DECISION_COUNT,MODIFIED_CONDITION_COUNT,ESSENTIAL_DENSITY,DESIGN_DENSITY,NUM_OPERANDS,CONDITION_COUNT,ESSENTIAL_DENSITY,ESSENTIAL_DENSITY,HALSTEAD_EFFORT,HALSTEAD_VOLUME,NUM_UNIQUE_OPERATORS,HALSTEAD_EFFORT,DECISION_COUNT,ESSENTIAL_COMPLEXITY,NUM_UNIQUE_OPERATORS,DECISION_COUNT,DECISION_COUNT,CYCLOMATIC_COMPLEXITY,CYCLOMATIC_COMPLEXITY,HALSTEAD_LEVEL,DECISION_DENSITY,CONDITION_COUNT,HALSTEAD_LEVEL,DECISION_COUNT,MULTIPLE_CONDITION_COUNT,DESIGN_COMPLEXITY,HALSTEAD_ERROR_EST,CONDITION_COUNT
35,PERCENT_COMMENTS,CYCLOMATIC_COMPLEXITY,CYCLOMATIC_COMPLEXITY,MODIFIED_CONDITION_COUNT,HALSTEAD_ERROR_EST,ESSENTIAL_COMPLEXITY,HALSTEAD_ERROR_EST,DECISION_COUNT,MAINTENANCE_SEVERITY,PERCENT_COMMENTS,EDGE_COUNT,HALSTEAD_EFFORT,NODE_COUNT,BRANCH_COUNT,HALSTEAD_EFFORT,HALSTEAD_EFFORT,CYCLOMATIC_COMPLEXITY,CYCLOMATIC_COMPLEXITY,DECISION_COUNT,ESSENTIAL_DENSITY,HALSTEAD_ERROR_EST,LOC_CODE_AND_COMMENT,NORMALIZED_CYLOMATIC_COMPLEXITY,LOC_EXECUTABLE,NORMALIZED_CYLOMATIC_COMPLEXITY,DECISION_COUNT,MAINTENANCE_SEVERITY,NUM_OPERATORS,ESSENTIAL_DENSITY
36,LOC_TOTAL,HALSTEAD_PROG_TIME,DECISION_COUNT,ESSENTIAL_COMPLEXITY,DECISION_COUNT,DESIGN_DENSITY,DECISION_DENSITY,CYCLOMATIC_COMPLEXITY,BRANCH_COUNT,HALSTEAD_LENGTH,CALL_PAIRS,HALSTEAD_LENGTH,NUM_OPERATORS,HALSTEAD_PROG_TIME,HALSTEAD_PROG_TIME,DESIGN_COMPLEXITY,CONDITION_COUNT,HALSTEAD_PROG_TIME,ESSENTIAL_COMPLEXITY,ESSENTIAL_COMPLEXITY,DECISION_COUNT,HALSTEAD_ERROR_EST,ESSENTIAL_DENSITY,LOC_BLANK,LOC_CODE_AND_COMMENT,HALSTEAD_PROG_TIME,HALSTEAD_PROG_TIME,ESSENTIAL_COMPLEXITY,DESIGN_DENSITY
