,att_original_names,shap_m1,shap_m2,shap_m3,shap_m4,eli5_m1,eli5_m2,eli5_m3,eli5_m4,dalex_m1,dalex_m2,dalex_m3,dalex_m4,ci_m1,ci_m2,ci_m3,ci_m4,skater_m1,skater_m2,skater_m3,skater_m4,lofo_m1,lofo_m2,lofo_m3,lofo_m4,exirt_m1,exirt_m2,exirt_m3,exirt_m4
0,state,total_day_minutes,number_customer_service_calls,number_customer_service_calls,number_customer_service_calls,… 1 more …,… 1 more …,… 1 more …,… 1 more …,total_day_minutes,number_customer_service_calls,number_customer_service_calls,number_customer_service_calls,total_day_minutes,total_day_charge,total_day_minutes,number_vmail_messages,total_day_minutes,total_day_charge,total_day_charge,total_day_minutes,number_customer_service_calls,number_customer_service_calls,number_customer_service_calls,number_customer_service_calls,total_day_minutes,number_vmail_messages,number_customer_service_calls,total_day_minutes
1,account_length,number_customer_service_calls,international_plan,international_plan,international_plan,total_day_minutes,number_customer_service_calls,number_customer_service_calls,number_customer_service_calls,number_customer_service_calls,international_plan,international_plan,international_plan,total_eve_minutes,total_day_minutes,total_day_charge,total_day_minutes,number_customer_service_calls,total_day_minutes,total_day_minutes,number_customer_service_calls,international_plan,international_plan,international_plan,international_plan,number_customer_service_calls,number_customer_service_calls,total_intl_calls,total_day_charge
2,area_code,international_plan,total_day_charge,total_day_charge,total_day_minutes,number_customer_service_calls,international_plan,international_plan,total_day_minutes,international_plan,total_intl_calls,total_intl_calls,total_day_minutes,number_customer_service_calls,number_customer_service_calls,total_eve_minutes,total_day_charge,international_plan,number_customer_service_calls,number_customer_service_calls,total_day_charge,total_intl_calls,total_intl_calls,total_intl_minutes,total_intl_calls,international_plan,total_day_charge,total_day_charge,number_customer_service_calls
3,phone_number,total_eve_minutes,total_day_minutes,total_day_minutes,total_day_charge,international_plan,total_day_charge,total_day_charge,international_plan,total_intl_calls,total_day_charge,total_day_minutes,total_intl_calls,state,total_eve_minutes,number_customer_service_calls,number_customer_service_calls,total_eve_minutes,international_plan,international_plan,international_plan,voice_mail_plan,total_intl_minutes,total_day_minutes,total_day_minutes,total_eve_minutes,total_day_minutes,total_day_minutes,total_intl_calls
4,international_plan,voice_mail_plan,number_vmail_messages,total_intl_calls,voice_mail_plan,total_eve_minutes,total_day_minutes,total_day_minutes,total_day_charge,total_intl_minutes,number_vmail_messages,total_day_charge,total_day_charge,total_intl_minutes,total_eve_charge,total_eve_charge,total_night_minutes,total_intl_calls,total_eve_minutes,total_eve_minutes,total_eve_minutes,total_eve_minutes,total_intl_charge,total_day_charge,total_night_charge,total_intl_calls,total_intl_calls,international_plan,international_plan
5,voice_mail_plan,total_intl_calls,total_intl_calls,total_eve_minutes,total_intl_calls,total_intl_calls,total_intl_calls,total_intl_calls,total_intl_calls,total_eve_minutes,total_day_minutes,total_intl_minutes,total_eve_minutes,total_intl_calls,total_intl_calls,total_night_minutes,total_eve_minutes,total_intl_minutes,total_intl_calls,total_eve_charge,total_intl_calls,total_eve_charge,total_night_minutes,total_intl_calls,total_eve_charge,total_intl_minutes,total_eve_minutes,voice_mail_plan,number_vmail_messages
6,number_vmail_messages,total_intl_minutes,total_eve_minutes,total_eve_charge,total_eve_minutes,voice_mail_plan,total_eve_minutes,total_eve_charge,total_eve_minutes,voice_mail_plan,total_eve_minutes,total_eve_minutes,voice_mail_plan,account_length,total_intl_charge,total_day_calls,phone_number,voice_mail_plan,number_vmail_messages,total_night_minutes,total_eve_charge,total_night_charge,total_eve_charge,total_eve_charge,total_eve_minutes,total_night_minutes,international_plan,total_eve_minutes,total_eve_minutes
7,total_day_minutes,total_night_minutes,total_eve_charge,voice_mail_plan,total_eve_charge,total_intl_minutes,number_vmail_messages,total_eve_minutes,total_intl_minutes,total_night_minutes,total_eve_charge,voice_mail_plan,total_intl_minutes,total_night_calls,total_night_calls,total_night_charge,total_eve_charge,total_night_minutes,total_eve_charge,total_intl_calls,voice_mail_plan,total_intl_minutes,state,area_code,voice_mail_plan,voice_mail_plan,total_eve_charge,total_eve_charge,total_eve_charge
8,total_day_calls,phone_number,phone_number,total_intl_minutes,total_night_minutes,total_night_minutes,total_eve_charge,voice_mail_plan,total_eve_charge,phone_number,total_intl_minutes,state,number_vmail_messages,phone_number,total_day_calls,total_intl_minutes,account_length,total_eve_charge,total_night_charge,total_night_charge,number_vmail_messages,total_intl_charge,total_night_charge,voice_mail_plan,total_intl_minutes,total_eve_charge,total_intl_charge,total_intl_minutes,total_intl_minutes
9,total_day_charge,state,total_night_charge,number_vmail_messages,phone_number,total_eve_charge,total_intl_minutes,total_intl_minutes,voice_mail_plan,total_night_calls,voice_mail_plan,total_eve_charge,total_eve_charge,total_eve_calls,phone_number,total_eve_calls,international_plan,total_night_calls,total_night_minutes,total_intl_minutes,total_intl_minutes,total_day_minutes,total_day_minutes,total_night_minutes,total_intl_charge,total_night_calls,total_intl_minutes,total_night_minutes,voice_mail_plan
10,total_eve_minutes,total_night_calls,account_length,total_intl_charge,total_intl_minutes,state,total_night_charge,number_vmail_messages,number_vmail_messages,number_vmail_messages,total_night_minutes,total_intl_charge,total_intl_charge,total_day_calls,number_vmail_messages,account_length,total_day_calls,phone_number,total_intl_minutes,total_intl_charge,total_night_minutes,state,total_day_charge,total_eve_minutes,total_day_charge,state,area_code,total_night_charge,total_intl_charge
11,total_eve_calls,total_eve_calls,total_night_minutes,total_night_minutes,total_intl_charge,phone_number,total_intl_charge,total_intl_charge,total_intl_charge,total_night_charge,total_day_calls,area_code,account_length,total_night_minutes,international_plan,number_vmail_messages,total_night_calls,state,total_intl_charge,voice_mail_plan,total_intl_charge,phone_number,number_vmail_messages,account_length,total_night_calls,account_length,total_night_charge,number_vmail_messages,total_night_minutes
12,total_eve_charge,account_length,total_intl_minutes,total_night_charge,number_vmail_messages,total_day_calls,total_night_minutes,total_night_minutes,total_night_minutes,total_eve_charge,total_intl_charge,number_vmail_messages,total_night_calls,total_eve_charge,account_length,phone_number,total_intl_calls,total_eve_calls,account_length,number_vmail_messages,phone_number,total_day_charge,total_day_calls,total_intl_charge,area_code,phone_number,total_night_minutes,total_intl_charge,total_night_calls
13,total_night_minutes,total_day_calls,total_intl_charge,phone_number,total_night_calls,area_code,state,total_night_charge,total_night_charge,total_intl_charge,total_night_charge,total_night_calls,total_night_charge,international_plan,state,international_plan,voice_mail_plan,account_length,phone_number,total_eve_calls,total_night_charge,account_length,total_eve_minutes,total_day_calls,total_night_minutes,total_eve_calls,state,total_day_calls,total_night_charge
14,total_night_calls,total_eve_charge,state,total_eve_calls,account_length,total_night_calls,total_night_calls,account_length,total_night_calls,total_day_charge,area_code,total_night_minutes,total_eve_calls,number_vmail_messages,total_intl_minutes,total_intl_charge,total_eve_calls,total_day_calls,total_night_calls,phone_number,total_night_calls,total_night_minutes,total_eve_calls,phone_number,number_vmail_messages,total_day_calls,voice_mail_plan,total_eve_calls,total_day_calls
15,total_night_charge,number_vmail_messages,total_night_calls,total_night_calls,total_night_charge,total_night_charge,voice_mail_plan,phone_number,total_eve_calls,area_code,total_night_calls,phone_number,total_night_minutes,total_night_charge,total_night_minutes,total_intl_calls,total_intl_charge,total_night_charge,state,account_length,account_length,area_code,account_length,number_vmail_messages,account_length,area_code,total_night_calls,phone_number,state
16,total_intl_minutes,total_night_charge,total_day_calls,account_length,state,account_length,area_code,total_night_calls,area_code,total_day_calls,total_eve_calls,account_length,area_code,area_code,total_eve_calls,total_night_calls,total_intl_minutes,number_vmail_messages,total_day_calls,total_night_calls,state,total_night_calls,area_code,total_eve_calls,total_day_calls,number_vmail_messages,total_day_calls,area_code,account_length
17,total_intl_calls,area_code,voice_mail_plan,total_day_calls,total_eve_calls,total_intl_charge,account_length,total_day_calls,account_length,account_length,state,total_night_charge,state,voice_mail_plan,total_night_charge,area_code,state,area_code,total_eve_calls,total_day_calls,total_eve_calls,number_vmail_messages,voice_mail_plan,total_night_calls,state,total_night_charge,total_eve_calls,account_length,total_eve_calls
18,total_intl_charge,total_intl_charge,total_eve_calls,state,total_day_calls,total_day_charge,total_day_calls,area_code,phone_number,state,phone_number,total_day_calls,total_day_calls,total_intl_charge,area_code,voice_mail_plan,total_night_charge,total_intl_charge,voice_mail_plan,state,total_day_calls,total_eve_calls,total_night_calls,total_night_charge,total_eve_calls,total_intl_charge,account_length,state,phone_number
19,number_customer_service_calls,total_day_charge,area_code,area_code,area_code,number_vmail_messages,phone_number,state,total_day_calls,total_eve_calls,account_length,total_eve_calls,phone_number,total_day_charge,voice_mail_plan,state,area_code,total_day_charge,area_code,area_code,area_code,total_day_calls,phone_number,state,phone_number,total_day_charge,phone_number,total_night_calls,area_code
