,att_original_names,shap_m1,shap_m2,shap_m3,shap_m4,eli5_m1,eli5_m2,eli5_m3,eli5_m4,dalex_m1,dalex_m2,dalex_m3,dalex_m4,ci_m1,ci_m2,ci_m3,ci_m4,skater_m1,skater_m2,skater_m3,skater_m4,lofo_m1,lofo_m2,lofo_m3,lofo_m4,exirt_m1,exirt_m2,exirt_m3,exirt_m4
0,age,chest,number_of_major_vessels,number_of_major_vessels,number_of_major_vessels,… 1 more …,… 1 more …,… 1 more …,… 1 more …,chest,thal,thal,number_of_major_vessels,number_of_major_vessels,number_of_major_vessels,number_of_major_vessels,maximum_heart_rate_achieved,chest,chest,chest,chest,thal,thal,thal,thal,chest,number_of_major_vessels,number_of_major_vessels,maximum_heart_rate_achieved
1,sex,number_of_major_vessels,chest,chest,chest,number_of_major_vessels,number_of_major_vessels,number_of_major_vessels,number_of_major_vessels,number_of_major_vessels,chest,chest,thal,oldpeak,serum_cholestoral,thal,number_of_major_vessels,serum_cholestoral,number_of_major_vessels,number_of_major_vessels,number_of_major_vessels,number_of_major_vessels,sex,sex,chest,oldpeak,chest,maximum_heart_rate_achieved,chest
2,chest,maximum_heart_rate_achieved,thal,thal,maximum_heart_rate_achieved,chest,thal,chest,slope,thal,number_of_major_vessels,oldpeak,chest,maximum_heart_rate_achieved,oldpeak,chest,oldpeak,number_of_major_vessels,thal,thal,oldpeak,chest,number_of_major_vessels,serum_cholestoral,number_of_major_vessels,number_of_major_vessels,thal,oldpeak,number_of_major_vessels
3,resting_blood_pressure,oldpeak,slope,exercise_induced_angina,serum_cholestoral,sex,slope,thal,chest,sex,sex,sex,sex,serum_cholestoral,thal,serum_cholestoral,serum_cholestoral,oldpeak,serum_cholestoral,oldpeak,serum_cholestoral,sex,oldpeak,fasting_blood_sugar,slope,serum_cholestoral,maximum_heart_rate_achieved,chest,oldpeak
4,serum_cholestoral,thal,maximum_heart_rate_achieved,oldpeak,thal,age,chest,sex,oldpeak,exercise_induced_angina,oldpeak,number_of_major_vessels,oldpeak,resting_blood_pressure,slope,oldpeak,age,age,slope,exercise_induced_angina,maximum_heart_rate_achieved,resting_blood_pressure,slope,oldpeak,sex,resting_blood_pressure,serum_cholestoral,serum_cholestoral,serum_cholestoral
5,fasting_blood_sugar,serum_cholestoral,oldpeak,maximum_heart_rate_achieved,oldpeak,slope,sex,fasting_blood_sugar,sex,slope,slope,resting_electrocardiographic_results,age,slope,resting_electrocardiographic_results,slope,slope,maximum_heart_rate_achieved,oldpeak,maximum_heart_rate_achieved,thal,serum_cholestoral,resting_blood_pressure,chest,resting_blood_pressure,age,oldpeak,age,thal
6,resting_electrocardiographic_results,sex,exercise_induced_angina,slope,sex,maximum_heart_rate_achieved,resting_blood_pressure,resting_blood_pressure,maximum_heart_rate_achieved,serum_cholestoral,resting_electrocardiographic_results,fasting_blood_sugar,serum_cholestoral,exercise_induced_angina,chest,maximum_heart_rate_achieved,chest,exercise_induced_angina,age,slope,age,resting_electrocardiographic_results,fasting_blood_sugar,resting_blood_pressure,fasting_blood_sugar,sex,sex,exercise_induced_angina,resting_blood_pressure
7,maximum_heart_rate_achieved,exercise_induced_angina,serum_cholestoral,serum_cholestoral,age,thal,serum_cholestoral,exercise_induced_angina,thal,age,serum_cholestoral,serum_cholestoral,exercise_induced_angina,chest,maximum_heart_rate_achieved,age,resting_blood_pressure,thal,exercise_induced_angina,serum_cholestoral,sex,maximum_heart_rate_achieved,chest,exercise_induced_angina,exercise_induced_angina,exercise_induced_angina,slope,thal,age
8,exercise_induced_angina,age,sex,age,exercise_induced_angina,oldpeak,fasting_blood_sugar,slope,serum_cholestoral,oldpeak,resting_blood_pressure,resting_blood_pressure,maximum_heart_rate_achieved,thal,exercise_induced_angina,resting_electrocardiographic_results,thal,sex,maximum_heart_rate_achieved,age,exercise_induced_angina,slope,serum_cholestoral,maximum_heart_rate_achieved,age,slope,resting_blood_pressure,resting_blood_pressure,sex
9,oldpeak,slope,age,sex,slope,fasting_blood_sugar,exercise_induced_angina,age,age,resting_electrocardiographic_results,fasting_blood_sugar,age,resting_electrocardiographic_results,resting_electrocardiographic_results,age,resting_blood_pressure,exercise_induced_angina,resting_blood_pressure,sex,resting_blood_pressure,resting_blood_pressure,fasting_blood_sugar,resting_electrocardiographic_results,age,resting_electrocardiographic_results,thal,resting_electrocardiographic_results,sex,exercise_induced_angina
10,slope,resting_blood_pressure,resting_electrocardiographic_results,resting_blood_pressure,resting_blood_pressure,exercise_induced_angina,resting_electrocardiographic_results,maximum_heart_rate_achieved,resting_electrocardiographic_results,fasting_blood_sugar,exercise_induced_angina,maximum_heart_rate_achieved,fasting_blood_sugar,age,resting_blood_pressure,exercise_induced_angina,fasting_blood_sugar,slope,resting_blood_pressure,sex,slope,exercise_induced_angina,maximum_heart_rate_achieved,resting_electrocardiographic_results,oldpeak,fasting_blood_sugar,exercise_induced_angina,fasting_blood_sugar,slope
11,number_of_major_vessels,resting_electrocardiographic_results,resting_blood_pressure,resting_electrocardiographic_results,resting_electrocardiographic_results,serum_cholestoral,maximum_heart_rate_achieved,oldpeak,fasting_blood_sugar,maximum_heart_rate_achieved,age,exercise_induced_angina,resting_blood_pressure,fasting_blood_sugar,sex,fasting_blood_sugar,sex,resting_electrocardiographic_results,resting_electrocardiographic_results,resting_electrocardiographic_results,resting_electrocardiographic_results,age,exercise_induced_angina,slope,maximum_heart_rate_achieved,resting_electrocardiographic_results,age,resting_electrocardiographic_results,fasting_blood_sugar
12,thal,fasting_blood_sugar,fasting_blood_sugar,fasting_blood_sugar,fasting_blood_sugar,resting_blood_pressure,age,resting_electrocardiographic_results,exercise_induced_angina,resting_blood_pressure,maximum_heart_rate_achieved,slope,slope,sex,fasting_blood_sugar,sex,resting_electrocardiographic_results,fasting_blood_sugar,fasting_blood_sugar,fasting_blood_sugar,fasting_blood_sugar,oldpeak,age,number_of_major_vessels,serum_cholestoral,maximum_heart_rate_achieved,fasting_blood_sugar,slope,resting_electrocardiographic_results
