,att_original_names,shap_m1,shap_m2,shap_m3,shap_m4,eli5_m1,eli5_m2,eli5_m3,eli5_m4,dalex_m1,dalex_m2,dalex_m3,dalex_m4,ci_m1,ci_m2,ci_m3,ci_m4,skater_m1,skater_m2,skater_m3,skater_m4,lofo_m1,lofo_m2,lofo_m3,lofo_m4,exirt_m1,exirt_m2,exirt_m3,exirt_m4
0,checking_status,checking_status,checking_status,checking_status,checking_status,… 1 more …,… 1 more …,… 1 more …,… 1 more …,checking_status,checking_status,checking_status,checking_status,credit_amount,duration,credit_amount,credit_amount,checking_status,checking_status,checking_status,checking_status,duration,checking_status,checking_status,housing,duration,other_payment_plans,duration,credit_amount
1,duration,duration,duration,duration,duration,checking_status,checking_status,checking_status,checking_status,duration,duration,credit_history,duration,checking_status,credit_amount,age,duration,duration,duration,duration,duration,checking_status,duration,other_parties,duration,checking_status,duration,checking_status,duration
2,credit_history,credit_amount,credit_history,credit_amount,credit_amount,duration,credit_amount,credit_history,duration,credit_amount,credit_amount,duration,credit_amount,duration,checking_status,purpose,credit_history,credit_amount,credit_amount,credit_amount,credit_amount,credit_amount,num_dependents,employment,existing_credits,credit_amount,checking_status,credit_amount,checking_status
3,purpose,age,age,age,credit_history,credit_amount,duration,duration,credit_amount,credit_history,credit_history,credit_amount,credit_history,other_payment_plans,other_payment_plans,other_payment_plans,age,age,age,age,credit_history,personal_status,age,credit_amount,savings_status,age,employment,age,savings_status
4,credit_amount,credit_history,credit_amount,credit_history,age,savings_status,age,credit_amount,savings_status,other_payment_plans,savings_status,property_magnitude,savings_status,age,credit_history,duration,purpose,savings_status,credit_history,credit_history,age,residence_since,personal_status,foreign_worker,credit_amount,savings_status,credit_amount,credit_history,credit_history
5,savings_status,savings_status,savings_status,employment,savings_status,credit_history,savings_status,savings_status,credit_history,savings_status,age,savings_status,purpose,purpose,property_magnitude,checking_status,checking_status,purpose,savings_status,employment,savings_status,other_payment_plans,savings_status,residence_since,credit_history,credit_history,credit_history,savings_status,age
6,employment,other_payment_plans,employment,other_payment_plans,employment,residence_since,installment_commitment,residence_since,personal_status,purpose,installment_commitment,job,employment,num_dependents,purpose,credit_history,other_payment_plans,employment,employment,savings_status,purpose,employment,property_magnitude,duration,checking_status,residence_since,savings_status,employment,purpose
7,installment_commitment,purpose,other_payment_plans,savings_status,other_payment_plans,installment_commitment,credit_history,employment,age,own_telephone,property_magnitude,installment_commitment,age,job,age,property_magnitude,num_dependents,credit_history,installment_commitment,property_magnitude,employment,own_telephone,other_parties,property_magnitude,installment_commitment,purpose,age,installment_commitment,employment
8,personal_status,employment,installment_commitment,installment_commitment,purpose,age,other_payment_plans,installment_commitment,employment,installment_commitment,own_telephone,own_telephone,own_telephone,credit_history,savings_status,savings_status,savings_status,residence_since,property_magnitude,installment_commitment,installment_commitment,foreign_worker,housing,savings_status,foreign_worker,property_magnitude,installment_commitment,property_magnitude,installment_commitment
9,other_parties,residence_since,residence_since,residence_since,installment_commitment,employment,residence_since,age,housing,property_magnitude,purpose,purpose,personal_status,savings_status,existing_credits,existing_credits,foreign_worker,installment_commitment,residence_since,purpose,own_telephone,savings_status,other_payment_plans,credit_history,residence_since,own_telephone,residence_since,purpose,own_telephone
10,residence_since,installment_commitment,property_magnitude,housing,own_telephone,personal_status,property_magnitude,property_magnitude,own_telephone,job,employment,employment,foreign_worker,personal_status,num_dependents,own_telephone,employment,property_magnitude,purpose,residence_since,residence_since,credit_history,job,num_dependents,own_telephone,foreign_worker,property_magnitude,residence_since,residence_since
11,property_magnitude,housing,purpose,property_magnitude,residence_since,property_magnitude,other_parties,num_dependents,purpose,residence_since,housing,age,other_payment_plans,employment,job,installment_commitment,residence_since,other_payment_plans,other_payment_plans,personal_status,other_payment_plans,other_parties,foreign_worker,own_telephone,job,installment_commitment,purpose,job,housing
12,age,job,housing,purpose,housing,purpose,job,foreign_worker,foreign_worker,housing,job,other_payment_plans,job,installment_commitment,own_telephone,housing,own_telephone,job,own_telephone,other_payment_plans,property_magnitude,installment_commitment,employment,purpose,personal_status,employment,own_telephone,housing,other_payment_plans
13,other_payment_plans,property_magnitude,own_telephone,personal_status,property_magnitude,housing,personal_status,own_telephone,residence_since,other_parties,foreign_worker,other_parties,housing,existing_credits,housing,num_dependents,other_parties,housing,housing,housing,personal_status,housing,credit_history,personal_status,age,num_dependents,job,personal_status,other_parties
14,housing,own_telephone,personal_status,job,num_dependents,other_payment_plans,existing_credits,other_payment_plans,job,age,other_payment_plans,foreign_worker,property_magnitude,foreign_worker,residence_since,employment,personal_status,own_telephone,personal_status,job,other_parties,num_dependents,purpose,other_payment_plans,property_magnitude,job,personal_status,other_payment_plans,personal_status
15,existing_credits,personal_status,job,own_telephone,other_parties,own_telephone,num_dependents,job,other_payment_plans,foreign_worker,residence_since,housing,num_dependents,residence_since,other_parties,residence_since,installment_commitment,personal_status,job,own_telephone,housing,existing_credits,own_telephone,housing,other_payment_plans,other_parties,existing_credits,other_parties,foreign_worker
16,job,other_parties,other_parties,num_dependents,personal_status,existing_credits,own_telephone,other_parties,other_parties,personal_status,other_parties,num_dependents,residence_since,other_parties,installment_commitment,foreign_worker,property_magnitude,other_parties,existing_credits,existing_credits,job,property_magnitude,residence_since,job,employment,personal_status,other_parties,existing_credits,property_magnitude
17,num_dependents,existing_credits,existing_credits,other_parties,foreign_worker,other_parties,employment,existing_credits,num_dependents,existing_credits,num_dependents,existing_credits,installment_commitment,housing,employment,personal_status,housing,existing_credits,other_parties,other_parties,num_dependents,purpose,existing_credits,existing_credits,purpose,housing,housing,own_telephone,num_dependents
18,own_telephone,num_dependents,num_dependents,existing_credits,job,job,purpose,purpose,property_magnitude,employment,personal_status,residence_since,existing_credits,property_magnitude,foreign_worker,other_parties,existing_credits,num_dependents,num_dependents,num_dependents,foreign_worker,age,credit_amount,age,other_parties,existing_credits,num_dependents,num_dependents,job
19,foreign_worker,foreign_worker,foreign_worker,foreign_worker,existing_credits,foreign_worker,foreign_worker,personal_status,existing_credits,num_dependents,existing_credits,personal_status,other_parties,own_telephone,personal_status,job,job,foreign_worker,foreign_worker,foreign_worker,existing_credits,job,installment_commitment,installment_commitment,num_dependents,other_payment_plans,foreign_worker,foreign_worker,existing_credits
