,att_original_names,shap_m1,shap_m2,shap_m3,shap_m4,eli5_m1,eli5_m2,eli5_m3,eli5_m4,dalex_m1,dalex_m2,dalex_m3,dalex_m4,ci_m1,ci_m2,ci_m3,ci_m4,skater_m1,skater_m2,skater_m3,skater_m4,lofo_m1,lofo_m2,lofo_m3,lofo_m4,exirt_m1,exirt_m2,exirt_m3,exirt_m4
0,bkblk,bxqsq,bxqsq,wknck,bxqsq,… 1 more …,… 1 more …,… 1 more …,… 1 more …,rimmx,rimmx,wknck,rimmx,bxqsq,bxqsq,wknck,bxqsq,wknck,wknck,wknck,wknck,wknck,wknck,rimmx,rimmx,bxqsq,wknck,wknck,wknck
1,bknwy,rimmx,rimmx,bxqsq,rimmx,wknck,wknck,wknck,wknck,bxqsq,bxqsq,rimmx,bxqsq,wknck,wknck,bxqsq,wknck,bxqsq,bxqsq,bxqsq,bxqsq,rimmx,rimmx,wknck,wknck,rimmx,bxqsq,rimmx,bxqsq
2,bkon8,wknck,wknck,rimmx,wknck,rimmx,bxqsq,rimmx,rimmx,wknck,wknck,bxqsq,wknck,wkna8,wkna8,wkna8,wkna8,rimmx,rimmx,rimmx,rimmx,bxqsq,bxqsq,bxqsq,bxqsq,wknck,rimmx,bxqsq,rimmx
3,bkona,bkxbq,bkxbq,bkxbq,wkpos,bxqsq,rimmx,bxqsq,bxqsq,bkxbq,wkpos,wkpos,bkxbq,mulch,mulch,skrxp,katri,wkpos,wkpos,wkpos,bkxbq,wkpos,wkpos,wkpos,bkxbq,wkna8,katri,bkxbq,katri
4,bkspr,wkpos,wkpos,wkpos,bkxbq,wkpos,wkpos,wkpos,bkxbq,wkpos,bkxbq,bkxbq,wkpos,bkon8,katri,mulch,spcop,bkxbq,bkxbq,bkxbq,wkpos,bkxbq,bkxbq,bkxbq,wkpos,wkpos,bkxbq,wkpos,bkxbq
5,bkxbq,wkna8,bkxcr,r2ar8,r2ar8,bkxbq,bkxbq,bkxbq,wkpos,katri,katri,katri,katri,skrxp,bkxbq,stlmt,mulch,katri,katri,bkxcr,katri,katri,katri,katri,katri,katri,wkpos,katri,wkpos
6,bkxcr,katri,r2ar8,bkxwp,katri,katri,katri,katri,wkna8,wkna8,bkxcr,rxmsq,wkna8,thrsk,rxmsq,katri,bkxbq,wkna8,bkxcr,katri,wkna8,bkblk,bkblk,wkovl,bkblk,rxmsq,bkxcr,bkxcr,wkna8
7,bkxwp,wkovl,katri,wkna8,wkna8,wkna8,bkblk,wkna8,katri,bkblk,bkblk,bkxcr,r2ar8,bkona,spcop,bkon8,hdchk,bkxcr,wkna8,wkovl,r2ar8,bkona,hdchk,hdchk,hdchk,bkxbq,wkna8,wkovl,bkblk
8,blxwp,bkblk,wkovl,bkxcr,bkblk,wkovl,bkxcr,bkblk,bkblk,rxmsq,wkovl,bkblk,bkblk,stlmt,hdchk,rxmsq,rxmsq,bkblk,wkovl,r2ar8,bkblk,rxmsq,mulch,cntxt,dsopp,bkblk,wkovl,wkna8,rxmsq
9,bxqsq,mulch,wkna8,katri,bkxcr,bkblk,wkovl,bkxcr,rxmsq,bkxcr,wkna8,thrsk,rxmsq,rxmsq,wkpos,hdchk,rimmx,mulch,bkblk,bkxwp,bkxcr,mulch,wkovl,bkspr,qxmsq,mulch,bkblk,mulch,qxmsq
10,cntxt,bkxcr,rxmsq,wkovl,rxmsq,bkxcr,wkna8,r2ar8,qxmsq,wkovl,rxmsq,mulch,bkxcr,wkpos,skrxp,dwipd,wkpos,wkovl,r2ar8,cntxt,rxmsq,wkovl,wkna8,bkblk,dwipd,wkovl,mulch,bkblk,spcop
11,dsopp,bkona,bkblk,mulch,wkovl,mulch,mulch,wkovl,hdchk,qxmsq,qxmsq,wkna8,qxmsq,katri,stlmt,thrsk,stlmt,qxmsq,mulch,wkna8,qxmsq,wkna8,stlmt,thrsk,wkna8,bkxcr,bkon8,r2ar8,r2ar8
12,dwipd,r2ar8,mulch,rxmsq,mulch,rxmsq,rxmsq,mulch,reskr,mulch,r2ar8,wkovl,wkcti,bknwy,rimmx,cntxt,cntxt,rxmsq,rxmsq,dwipd,skrxp,qxmsq,skrxp,stlmt,wtoeg,qxmsq,rxmsq,reskr,wkcti
13,hdchk,rxmsq,wkcti,bkblk,blxwp,qxmsq,qxmsq,rxmsq,mulch,bkona,hdchk,skrxp,skrxp,rimmx,bkblk,bkblk,bkblk,r2ar8,qxmsq,blxwp,mulch,bkon8,reskd,blxwp,wkcti,bkona,bkona,blxwp,dwipd
14,katri,blxwp,blxwp,skrxp,wkcti,blxwp,thrsk,reskr,simpl,r2ar8,mulch,qxmsq,mulch,dwipd,bkona,wkpos,r2ar8,bkona,cntxt,simpl,wkovl,bkxcr,dsopp,reskr,skrxp,blxwp,hdchk,cntxt,bknwy
15,mulch,skrxp,reskr,dwipd,skrxp,bkona,hdchk,thrsk,skrxp,bkon8,wkcti,bkona,hdchk,qxmsq,cntxt,spcop,wkcti,blxwp,bkona,bkspr,wkcti,blxwp,bkxwp,wkna8,skach,thrsk,spcop,simpl,bkon8
16,qxmsq,qxmsq,skrxp,wkcti,qxmsq,thrsk,bkona,dwipd,wtoeg,dsopp,cntxt,dsopp,reskr,dsopp,qxmsq,blxwp,bkona,thrsk,hdchk,bkblk,blxwp,rkxwp,spcop,mulch,bkspr,skrxp,qxmsq,dwipd,thrsk
17,r2ar8,bkon8,bkona,cntxt,bkona,reskr,simpl,qxmsq,thrsk,blxwp,bkona,skewr,wkovl,bkblk,bkon8,bkxbq,blxwp,simpl,wkcti,wkcti,reskr,dwipd,r2ar8,r2ar8,bkona,r2ar8,skrxp,qxmsq,stlmt
18,reskd,reskr,cntxt,blxwp,reskr,bkon8,bkon8,wtoeg,stlmt,thrsk,skrxp,dwipd,blxwp,bkspr,skach,simpl,wkovl,reskr,simpl,rkxwp,hdchk,bknwy,blxwp,bkxcr,blxwp,bkon8,skewr,skrxp,bkona
19,reskr,dwipd,qxmsq,rkxwp,cntxt,skrxp,r2ar8,wkcti,spcop,reskr,bkon8,wtoeg,bkona,wtoeg,bkxcr,r2ar8,skrxp,skrxp,reskr,mulch,bkona,reskr,bkona,dwipd,bkxcr,bknwy,skach,bkona,skrxp
20,rimmx,thrsk,dwipd,simpl,bknwy,r2ar8,cntxt,skrxp,skewr,wkcti,dwipd,r2ar8,simpl,wkovl,wkcti,bkxwp,bkon8,bkspr,thrsk,skewr,cntxt,bkspr,skewr,reskd,thrsk,reskr,stlmt,wkcti,skewr
21,rkxwp,skewr,simpl,skewr,hdchk,wtoeg,blxwp,blxwp,skach,skrxp,blxwp,hdchk,cntxt,wkcti,reskr,bknwy,bkxcr,wkcti,blxwp,wtoeg,simpl,cntxt,cntxt,bkxwp,stlmt,wtoeg,wtoeg,rxmsq,skach
22,rxmsq,bknwy,thrsk,bkspr,simpl,simpl,wkcti,simpl,rkxwp,dwipd,reskr,wkcti,bkon8,spcop,thrsk,wtoeg,reskr,bkon8,skrxp,skrxp,bkon8,skrxp,bkspr,spcop,spcop,stlmt,reskr,bkxwp,dsopp
23,simpl,simpl,bknwy,qxmsq,bkon8,bknwy,skrxp,dsopp,reskd,wtoeg,bknwy,bkon8,stlmt,skewr,dwipd,wkovl,wtoeg,bknwy,bknwy,rxmsq,skewr,wtoeg,simpl,skrxp,skewr,wkcti,reskd,hdchk,simpl
24,skach,bkspr,bkon8,bknwy,stlmt,stlmt,wtoeg,bkspr,dwipd,bkspr,bkspr,reskr,skewr,skach,bkspr,wkcti,thrsk,dsopp,dwipd,reskr,bknwy,wkcti,skach,bkona,simpl,bkspr,dwipd,bkon8,rkxwp
25,skewr,wtoeg,skewr,bkona,skewr,spcop,dwipd,cntxt,dsopp,bknwy,dsopp,blxwp,wtoeg,simpl,r2ar8,skewr,skewr,cntxt,bkon8,bkona,stlmt,skewr,rkxwp,rxmsq,rkxwp,bkxwp,dsopp,wtoeg,bkxcr
26,skrxp,wkcti,bkspr,reskr,spcop,skewr,bkspr,hdchk,bkxwp,rkxwp,skewr,cntxt,thrsk,rkxwp,simpl,skach,skach,dwipd,bkspr,bknwy,rkxwp,bkxwp,qxmsq,qxmsq,reskr,spcop,bkxwp,thrsk,reskd
27,spcop,dsopp,bkxwp,bkon8,bkspr,skach,stlmt,bkon8,bkxcr,skewr,rkxwp,bkxwp,spcop,reskr,wkovl,rkxwp,simpl,skewr,skewr,qxmsq,wtoeg,thrsk,bkxcr,dsopp,reskd,reskd,bkspr,spcop,bkxwp
28,stlmt,stlmt,stlmt,wtoeg,rkxwp,rkxwp,spcop,skewr,bkspr,stlmt,skach,simpl,skach,reskd,blxwp,rimmx,rkxwp,wtoeg,skach,dsopp,thrsk,stlmt,bkon8,bknwy,cntxt,skewr,bknwy,bkspr,blxwp
29,thrsk,cntxt,hdchk,stlmt,wtoeg,reskd,skewr,bkona,bknwy,spcop,bkxwp,skach,rkxwp,r2ar8,skewr,reskr,reskd,stlmt,wtoeg,thrsk,spcop,spcop,thrsk,rkxwp,bkxwp,skach,rkxwp,bknwy,mulch
30,wkcti,rkxwp,wtoeg,dsopp,thrsk,hdchk,skach,bkxwp,r2ar8,skach,stlmt,bkspr,reskd,hdchk,bkxwp,reskd,qxmsq,rkxwp,stlmt,bkon8,skach,skach,rxmsq,skach,bknwy,simpl,blxwp,dsopp,hdchk
31,wkna8,bkxwp,rkxwp,thrsk,skach,dwipd,rkxwp,bknwy,wkcti,reskd,wtoeg,stlmt,dwipd,cntxt,bknwy,qxmsq,dwipd,bkxwp,rkxwp,hdchk,reskd,reskd,dwipd,wtoeg,wkovl,dsopp,cntxt,skach,bkspr
32,wknck,spcop,dsopp,hdchk,reskd,bkxwp,reskd,rkxwp,cntxt,hdchk,spcop,spcop,dsopp,blxwp,reskd,dsopp,dsopp,spcop,bkxwp,stlmt,dwipd,r2ar8,bknwy,bkon8,r2ar8,rkxwp,r2ar8,skewr,wtoeg
33,wkovl,skach,skach,skach,dwipd,wkcti,dsopp,stlmt,blxwp,bkxwp,reskd,rkxwp,bkxwp,bkxwp,rkxwp,bkxcr,bkxwp,skach,dsopp,skach,dsopp,hdchk,wtoeg,wkcti,mulch,dwipd,thrsk,stlmt,cntxt
34,wkpos,reskd,spcop,spcop,dsopp,bkspr,bkxwp,spcop,bkona,cntxt,simpl,reskd,bkspr,bkxcr,wtoeg,bkspr,bkspr,reskd,reskd,reskd,bkxwp,dsopp,wkcti,skewr,rxmsq,hdchk,wkcti,reskd,reskr
35,wtoeg,hdchk,reskd,reskd,bkxwp,cntxt,bknwy,skach,bkon8,simpl,thrsk,bknwy,bknwy,bkxbq,dsopp,bkona,bknwy,hdchk,spcop,spcop,bkspr,simpl,reskr,simpl,bkon8,cntxt,simpl,rkxwp,wkovl
