,att_original_names,shap_m1,shap_m2,shap_m3,shap_m4,eli5_m1,eli5_m2,eli5_m3,eli5_m4,dalex_m1,dalex_m2,dalex_m3,dalex_m4,ci_m1,ci_m2,ci_m3,ci_m4,skater_m1,skater_m2,skater_m3,skater_m4,lofo_m1,lofo_m2,lofo_m3,lofo_m4,exirt_m1,exirt_m2,exirt_m3,exirt_m4
0,attr1,attr2,attr2,attr2,attr2,… 1 more …,… 1 more …,… 1 more …,… 1 more …,attr2,attr2,attr2,attr2,attr2,attr2,attr2,attr2,attr2,attr2,attr2,attr2,attr2,attr2,attr2,attr2,attr2,attr2,attr2,attr2
1,attr2,attr5,attr5,attr5,attr5,attr2,attr2,attr2,attr2,attr5,attr5,attr5,attr5,attr5,attr5,attr6,attr5,attr5,attr5,attr5,attr5,attr1,attr5,attr5,attr5,attr5,attr5,attr5,attr5
2,attr3,attr4,attr4,attr4,attr4,attr5,attr5,attr5,attr5,attr4,attr4,attr4,attr4,attr1,attr1,attr5,attr1,attr4,attr4,attr1,attr4,attr5,attr3,attr4,attr4,attr4,attr4,attr4,attr4
3,attr4,attr3,attr1,attr1,attr3,attr4,attr4,attr4,attr4,attr3,attr6,attr6,attr6,attr4,attr6,attr1,attr4,attr1,attr1,attr4,attr1,attr6,attr4,attr6,attr3,attr1,attr1,attr1,attr1
4,attr5,attr1,attr3,attr3,attr1,attr6,attr3,attr6,attr3,attr6,attr3,attr3,attr3,attr6,attr4,attr4,attr3,attr6,attr6,attr6,attr3,attr3,attr1,attr3,attr1,attr3,attr3,attr6,attr3
5,attr6,attr6,attr6,attr6,attr6,attr3,attr6,attr3,attr6,attr1,attr1,attr1,attr1,attr3,attr3,attr3,attr6,attr3,attr3,attr3,attr6,attr4,attr6,attr1,attr6,attr6,attr6,attr3,attr6
