,att_original_names,shap_m1,shap_m2,shap_m3,shap_m4,eli5_m1,eli5_m2,eli5_m3,eli5_m4,dalex_m1,dalex_m2,dalex_m3,dalex_m4,ci_m1,ci_m2,ci_m3,ci_m4,skater_m1,skater_m2,skater_m3,skater_m4,lofo_m1,lofo_m2,lofo_m3,lofo_m4,exirt_m1,exirt_m2,exirt_m3,exirt_m4
0,F1,F13,F22,F22,F13,… 1 more …,… 1 more …,… 1 more …,… 1 more …,F13,F22,F22,F13,F16,F22,F22,F22,F13,F22,F22,F13,F22,F19,F20,F17,F13,F11,F13,F10
1,F2,F22,F13,F13,F22,F13,F13,F13,F13,F22,F13,F21,F16,F1,F19,F16,F19,F22,F13,F13,F22,F20,F4,F17,F8,F3,F17,F22,F13
2,F3,F3,F16,F16,F20,F16,F8,F8,F8,F16,F16,F13,F22,F2,F13,F6,F11,F3,F16,F4,F3,F8,F18,F16,F10,F22,F22,F4,F2
3,F4,F16,F8,F8,F16,F11,F16,F16,F16,F8,F8,F16,F17,F5,F11,F13,F4,F16,F8,F8,F19,F13,F17,F21,F7,F4,F13,F1,F3
4,F5,F20,F21,F20,F18,F20,F20,F21,F17,F20,F21,F17,F8,F3,F21,F21,F5,F8,F4,F1,F8,F1,F13,F7,F6,F8,F8,F10,F4
5,F6,F8,F20,F1,F17,F1,F17,F22,F20,F4,F11,F18,F18,F7,F16,F8,F9,F4,F3,F3,F16,F9,F15,F3,F5,F19,F4,F8,F1
6,F7,F11,F5,F21,F3,F22,F21,F17,F5,F11,F17,F8,F21,F10,F9,F17,F10,F20,F1,F20,F5,F7,F12,F14,F21,F1,F10,F2,F18
7,F8,F4,F1,F10,F8,F19,F7,F4,F22,F21,F4,F7,F11,F21,F8,F5,F18,F11,F20,F21,F10,F6,F11,F12,F2,F11,F15,F9,F19
8,F9,F5,F4,F3,F21,F4,F22,F7,F21,F7,F10,F11,F20,F19,F5,F7,F17,F1,F21,F10,F20,F5,F8,F11,F18,F16,F12,F19,F15
9,F10,F1,F11,F4,F19,F7,F4,F20,F11,F5,F20,F4,F5,F12,F6,F18,F13,F5,F11,F16,F17,F4,F7,F22,F15,F7,F18,F15,F21
10,F11,F7,F10,F11,F11,F2,F11,F1,F4,F1,F7,F6,F4,F9,F15,F10,F16,F7,F5,F7,F11,F3,F5,F19,F14,F20,F21,F21,F8
11,F12,F9,F3,F5,F5,F10,F19,F14,F7,F9,F2,F15,F10,F8,F7,F11,F21,F21,F10,F5,F4,F21,F21,F5,F11,F21,F7,F20,F22
12,F13,F21,F17,F7,F4,F8,F18,F9,F19,F6,F18,F12,F9,F6,F20,F1,F8,F9,F17,F11,F21,F2,F2,F4,F1,F5,F6,F18,F7
13,F14,F10,F19,F17,F1,F9,F6,F2,F12,F10,F9,F14,F19,F4,F17,F15,F12,F10,F9,F9,F1,F19,F16,F2,F13,F2,F2,F7,F12
14,F15,F14,F7,F18,F10,F14,F12,F19,F10,F14,F14,F20,F1,F22,F10,F12,F7,F19,F7,F17,F7,F18,F14,F15,F9,F10,F9,F3,F6
15,F16,F19,F14,F9,F7,F5,F1,F15,F2,F12,F15,F3,F3,F20,F2,F19,F3,F14,F19,F14,F6,F17,F1,F10,F4,F9,F14,F5,F14
16,F17,F2,F18,F14,F12,F6,F5,F18,F18,F18,F12,F2,F12,F18,F18,F14,F14,F2,F6,F6,F18,F16,F6,F8,F3,F14,F5,F12,F9
17,F18,F6,F9,F6,F9,F18,F2,F3,F14,F17,F6,F19,F6,F17,F4,F3,F20,F12,F14,F12,F12,F15,F3,F13,F16,F6,F1,F6,F5
18,F19,F12,F2,F2,F14,F17,F10,F6,F9,F15,F1,F9,F7,F15,F3,F4,F1,F6,F12,F15,F9,F14,F20,F1,F12,F12,F19,F14,F17
19,F20,F18,F6,F19,F6,F15,F9,F11,F6,F2,F3,F1,F2,F14,F1,F20,F15,F18,F18,F19,F14,F12,F9,F9,F19,F15,F3,F17,F11
20,F21,F17,F12,F12,F15,F12,F15,F12,F15,F19,F5,F10,F15,F13,F12,F2,F6,F17,F2,F18,F15,F11,F22,F6,F20,F17,F16,F11,F16
21,F22,F15,F15,F15,F2,F3,F14,F10,F1,F3,F19,F5,F14,F11,F14,F9,F2,F15,F15,F2,F2,F10,F10,F18,F22,F18,F20,F16,F20
