,Final Score
URL_of_Anchor,344.4476564480539
SSLfinal_State,369.9300431999422
web_traffic,468.9040851634624
Links_in_tags,476.4428078441087
DNSRecord,481.45166968706695
double_slash_redirecting,483.0123197277204
Links_pointing_to_page,483.71659425557
having_IP_Address,483.83869235616567
having_Sub_Domain,488.6564916172689
SFH,491.3286648251774
Prefix_Suffix,491.39316678291857
age_of_domain,491.93656743099496
Submitting_to_email,493.6237956726501
Request_URL,493.85679105843786
URL_Length,494.208566604936
HTTPS_token,494.66025138414324
Google_Index,494.90634208059873
Page_Rank,495.28334503288767
Abnormal_URL,496.6111829485318
popUpWidnow,497.49994644864717
having_At_Symbol,497.7888994241367
Redirect,497.96670721413307
on_mouseover,498.06551884931633
Shortining_Service,498.06551884931633
RightClick,498.0706591904472
Iframe,498.0706591904472
port,498.0706591904472
Favicon,498.0706591904472
Domain_registeration_length,498.1326416805767
Statistical_report,498.2237739959972
