,att_original_names,shap_m1,shap_m2,shap_m3,shap_m4,eli5_m1,eli5_m2,eli5_m3,eli5_m4,dalex_m1,dalex_m2,dalex_m3,dalex_m4,ci_m1,ci_m2,ci_m3,ci_m4,skater_m1,skater_m2,skater_m3,skater_m4,lofo_m1,lofo_m2,lofo_m3,lofo_m4,exirt_m1,exirt_m2,exirt_m3,exirt_m4
0,LOC_BLANK,HALSTEAD_EFFORT,GLOBAL_DATA_DENSITY,HALSTEAD_CONTENT,HALSTEAD_DIFFICULTY,… 1 more …,… 1 more …,… 1 more …,… 1 more …,HALSTEAD_CONTENT,LOC_CODE_AND_COMMENT,HALSTEAD_LENGTH,HALSTEAD_CONTENT,HALSTEAD_EFFORT,LOC_CODE_AND_COMMENT,MAINTENANCE_SEVERITY,HALSTEAD_CONTENT,LOC_CODE_AND_COMMENT,LOC_CODE_AND_COMMENT,HALSTEAD_CONTENT,HALSTEAD_DIFFICULTY,BRANCH_COUNT,PERCENT_COMMENTS,CALL_PAIRS,NUM_UNIQUE_OPERATORS,LOC_CODE_AND_COMMENT,LOC_CODE_AND_COMMENT,DESIGN_DENSITY,HALSTEAD_DIFFICULTY
1,BRANCH_COUNT,GLOBAL_DATA_DENSITY,LOC_CODE_AND_COMMENT,LOC_CODE_AND_COMMENT,HALSTEAD_CONTENT,LOC_CODE_AND_COMMENT,LOC_CODE_AND_COMMENT,NUM_UNIQUE_OPERATORS,LOC_CODE_AND_COMMENT,HALSTEAD_EFFORT,MAINTENANCE_SEVERITY,NUM_OPERANDS,NUM_OPERANDS,BRANCH_COUNT,BRANCH_COUNT,NUM_OPERANDS,LOC_CODE_AND_COMMENT,HALSTEAD_CONTENT,HALSTEAD_DIFFICULTY,HALSTEAD_VOLUME,HALSTEAD_CONTENT,NUM_UNIQUE_OPERATORS,PARAMETER_COUNT,HALSTEAD_EFFORT,BRANCH_COUNT,BRANCH_COUNT,LOC_TOTAL,LOC_CODE_AND_COMMENT,CYCLOMATIC_DENSITY
2,CALL_PAIRS,LOC_BLANK,NORMALIZED_CYLOMATIC_COMPLEXITY,HALSTEAD_VOLUME,NUM_OPERANDS,GLOBAL_DATA_DENSITY,PERCENT_COMMENTS,NUM_OPERATORS,HALSTEAD_DIFFICULTY,NUMBER_OF_LINES,PERCENT_COMMENTS,HALSTEAD_VOLUME,HALSTEAD_DIFFICULTY,ESSENTIAL_COMPLEXITY,MAINTENANCE_SEVERITY,LOC_TOTAL,LOC_BLANK,LOC_BLANK,GLOBAL_DATA_DENSITY,HALSTEAD_EFFORT,LOC_CODE_AND_COMMENT,NODE_COUNT,NUM_UNIQUE_OPERATORS,PARAMETER_COUNT,HALSTEAD_PROG_TIME,GLOBAL_DATA_DENSITY,BRANCH_COUNT,NUM_OPERATORS,LOC_CODE_AND_COMMENT
3,LOC_CODE_AND_COMMENT,HALSTEAD_CONTENT,CYCLOMATIC_DENSITY,HALSTEAD_LENGTH,GLOBAL_DATA_DENSITY,LOC_BLANK,PARAMETER_COUNT,NUM_OPERANDS,LOC_BLANK,CALL_PAIRS,HALSTEAD_EFFORT,HALSTEAD_CONTENT,GLOBAL_DATA_DENSITY,LOC_CODE_AND_COMMENT,ESSENTIAL_COMPLEXITY,NUM_UNIQUE_OPERANDS,BRANCH_COUNT,HALSTEAD_DIFFICULTY,HALSTEAD_CONTENT,NUM_OPERANDS,HALSTEAD_PROG_TIME,GLOBAL_DATA_COMPLEXITY,NUM_UNIQUE_OPERANDS,NUM_UNIQUE_OPERATORS,GLOBAL_DATA_DENSITY,ESSENTIAL_COMPLEXITY,EDGE_COUNT,NUM_OPERANDS,BRANCH_COUNT
4,LOC_COMMENTS,NUMBER_OF_LINES,HALSTEAD_EFFORT,LOC_BLANK,LOC_BLANK,NORMALIZED_CYLOMATIC_COMPLEXITY,NUM_UNIQUE_OPERATORS,MULTIPLE_CONDITION_COUNT,LOC_COMMENTS,GLOBAL_DATA_DENSITY,HALSTEAD_DIFFICULTY,HALSTEAD_ERROR_EST,HALSTEAD_LENGTH,NORMALIZED_CYLOMATIC_COMPLEXITY,CYCLOMATIC_DENSITY,LOC_CODE_AND_COMMENT,NUM_OPERANDS,HALSTEAD_EFFORT,CYCLOMATIC_DENSITY,HALSTEAD_LENGTH,HALSTEAD_EFFORT,ESSENTIAL_DENSITY,NUM_OPERATORS,NUM_UNIQUE_OPERANDS,NORMALIZED_CYLOMATIC_COMPLEXITY,HALSTEAD_EFFORT,DESIGN_COMPLEXITY,LOC_EXECUTABLE,HALSTEAD_CONTENT
5,CONDITION_COUNT,EDGE_COUNT,HALSTEAD_CONTENT,NORMALIZED_CYLOMATIC_COMPLEXITY,HALSTEAD_LENGTH,LOC_COMMENTS,NUM_UNIQUE_OPERANDS,LOC_EXECUTABLE,NUM_OPERATORS,HALSTEAD_LENGTH,HALSTEAD_PROG_TIME,NUM_UNIQUE_OPERANDS,LOC_CODE_AND_COMMENT,CYCLOMATIC_COMPLEXITY,LOC_TOTAL,LOC_BLANK,HALSTEAD_EFFORT,BRANCH_COUNT,HALSTEAD_EFFORT,HALSTEAD_PROG_TIME,NUM_OPERANDS,DESIGN_COMPLEXITY,NUM_OPERANDS,HALSTEAD_LEVEL,MODIFIED_CONDITION_COUNT,MAINTENANCE_SEVERITY,CYCLOMATIC_COMPLEXITY,LOC_TOTAL,LOC_COMMENTS
6,CYCLOMATIC_COMPLEXITY,HALSTEAD_DIFFICULTY,HALSTEAD_PROG_TIME,NUM_OPERANDS,LOC_CODE_AND_COMMENT,DECISION_COUNT,NUM_OPERATORS,LOC_CODE_AND_COMMENT,HALSTEAD_PROG_TIME,PERCENT_COMMENTS,HALSTEAD_LENGTH,PERCENT_COMMENTS,LOC_BLANK,NUMBER_OF_LINES,LOC_EXECUTABLE,HALSTEAD_PROG_TIME,HALSTEAD_DIFFICULTY,NUMBER_OF_LINES,LOC_BLANK,NUM_UNIQUE_OPERANDS,LOC_BLANK,LOC_COMMENTS,NUMBER_OF_LINES,DESIGN_COMPLEXITY,MAINTENANCE_SEVERITY,CYCLOMATIC_COMPLEXITY,LOC_BLANK,PARAMETER_COUNT,DESIGN_DENSITY
7,CYCLOMATIC_DENSITY,LOC_CODE_AND_COMMENT,LOC_BLANK,HALSTEAD_ERROR_EST,NUM_UNIQUE_OPERATORS,NUM_OPERANDS,NUM_OPERANDS,HALSTEAD_VOLUME,HALSTEAD_EFFORT,MAINTENANCE_SEVERITY,HALSTEAD_CONTENT,LOC_TOTAL,NUM_UNIQUE_OPERATORS,NUM_OPERANDS,NUM_UNIQUE_OPERANDS,CYCLOMATIC_COMPLEXITY,DESIGN_DENSITY,GLOBAL_DATA_DENSITY,HALSTEAD_LEVEL,NODE_COUNT,NUM_UNIQUE_OPERATORS,HALSTEAD_CONTENT,NORMALIZED_CYLOMATIC_COMPLEXITY,NUM_OPERATORS,LOC_CODE_AND_COMMENT,HALSTEAD_CONTENT,CYCLOMATIC_DENSITY,HALSTEAD_LENGTH,NUM_UNIQUE_OPERATORS
8,DECISION_COUNT,PARAMETER_COUNT,HALSTEAD_LENGTH,NUM_UNIQUE_OPERANDS,NUMBER_OF_LINES,MAINTENANCE_SEVERITY,NUMBER_OF_LINES,HALSTEAD_LEVEL,CYCLOMATIC_DENSITY,DESIGN_COMPLEXITY,EDGE_COUNT,LOC_CODE_AND_COMMENT,HALSTEAD_EFFORT,LOC_BLANK,LOC_COMMENTS,BRANCH_COUNT,CYCLOMATIC_DENSITY,NUM_OPERANDS,NORMALIZED_CYLOMATIC_COMPLEXITY,NUM_OPERATORS,DESIGN_DENSITY,CALL_PAIRS,NODE_COUNT,NODE_COUNT,CALL_PAIRS,LOC_BLANK,MULTIPLE_CONDITION_COUNT,EDGE_COUNT,MAINTENANCE_SEVERITY
9,DECISION_DENSITY,NORMALIZED_CYLOMATIC_COMPLEXITY,MAINTENANCE_SEVERITY,CALL_PAIRS,HALSTEAD_PROG_TIME,HALSTEAD_DIFFICULTY,NORMALIZED_CYLOMATIC_COMPLEXITY,HALSTEAD_LENGTH,MAINTENANCE_SEVERITY,HALSTEAD_DIFFICULTY,DESIGN_COMPLEXITY,BRANCH_COUNT,MAINTENANCE_SEVERITY,CONDITION_COUNT,CYCLOMATIC_COMPLEXITY,ESSENTIAL_DENSITY,PERCENT_COMMENTS,LOC_COMMENTS,NUM_UNIQUE_OPERANDS,EDGE_COUNT,NUM_OPERATORS,NUM_UNIQUE_OPERANDS,MULTIPLE_CONDITION_COUNT,MAINTENANCE_SEVERITY,LOC_BLANK,NUMBER_OF_LINES,HALSTEAD_LEVEL,HALSTEAD_PROG_TIME,HALSTEAD_EFFORT
10,DESIGN_COMPLEXITY,NUM_OPERANDS,NUM_UNIQUE_OPERANDS,EDGE_COUNT,NUM_UNIQUE_OPERANDS,PERCENT_COMMENTS,NODE_COUNT,EDGE_COUNT,PERCENT_COMMENTS,LOC_CODE_AND_COMMENT,NODE_COUNT,DESIGN_COMPLEXITY,CYCLOMATIC_DENSITY,DECISION_COUNT,PERCENT_COMMENTS,PERCENT_COMMENTS,GLOBAL_DATA_DENSITY,CYCLOMATIC_COMPLEXITY,HALSTEAD_PROG_TIME,HALSTEAD_ERROR_EST,BRANCH_COUNT,NUM_OPERATORS,MODIFIED_CONDITION_COUNT,LOC_TOTAL,NUM_UNIQUE_OPERANDS,DECISION_COUNT,HALSTEAD_DIFFICULTY,PERCENT_COMMENTS,LOC_BLANK
11,DESIGN_DENSITY,NUM_UNIQUE_OPERANDS,PERCENT_COMMENTS,CYCLOMATIC_DENSITY,BRANCH_COUNT,PARAMETER_COUNT,MODIFIED_CONDITION_COUNT,DECISION_DENSITY,PARAMETER_COUNT,NUM_UNIQUE_OPERANDS,GLOBAL_DATA_DENSITY,MAINTENANCE_SEVERITY,NUM_UNIQUE_OPERANDS,GLOBAL_DATA_DENSITY,NORMALIZED_CYLOMATIC_COMPLEXITY,LOC_EXECUTABLE,MAINTENANCE_SEVERITY,NORMALIZED_CYLOMATIC_COMPLEXITY,MAINTENANCE_SEVERITY,LOC_TOTAL,GLOBAL_DATA_DENSITY,NUM_OPERANDS,MAINTENANCE_SEVERITY,LOC_EXECUTABLE,NUM_OPERANDS,NUM_OPERANDS,CALL_PAIRS,NORMALIZED_CYLOMATIC_COMPLEXITY,NUM_OPERATORS
12,EDGE_COUNT,CALL_PAIRS,CALL_PAIRS,NUM_OPERATORS,HALSTEAD_EFFORT,NUM_UNIQUE_OPERATORS,LOC_EXECUTABLE,PERCENT_COMMENTS,NUM_UNIQUE_OPERANDS,NUM_UNIQUE_OPERATORS,LOC_EXECUTABLE,HALSTEAD_PROG_TIME,HALSTEAD_VOLUME,NUM_UNIQUE_OPERATORS,ESSENTIAL_DENSITY,HALSTEAD_VOLUME,CALL_PAIRS,EDGE_COUNT,NUM_OPERANDS,HALSTEAD_DIFFICULTY,CALL_PAIRS,NUMBER_OF_LINES,LOC_TOTAL,LOC_CODE_AND_COMMENT,NUMBER_OF_LINES,LOC_COMMENTS,HALSTEAD_CONTENT,NUM_UNIQUE_OPERATORS,PERCENT_COMMENTS
13,ESSENTIAL_COMPLEXITY,CONDITION_COUNT,HALSTEAD_DIFFICULTY,HALSTEAD_DIFFICULTY,DESIGN_DENSITY,NUM_UNIQUE_OPERANDS,LOC_COMMENTS,PARAMETER_COUNT,NUM_OPERANDS,CYCLOMATIC_COMPLEXITY,NUM_UNIQUE_OPERATORS,CYCLOMATIC_DENSITY,HALSTEAD_PROG_TIME,HALSTEAD_DIFFICULTY,HALSTEAD_PROG_TIME,CALL_PAIRS,LOC_COMMENTS,ESSENTIAL_COMPLEXITY,CALL_PAIRS,LOC_CODE_AND_COMMENT,HALSTEAD_LENGTH,NORMALIZED_CYLOMATIC_COMPLEXITY,LOC_EXECUTABLE,HALSTEAD_DIFFICULTY,NODE_COUNT,PERCENT_COMMENTS,ESSENTIAL_COMPLEXITY,MAINTENANCE_SEVERITY,HALSTEAD_PROG_TIME
14,ESSENTIAL_DENSITY,CYCLOMATIC_DENSITY,NUM_OPERANDS,LOC_EXECUTABLE,CALL_PAIRS,NUM_OPERATORS,HALSTEAD_VOLUME,LOC_TOTAL,NUMBER_OF_LINES,HALSTEAD_ERROR_EST,NUM_OPERATORS,GLOBAL_DATA_COMPLEXITY,DESIGN_DENSITY,HALSTEAD_CONTENT,NUMBER_OF_LINES,NORMALIZED_CYLOMATIC_COMPLEXITY,NUM_UNIQUE_OPERATORS,PERCENT_COMMENTS,BRANCH_COUNT,NUMBER_OF_LINES,CYCLOMATIC_DENSITY,MULTIPLE_CONDITION_COUNT,LOC_COMMENTS,ESSENTIAL_DENSITY,MULTIPLE_CONDITION_COUNT,HALSTEAD_DIFFICULTY,ESSENTIAL_DENSITY,MULTIPLE_CONDITION_COUNT,DECISION_DENSITY
15,LOC_EXECUTABLE,HALSTEAD_LEVEL,LOC_EXECUTABLE,NODE_COUNT,NUM_OPERATORS,NUMBER_OF_LINES,HALSTEAD_PROG_TIME,HALSTEAD_PROG_TIME,NORMALIZED_CYLOMATIC_COMPLEXITY,LOC_EXECUTABLE,BRANCH_COUNT,CYCLOMATIC_COMPLEXITY,NUMBER_OF_LINES,CYCLOMATIC_DENSITY,CONDITION_COUNT,HALSTEAD_EFFORT,LOC_TOTAL,CONDITION_COUNT,NUMBER_OF_LINES,LOC_BLANK,LOC_COMMENTS,MODIFIED_CONDITION_COUNT,LOC_CODE_AND_COMMENT,DECISION_COUNT,LOC_EXECUTABLE,NORMALIZED_CYLOMATIC_COMPLEXITY,MAINTENANCE_SEVERITY,HALSTEAD_EFFORT,ESSENTIAL_COMPLEXITY
16,PARAMETER_COUNT,NUM_OPERATORS,NUM_UNIQUE_OPERATORS,LOC_TOTAL,PERCENT_COMMENTS,NODE_COUNT,HALSTEAD_LEVEL,NORMALIZED_CYLOMATIC_COMPLEXITY,NODE_COUNT,NUM_OPERANDS,HALSTEAD_ERROR_EST,HALSTEAD_EFFORT,ESSENTIAL_DENSITY,LOC_COMMENTS,HALSTEAD_DIFFICULTY,DESIGN_DENSITY,NUM_UNIQUE_OPERANDS,CALL_PAIRS,HALSTEAD_LENGTH,LOC_EXECUTABLE,PERCENT_COMMENTS,MAINTENANCE_SEVERITY,LOC_BLANK,CYCLOMATIC_DENSITY,LOC_COMMENTS,PARAMETER_COUNT,HALSTEAD_EFFORT,DECISION_DENSITY,NUMBER_OF_LINES
17,GLOBAL_DATA_COMPLEXITY,NUM_UNIQUE_OPERATORS,HALSTEAD_VOLUME,NUMBER_OF_LINES,LOC_COMMENTS,MULTIPLE_CONDITION_COUNT,HALSTEAD_LENGTH,GLOBAL_DATA_DENSITY,MULTIPLE_CONDITION_COUNT,NUM_OPERATORS,CYCLOMATIC_COMPLEXITY,LOC_EXECUTABLE,BRANCH_COUNT,MODIFIED_CONDITION_COUNT,HALSTEAD_CONTENT,LOC_COMMENTS,NUM_OPERATORS,NUM_UNIQUE_OPERANDS,NODE_COUNT,HALSTEAD_LEVEL,NUM_UNIQUE_OPERANDS,LOC_TOTAL,HALSTEAD_VOLUME,CYCLOMATIC_COMPLEXITY,HALSTEAD_ERROR_EST,DECISION_DENSITY,LOC_COMMENTS,HALSTEAD_VOLUME,CALL_PAIRS
18,GLOBAL_DATA_DENSITY,BRANCH_COUNT,HALSTEAD_ERROR_EST,GLOBAL_DATA_COMPLEXITY,NORMALIZED_CYLOMATIC_COMPLEXITY,MODIFIED_CONDITION_COUNT,HALSTEAD_ERROR_EST,HALSTEAD_EFFORT,MODIFIED_CONDITION_COUNT,GLOBAL_DATA_COMPLEXITY,PARAMETER_COUNT,NUM_OPERATORS,HALSTEAD_LEVEL,DECISION_DENSITY,HALSTEAD_ERROR_EST,HALSTEAD_LENGTH,NUMBER_OF_LINES,NUM_UNIQUE_OPERATORS,LOC_EXECUTABLE,BRANCH_COUNT,NUMBER_OF_LINES,LOC_EXECUTABLE,HALSTEAD_PROG_TIME,NUM_OPERANDS,HALSTEAD_DIFFICULTY,MODIFIED_CONDITION_COUNT,PERCENT_COMMENTS,HALSTEAD_LEVEL,NUM_UNIQUE_OPERANDS
19,HALSTEAD_CONTENT,PERCENT_COMMENTS,NUM_OPERATORS,HALSTEAD_PROG_TIME,HALSTEAD_VOLUME,LOC_TOTAL,GLOBAL_DATA_DENSITY,CYCLOMATIC_DENSITY,LOC_TOTAL,MULTIPLE_CONDITION_COUNT,LOC_COMMENTS,NORMALIZED_CYLOMATIC_COMPLEXITY,PERCENT_COMMENTS,DESIGN_DENSITY,NUM_OPERANDS,NUMBER_OF_LINES,DECISION_DENSITY,PARAMETER_COUNT,EDGE_COUNT,CALL_PAIRS,NORMALIZED_CYLOMATIC_COMPLEXITY,LOC_CODE_AND_COMMENT,HALSTEAD_LEVEL,NORMALIZED_CYLOMATIC_COMPLEXITY,HALSTEAD_CONTENT,NODE_COUNT,HALSTEAD_PROG_TIME,LOC_BLANK,NUM_OPERANDS
20,HALSTEAD_DIFFICULTY,NODE_COUNT,LOC_TOTAL,HALSTEAD_EFFORT,MAINTENANCE_SEVERITY,LOC_EXECUTABLE,GLOBAL_DATA_COMPLEXITY,LOC_COMMENTS,LOC_EXECUTABLE,HALSTEAD_PROG_TIME,HALSTEAD_VOLUME,NUM_UNIQUE_OPERATORS,CALL_PAIRS,LOC_TOTAL,EDGE_COUNT,NODE_COUNT,ESSENTIAL_COMPLEXITY,DECISION_COUNT,LOC_TOTAL,CYCLOMATIC_DENSITY,MAINTENANCE_SEVERITY,HALSTEAD_VOLUME,HALSTEAD_LENGTH,MODIFIED_CONDITION_COUNT,GLOBAL_DATA_COMPLEXITY,CALL_PAIRS,HALSTEAD_ERROR_EST,CYCLOMATIC_DENSITY,NORMALIZED_CYLOMATIC_COMPLEXITY
21,HALSTEAD_EFFORT,HALSTEAD_LENGTH,CYCLOMATIC_COMPLEXITY,PERCENT_COMMENTS,CYCLOMATIC_DENSITY,HALSTEAD_VOLUME,ESSENTIAL_COMPLEXITY,GLOBAL_DATA_COMPLEXITY,HALSTEAD_VOLUME,CYCLOMATIC_DENSITY,MULTIPLE_CONDITION_COUNT,DECISION_COUNT,LOC_TOTAL,EDGE_COUNT,PARAMETER_COUNT,HALSTEAD_ERROR_EST,LOC_EXECUTABLE,HALSTEAD_LENGTH,NUM_UNIQUE_OPERATORS,NORMALIZED_CYLOMATIC_COMPLEXITY,LOC_EXECUTABLE,HALSTEAD_PROG_TIME,HALSTEAD_ERROR_EST,HALSTEAD_VOLUME,ESSENTIAL_DENSITY,NUM_OPERATORS,NUMBER_OF_LINES,GLOBAL_DATA_COMPLEXITY,NODE_COUNT
22,HALSTEAD_ERROR_EST,LOC_EXECUTABLE,BRANCH_COUNT,NUM_UNIQUE_OPERATORS,HALSTEAD_LEVEL,HALSTEAD_PROG_TIME,DESIGN_DENSITY,NUM_UNIQUE_OPERANDS,HALSTEAD_LEVEL,DECISION_DENSITY,LOC_TOTAL,LOC_COMMENTS,NORMALIZED_CYLOMATIC_COMPLEXITY,LOC_EXECUTABLE,CALL_PAIRS,HALSTEAD_DIFFICULTY,ESSENTIAL_DENSITY,NUM_OPERATORS,PERCENT_COMMENTS,NUM_UNIQUE_OPERATORS,CONDITION_COUNT,HALSTEAD_LEVEL,HALSTEAD_EFFORT,ESSENTIAL_COMPLEXITY,ESSENTIAL_COMPLEXITY,NUM_UNIQUE_OPERANDS,NUM_UNIQUE_OPERATORS,NODE_COUNT,MULTIPLE_CONDITION_COUNT
23,HALSTEAD_LENGTH,HALSTEAD_VOLUME,HALSTEAD_LEVEL,BRANCH_COUNT,GLOBAL_DATA_COMPLEXITY,HALSTEAD_LEVEL,DECISION_DENSITY,NUMBER_OF_LINES,HALSTEAD_LENGTH,ESSENTIAL_DENSITY,NUM_OPERANDS,GLOBAL_DATA_DENSITY,MULTIPLE_CONDITION_COUNT,PERCENT_COMMENTS,LOC_BLANK,ESSENTIAL_COMPLEXITY,NORMALIZED_CYLOMATIC_COMPLEXITY,DESIGN_COMPLEXITY,DESIGN_DENSITY,DESIGN_COMPLEXITY,GLOBAL_DATA_COMPLEXITY,HALSTEAD_LENGTH,HALSTEAD_DIFFICULTY,PERCENT_COMMENTS,DESIGN_COMPLEXITY,NUM_UNIQUE_OPERATORS,NUM_UNIQUE_OPERANDS,ESSENTIAL_COMPLEXITY,MODIFIED_CONDITION_COUNT
24,HALSTEAD_LEVEL,MAINTENANCE_SEVERITY,DESIGN_DENSITY,HALSTEAD_LEVEL,NODE_COUNT,HALSTEAD_LENGTH,DECISION_COUNT,NODE_COUNT,HALSTEAD_ERROR_EST,ESSENTIAL_COMPLEXITY,CALL_PAIRS,HALSTEAD_DIFFICULTY,DECISION_COUNT,PARAMETER_COUNT,HALSTEAD_EFFORT,HALSTEAD_CONTENT,HALSTEAD_LENGTH,NODE_COUNT,ESSENTIAL_COMPLEXITY,CYCLOMATIC_COMPLEXITY,LOC_TOTAL,HALSTEAD_ERROR_EST,HALSTEAD_CONTENT,NUMBER_OF_LINES,DECISION_DENSITY,MULTIPLE_CONDITION_COUNT,NUM_OPERATORS,HALSTEAD_DIFFICULTY,CONDITION_COUNT
25,HALSTEAD_PROG_TIME,CYCLOMATIC_COMPLEXITY,NODE_COUNT,CYCLOMATIC_COMPLEXITY,LOC_TOTAL,HALSTEAD_ERROR_EST,CONDITION_COUNT,MODIFIED_CONDITION_COUNT,GLOBAL_DATA_DENSITY,MODIFIED_CONDITION_COUNT,NUM_UNIQUE_OPERANDS,MULTIPLE_CONDITION_COUNT,EDGE_COUNT,MAINTENANCE_SEVERITY,HALSTEAD_LENGTH,CYCLOMATIC_DENSITY,HALSTEAD_ERROR_EST,CYCLOMATIC_DENSITY,CYCLOMATIC_COMPLEXITY,PERCENT_COMMENTS,NODE_COUNT,HALSTEAD_EFFORT,GLOBAL_DATA_DENSITY,MULTIPLE_CONDITION_COUNT,CONDITION_COUNT,HALSTEAD_VOLUME,NUM_OPERANDS,NUMBER_OF_LINES,HALSTEAD_VOLUME
26,HALSTEAD_VOLUME,LOC_COMMENTS,NUMBER_OF_LINES,DESIGN_COMPLEXITY,LOC_EXECUTABLE,GLOBAL_DATA_COMPLEXITY,LOC_TOTAL,MAINTENANCE_SEVERITY,GLOBAL_DATA_COMPLEXITY,LOC_TOTAL,DESIGN_DENSITY,PARAMETER_COUNT,PARAMETER_COUNT,HALSTEAD_LENGTH,GLOBAL_DATA_DENSITY,NUM_UNIQUE_OPERATORS,HALSTEAD_PROG_TIME,MODIFIED_CONDITION_COUNT,DESIGN_COMPLEXITY,MAINTENANCE_SEVERITY,DECISION_DENSITY,HALSTEAD_DIFFICULTY,GLOBAL_DATA_COMPLEXITY,LOC_COMMENTS,PARAMETER_COUNT,HALSTEAD_LENGTH,NORMALIZED_CYLOMATIC_COMPLEXITY,BRANCH_COUNT,HALSTEAD_LEVEL
27,MAINTENANCE_SEVERITY,HALSTEAD_ERROR_EST,ESSENTIAL_COMPLEXITY,DESIGN_DENSITY,ESSENTIAL_DENSITY,ESSENTIAL_DENSITY,LOC_BLANK,HALSTEAD_ERROR_EST,ESSENTIAL_DENSITY,DECISION_COUNT,ESSENTIAL_DENSITY,DESIGN_DENSITY,NUM_OPERATORS,GLOBAL_DATA_COMPLEXITY,GLOBAL_DATA_COMPLEXITY,NUM_OPERATORS,NODE_COUNT,LOC_EXECUTABLE,HALSTEAD_ERROR_EST,GLOBAL_DATA_COMPLEXITY,ESSENTIAL_COMPLEXITY,ESSENTIAL_COMPLEXITY,ESSENTIAL_DENSITY,LOC_BLANK,EDGE_COUNT,HALSTEAD_LEVEL,NODE_COUNT,NUM_UNIQUE_OPERANDS,HALSTEAD_LENGTH
28,MODIFIED_CONDITION_COUNT,DESIGN_COMPLEXITY,PARAMETER_COUNT,PARAMETER_COUNT,PARAMETER_COUNT,EDGE_COUNT,EDGE_COUNT,HALSTEAD_DIFFICULTY,ESSENTIAL_COMPLEXITY,HALSTEAD_VOLUME,HALSTEAD_LEVEL,ESSENTIAL_DENSITY,ESSENTIAL_COMPLEXITY,NUM_UNIQUE_OPERANDS,DESIGN_COMPLEXITY,HALSTEAD_LEVEL,CONDITION_COUNT,HALSTEAD_LEVEL,HALSTEAD_VOLUME,MODIFIED_CONDITION_COUNT,MODIFIED_CONDITION_COUNT,EDGE_COUNT,ESSENTIAL_COMPLEXITY,HALSTEAD_PROG_TIME,DESIGN_DENSITY,HALSTEAD_ERROR_EST,GLOBAL_DATA_DENSITY,CALL_PAIRS,HALSTEAD_ERROR_EST
29,MULTIPLE_CONDITION_COUNT,MODIFIED_CONDITION_COUNT,GLOBAL_DATA_COMPLEXITY,GLOBAL_DATA_DENSITY,ESSENTIAL_COMPLEXITY,DESIGN_DENSITY,DESIGN_COMPLEXITY,HALSTEAD_CONTENT,EDGE_COUNT,DESIGN_DENSITY,CONDITION_COUNT,ESSENTIAL_COMPLEXITY,DECISION_DENSITY,NUM_OPERATORS,DESIGN_DENSITY,EDGE_COUNT,MODIFIED_CONDITION_COUNT,HALSTEAD_VOLUME,CONDITION_COUNT,CONDITION_COUNT,HALSTEAD_VOLUME,DECISION_DENSITY,EDGE_COUNT,HALSTEAD_LENGTH,PERCENT_COMMENTS,CONDITION_COUNT,GLOBAL_DATA_COMPLEXITY,LOC_COMMENTS,CYCLOMATIC_COMPLEXITY
30,NODE_COUNT,ESSENTIAL_COMPLEXITY,ESSENTIAL_DENSITY,MODIFIED_CONDITION_COUNT,DECISION_DENSITY,DESIGN_COMPLEXITY,CYCLOMATIC_COMPLEXITY,ESSENTIAL_DENSITY,DESIGN_COMPLEXITY,HALSTEAD_LEVEL,DECISION_COUNT,CONDITION_COUNT,HALSTEAD_ERROR_EST,NODE_COUNT,NODE_COUNT,DESIGN_COMPLEXITY,PARAMETER_COUNT,MAINTENANCE_SEVERITY,NUM_OPERATORS,DESIGN_DENSITY,ESSENTIAL_DENSITY,DECISION_COUNT,DESIGN_DENSITY,HALSTEAD_ERROR_EST,NUM_OPERATORS,GLOBAL_DATA_COMPLEXITY,LOC_EXECUTABLE,CONDITION_COUNT,DECISION_COUNT
31,NORMALIZED_CYLOMATIC_COMPLEXITY,DESIGN_DENSITY,DESIGN_COMPLEXITY,MAINTENANCE_SEVERITY,HALSTEAD_ERROR_EST,DECISION_DENSITY,MULTIPLE_CONDITION_COUNT,ESSENTIAL_COMPLEXITY,DECISION_DENSITY,PARAMETER_COUNT,GLOBAL_DATA_COMPLEXITY,LOC_BLANK,GLOBAL_DATA_COMPLEXITY,MULTIPLE_CONDITION_COUNT,HALSTEAD_VOLUME,DECISION_COUNT,MULTIPLE_CONDITION_COUNT,HALSTEAD_ERROR_EST,ESSENTIAL_DENSITY,LOC_COMMENTS,PARAMETER_COUNT,CYCLOMATIC_DENSITY,DESIGN_COMPLEXITY,HALSTEAD_CONTENT,LOC_TOTAL,LOC_EXECUTABLE,HALSTEAD_VOLUME,CYCLOMATIC_COMPLEXITY,GLOBAL_DATA_DENSITY
32,NUM_OPERANDS,DECISION_DENSITY,EDGE_COUNT,DECISION_COUNT,CYCLOMATIC_COMPLEXITY,CYCLOMATIC_DENSITY,MAINTENANCE_SEVERITY,DESIGN_DENSITY,DECISION_COUNT,BRANCH_COUNT,MODIFIED_CONDITION_COUNT,DECISION_DENSITY,MODIFIED_CONDITION_COUNT,HALSTEAD_VOLUME,NUM_OPERATORS,PARAMETER_COUNT,HALSTEAD_VOLUME,DESIGN_DENSITY,PARAMETER_COUNT,MULTIPLE_CONDITION_COUNT,DESIGN_COMPLEXITY,CYCLOMATIC_COMPLEXITY,DECISION_DENSITY,GLOBAL_DATA_DENSITY,HALSTEAD_VOLUME,ESSENTIAL_DENSITY,DESIGN_DENSITY,MODIFIED_CONDITION_COUNT,GLOBAL_DATA_COMPLEXITY
33,NUM_OPERATORS,LOC_TOTAL,CONDITION_COUNT,DECISION_DENSITY,DESIGN_COMPLEXITY,CONDITION_COUNT,HALSTEAD_DIFFICULTY,DESIGN_COMPLEXITY,CYCLOMATIC_COMPLEXITY,LOC_COMMENTS,NUMBER_OF_LINES,CALL_PAIRS,DESIGN_COMPLEXITY,HALSTEAD_PROG_TIME,MULTIPLE_CONDITION_COUNT,MULTIPLE_CONDITION_COUNT,HALSTEAD_LEVEL,LOC_TOTAL,LOC_COMMENTS,DECISION_COUNT,HALSTEAD_ERROR_EST,CONDITION_COUNT,DECISION_COUNT,GLOBAL_DATA_COMPLEXITY,HALSTEAD_LEVEL,CYCLOMATIC_DENSITY,DECISION_DENSITY,DECISION_COUNT,PARAMETER_COUNT
34,NUM_UNIQUE_OPERANDS,DECISION_COUNT,DECISION_DENSITY,CONDITION_COUNT,CONDITION_COUNT,CALL_PAIRS,HALSTEAD_CONTENT,DECISION_COUNT,CONDITION_COUNT,NORMALIZED_CYLOMATIC_COMPLEXITY,ESSENTIAL_COMPLEXITY,HALSTEAD_LEVEL,CONDITION_COUNT,HALSTEAD_LEVEL,DECISION_COUNT,MODIFIED_CONDITION_COUNT,GLOBAL_DATA_COMPLEXITY,DECISION_DENSITY,MULTIPLE_CONDITION_COUNT,GLOBAL_DATA_DENSITY,CYCLOMATIC_COMPLEXITY,PARAMETER_COUNT,CYCLOMATIC_DENSITY,EDGE_COUNT,HALSTEAD_LENGTH,EDGE_COUNT,HALSTEAD_LENGTH,DESIGN_COMPLEXITY,LOC_EXECUTABLE
35,NUM_UNIQUE_OPERATORS,ESSENTIAL_DENSITY,DECISION_COUNT,ESSENTIAL_COMPLEXITY,MODIFIED_CONDITION_COUNT,HALSTEAD_EFFORT,CALL_PAIRS,CYCLOMATIC_COMPLEXITY,CALL_PAIRS,EDGE_COUNT,DECISION_DENSITY,NODE_COUNT,LOC_EXECUTABLE,HALSTEAD_ERROR_EST,NUM_UNIQUE_OPERATORS,GLOBAL_DATA_DENSITY,EDGE_COUNT,ESSENTIAL_DENSITY,DECISION_COUNT,DECISION_DENSITY,HALSTEAD_LEVEL,PERCENT_COMMENTS,CYCLOMATIC_COMPLEXITY,DESIGN_DENSITY,HALSTEAD_EFFORT,DESIGN_DENSITY,CONDITION_COUNT,ESSENTIAL_DENSITY,ESSENTIAL_DENSITY
36,NUMBER_OF_LINES,GLOBAL_DATA_COMPLEXITY,MULTIPLE_CONDITION_COUNT,MULTIPLE_CONDITION_COUNT,DECISION_COUNT,HALSTEAD_CONTENT,CYCLOMATIC_DENSITY,CONDITION_COUNT,BRANCH_COUNT,NODE_COUNT,LOC_BLANK,NUMBER_OF_LINES,NODE_COUNT,ESSENTIAL_DENSITY,MODIFIED_CONDITION_COUNT,GLOBAL_DATA_COMPLEXITY,DESIGN_COMPLEXITY,GLOBAL_DATA_COMPLEXITY,GLOBAL_DATA_COMPLEXITY,PARAMETER_COUNT,EDGE_COUNT,LOC_BLANK,CONDITION_COUNT,DECISION_DENSITY,DECISION_COUNT,DESIGN_COMPLEXITY,PARAMETER_COUNT,HALSTEAD_ERROR_EST,EDGE_COUNT
37,PERCENT_COMMENTS,MULTIPLE_CONDITION_COUNT,LOC_COMMENTS,LOC_COMMENTS,EDGE_COUNT,ESSENTIAL_COMPLEXITY,HALSTEAD_EFFORT,CALL_PAIRS,NUM_UNIQUE_OPERATORS,CONDITION_COUNT,CYCLOMATIC_DENSITY,EDGE_COUNT,CYCLOMATIC_COMPLEXITY,DESIGN_COMPLEXITY,DECISION_DENSITY,DECISION_DENSITY,DECISION_COUNT,MULTIPLE_CONDITION_COUNT,DECISION_DENSITY,ESSENTIAL_DENSITY,MULTIPLE_CONDITION_COUNT,DESIGN_DENSITY,CALL_PAIRS,CONDITION_COUNT,CYCLOMATIC_DENSITY,HALSTEAD_PROG_TIME,MODIFIED_CONDITION_COUNT,GLOBAL_DATA_DENSITY,DESIGN_COMPLEXITY
38,LOC_TOTAL,HALSTEAD_PROG_TIME,MODIFIED_CONDITION_COUNT,ESSENTIAL_DENSITY,MULTIPLE_CONDITION_COUNT,CYCLOMATIC_COMPLEXITY,ESSENTIAL_DENSITY,BRANCH_COUNT,DESIGN_DENSITY,LOC_BLANK,NORMALIZED_CYLOMATIC_COMPLEXITY,MODIFIED_CONDITION_COUNT,LOC_COMMENTS,CALL_PAIRS,HALSTEAD_LEVEL,CONDITION_COUNT,CYCLOMATIC_COMPLEXITY,HALSTEAD_PROG_TIME,MODIFIED_CONDITION_COUNT,ESSENTIAL_COMPLEXITY,DECISION_COUNT,GLOBAL_DATA_DENSITY,BRANCH_COUNT,BRANCH_COUNT,CYCLOMATIC_COMPLEXITY,LOC_TOTAL,DECISION_COUNT,HALSTEAD_CONTENT,LOC_TOTAL
