,att_original_names,shap_m1,shap_m2,shap_m3,shap_m4,eli5_m1,eli5_m2,eli5_m3,eli5_m4,dalex_m1,dalex_m2,dalex_m3,dalex_m4,ci_m1,ci_m2,ci_m3,ci_m4,skater_m1,skater_m2,skater_m3,skater_m4,lofo_m1,lofo_m2,lofo_m3,lofo_m4,exirt_m1,exirt_m2,exirt_m3,exirt_m4
0,attribute_1,attribute_12,attribute_12,attribute_12,attribute_11,… 1 more …,… 1 more …,… 1 more …,… 1 more …,attribute_12,attribute_12,attribute_11,attribute_11,attribute_12,attribute_11,attribute_11,attribute_12,attribute_37,attribute_12,attribute_12,attribute_36,attribute_48,attribute_9,attribute_48,attribute_48,attribute_12,attribute_30,attribute_13,attribute_12
1,attribute_2,attribute_11,attribute_11,attribute_13,attribute_12,attribute_23,attribute_11,attribute_10,attribute_4,attribute_36,attribute_36,attribute_12,attribute_36,attribute_11,attribute_12,attribute_9,attribute_1,attribute_36,attribute_11,attribute_13,attribute_11,attribute_29,attribute_11,attribute_42,attribute_37,attribute_13,attribute_32,attribute_60,attribute_11
2,attribute_3,attribute_31,attribute_51,attribute_11,attribute_51,attribute_37,attribute_37,attribute_37,attribute_11,attribute_11,attribute_11,attribute_36,attribute_4,attribute_52,attribute_31,attribute_22,attribute_20,attribute_31,attribute_51,attribute_11,attribute_12,attribute_49,attribute_55,attribute_12,attribute_47,attribute_5,attribute_33,attribute_15,attribute_52
3,attribute_4,attribute_51,attribute_31,attribute_51,attribute_36,attribute_17,attribute_12,attribute_43,attribute_23,attribute_23,attribute_37,attribute_37,attribute_23,attribute_45,attribute_4,attribute_6,attribute_36,attribute_11,attribute_13,attribute_37,attribute_4,attribute_35,attribute_48,attribute_20,attribute_15,attribute_11,attribute_34,attribute_33,attribute_13
4,attribute_5,attribute_36,attribute_13,attribute_31,attribute_4,attribute_27,attribute_31,attribute_11,attribute_20,attribute_37,attribute_49,attribute_10,attribute_12,attribute_4,attribute_51,attribute_51,attribute_54,attribute_12,attribute_37,attribute_51,attribute_13,attribute_9,attribute_8,attribute_40,attribute_11,attribute_31,attribute_35,attribute_53,attribute_51
5,attribute_6,attribute_13,attribute_37,attribute_5,attribute_5,attribute_21,attribute_36,attribute_9,attribute_36,attribute_27,attribute_48,attribute_20,attribute_45,attribute_13,attribute_37,attribute_4,attribute_4,attribute_13,attribute_31,attribute_5,attribute_45,attribute_60,attribute_6,attribute_54,attribute_24,attribute_39,attribute_38,attribute_7,attribute_5
6,attribute_7,attribute_4,attribute_36,attribute_37,attribute_23,attribute_18,attribute_4,attribute_48,attribute_45,attribute_21,attribute_4,attribute_30,attribute_6,attribute_37,attribute_36,attribute_10,attribute_11,attribute_45,attribute_36,attribute_48,attribute_23,attribute_21,attribute_56,attribute_30,attribute_57,attribute_43,attribute_40,attribute_19,attribute_39
7,attribute_8,attribute_37,attribute_4,attribute_10,attribute_45,attribute_11,attribute_49,attribute_12,attribute_43,attribute_45,attribute_27,attribute_21,attribute_20,attribute_36,attribute_17,attribute_21,attribute_52,attribute_51,attribute_49,attribute_36,attribute_5,attribute_11,attribute_54,attribute_51,attribute_50,attribute_51,attribute_41,attribute_42,attribute_43
8,attribute_9,attribute_43,attribute_5,attribute_4,attribute_13,attribute_43,attribute_10,attribute_58,attribute_6,attribute_17,attribute_9,attribute_46,attribute_51,attribute_51,attribute_13,attribute_54,attribute_5,attribute_4,attribute_45,attribute_43,attribute_51,attribute_36,attribute_50,attribute_31,attribute_49,attribute_4,attribute_42,attribute_41,attribute_36
9,attribute_10,attribute_5,attribute_43,attribute_9,attribute_43,attribute_45,attribute_5,attribute_6,attribute_37,attribute_10,attribute_45,attribute_22,attribute_37,attribute_21,attribute_49,attribute_13,attribute_44,attribute_43,attribute_43,attribute_9,attribute_37,attribute_30,attribute_49,attribute_47,attribute_46,attribute_37,attribute_44,attribute_56,attribute_4
10,attribute_11,attribute_45,attribute_49,attribute_48,attribute_20,attribute_36,attribute_48,attribute_31,attribute_44,attribute_4,attribute_20,attribute_27,attribute_27,attribute_32,attribute_16,attribute_8,attribute_29,attribute_5,attribute_5,attribute_10,attribute_43,attribute_27,attribute_45,attribute_56,attribute_45,attribute_23,attribute_46,attribute_51,attribute_54
11,attribute_12,attribute_23,attribute_45,attribute_36,attribute_31,attribute_12,attribute_43,attribute_46,attribute_16,attribute_43,attribute_16,attribute_49,attribute_57,attribute_31,attribute_54,attribute_52,attribute_26,attribute_23,attribute_48,attribute_31,attribute_17,attribute_20,attribute_42,attribute_5,attribute_42,attribute_52,attribute_47,attribute_22,attribute_45
12,attribute_13,attribute_27,attribute_23,attribute_52,attribute_17,attribute_57,attribute_27,attribute_45,attribute_51,attribute_48,attribute_10,attribute_26,attribute_16,attribute_54,attribute_5,attribute_20,attribute_45,attribute_17,attribute_4,attribute_4,attribute_6,attribute_15,attribute_4,attribute_60,attribute_4,attribute_36,attribute_50,attribute_16,attribute_23
13,attribute_14,attribute_17,attribute_48,attribute_46,attribute_1,attribute_55,attribute_23,attribute_28,attribute_29,attribute_49,attribute_55,attribute_7,attribute_17,attribute_39,attribute_1,attribute_44,attribute_48,attribute_27,attribute_23,attribute_23,attribute_20,attribute_8,attribute_36,attribute_53,attribute_38,attribute_45,attribute_53,attribute_48,attribute_20
14,attribute_15,attribute_39,attribute_27,attribute_49,attribute_52,attribute_48,attribute_22,attribute_36,attribute_1,attribute_18,attribute_28,attribute_58,attribute_39,attribute_16,attribute_59,attribute_14,attribute_51,attribute_48,attribute_58,attribute_49,attribute_39,attribute_7,attribute_35,attribute_4,attribute_36,attribute_58,attribute_54,attribute_35,attribute_6
15,attribute_16,attribute_58,attribute_58,attribute_43,attribute_39,attribute_35,attribute_45,attribute_29,attribute_39,attribute_51,attribute_15,attribute_4,attribute_42,attribute_18,attribute_21,attribute_59,attribute_41,attribute_58,attribute_27,attribute_46,attribute_1,attribute_6,attribute_34,attribute_38,attribute_35,attribute_27,attribute_55,attribute_44,attribute_26
16,attribute_17,attribute_48,attribute_9,attribute_23,attribute_37,attribute_31,attribute_51,attribute_2,attribute_17,attribute_39,attribute_21,attribute_47,attribute_2,attribute_5,attribute_52,attribute_1,attribute_13,attribute_39,attribute_17,attribute_52,attribute_48,attribute_59,attribute_31,attribute_32,attribute_30,attribute_16,attribute_29,attribute_25,attribute_40
17,attribute_18,attribute_49,attribute_46,attribute_17,attribute_27,attribute_49,attribute_3,attribute_3,attribute_9,attribute_16,attribute_57,attribute_9,attribute_41,attribute_28,attribute_9,attribute_5,attribute_10,attribute_52,attribute_9,attribute_21,attribute_54,attribute_58,attribute_3,attribute_26,attribute_29,attribute_38,attribute_28,attribute_21,attribute_3
18,attribute_19,attribute_21,attribute_52,attribute_1,attribute_16,attribute_4,attribute_26,attribute_25,attribute_8,attribute_33,attribute_23,attribute_28,attribute_40,attribute_48,attribute_20,attribute_46,attribute_18,attribute_21,attribute_16,attribute_20,attribute_31,attribute_57,attribute_29,attribute_55,attribute_23,attribute_48,attribute_60,attribute_27,attribute_24
19,attribute_20,attribute_52,attribute_10,attribute_58,attribute_54,attribute_3,attribute_25,attribute_20,attribute_7,attribute_32,attribute_58,attribute_48,attribute_52,attribute_27,attribute_10,attribute_43,attribute_39,attribute_49,attribute_21,attribute_44,attribute_27,attribute_56,attribute_27,attribute_39,attribute_22,attribute_24,attribute_7,attribute_40,attribute_17
20,attribute_21,attribute_3,attribute_21,attribute_27,attribute_48,attribute_16,attribute_21,attribute_32,attribute_60,attribute_55,attribute_32,attribute_8,attribute_5,attribute_35,attribute_6,attribute_36,attribute_2,attribute_42,attribute_46,attribute_17,attribute_52,attribute_55,attribute_26,attribute_3,attribute_19,attribute_17,attribute_2,attribute_55,attribute_55
21,attribute_22,attribute_42,attribute_1,attribute_45,attribute_3,attribute_9,attribute_16,attribute_26,attribute_57,attribute_28,attribute_42,attribute_32,attribute_26,attribute_17,attribute_18,attribute_56,attribute_57,attribute_3,attribute_52,attribute_22,attribute_57,attribute_53,attribute_2,attribute_29,attribute_14,attribute_14,attribute_18,attribute_39,attribute_37
22,attribute_23,attribute_18,attribute_17,attribute_44,attribute_29,attribute_42,attribute_9,attribute_59,attribute_56,attribute_9,attribute_29,attribute_16,attribute_1,attribute_46,attribute_2,attribute_49,attribute_40,attribute_18,attribute_20,attribute_45,attribute_16,attribute_52,attribute_18,attribute_9,attribute_10,attribute_29,attribute_14,attribute_3,attribute_59
23,attribute_24,attribute_24,attribute_59,attribute_2,attribute_6,attribute_24,attribute_20,attribute_8,attribute_53,attribute_22,attribute_6,attribute_15,attribute_55,attribute_43,attribute_45,attribute_47,attribute_9,attribute_33,attribute_10,attribute_24,attribute_29,attribute_51,attribute_13,attribute_36,attribute_8,attribute_28,attribute_15,attribute_26,attribute_27
24,attribute_25,attribute_33,attribute_54,attribute_21,attribute_24,attribute_10,attribute_57,attribute_50,attribute_50,attribute_58,attribute_46,attribute_41,attribute_10,attribute_59,attribute_48,attribute_41,attribute_21,attribute_24,attribute_54,attribute_27,attribute_44,attribute_50,attribute_7,attribute_59,attribute_56,attribute_10,attribute_11,attribute_45,attribute_31
25,attribute_26,attribute_10,attribute_24,attribute_24,attribute_42,attribute_52,attribute_54,attribute_49,attribute_49,attribute_7,attribute_22,attribute_24,attribute_15,attribute_29,attribute_27,attribute_3,attribute_31,attribute_16,attribute_59,attribute_2,attribute_3,attribute_5,attribute_60,attribute_44,attribute_43,attribute_49,attribute_12,attribute_46,attribute_41
26,attribute_27,attribute_16,attribute_44,attribute_6,attribute_40,attribute_51,attribute_46,attribute_40,attribute_47,attribute_57,attribute_51,attribute_14,attribute_9,attribute_3,attribute_56,attribute_29,attribute_37,attribute_10,attribute_44,attribute_58,attribute_58,attribute_46,attribute_59,attribute_41,attribute_31,attribute_56,attribute_57,attribute_49,attribute_58
27,attribute_28,attribute_32,attribute_16,attribute_22,attribute_26,attribute_8,attribute_39,attribute_34,attribute_46,attribute_40,attribute_47,attribute_39,attribute_22,attribute_40,attribute_46,attribute_28,attribute_24,attribute_54,attribute_24,attribute_32,attribute_55,attribute_45,attribute_58,attribute_24,attribute_3,attribute_9,attribute_25,attribute_50,attribute_18
28,attribute_29,attribute_55,attribute_39,attribute_59,attribute_44,attribute_7,attribute_19,attribute_30,attribute_42,attribute_15,attribute_18,attribute_23,attribute_28,attribute_1,attribute_23,attribute_58,attribute_46,attribute_32,attribute_18,attribute_59,attribute_24,attribute_44,attribute_57,attribute_23,attribute_2,attribute_59,attribute_26,attribute_47,attribute_16
29,attribute_30,attribute_54,attribute_28,attribute_20,attribute_58,attribute_60,attribute_17,attribute_17,attribute_41,attribute_26,attribute_53,attribute_25,attribute_8,attribute_26,attribute_28,attribute_48,attribute_17,attribute_38,attribute_6,attribute_6,attribute_21,attribute_43,attribute_53,attribute_43,attribute_17,attribute_55,attribute_27,attribute_38,attribute_29
30,attribute_31,attribute_22,attribute_6,attribute_18,attribute_55,attribute_6,attribute_7,attribute_16,attribute_38,attribute_19,attribute_14,attribute_42,attribute_7,attribute_56,attribute_19,attribute_30,attribute_55,attribute_57,attribute_28,attribute_47,attribute_40,attribute_42,attribute_52,attribute_22,attribute_16,attribute_35,attribute_59,attribute_12,attribute_1
31,attribute_32,attribute_29,attribute_56,attribute_47,attribute_49,attribute_54,attribute_60,attribute_14,attribute_35,attribute_59,attribute_40,attribute_29,attribute_60,attribute_49,attribute_35,attribute_25,attribute_43,attribute_40,attribute_56,attribute_1,attribute_42,attribute_41,attribute_51,attribute_2,attribute_1,attribute_32,attribute_51,attribute_5,attribute_48
32,attribute_33,attribute_28,attribute_42,attribute_39,attribute_57,attribute_53,attribute_55,attribute_57,attribute_34,attribute_46,attribute_19,attribute_18,attribute_53,attribute_15,attribute_14,attribute_24,attribute_56,attribute_26,attribute_1,attribute_25,attribute_49,attribute_40,attribute_5,attribute_19,attribute_7,attribute_33,attribute_48,attribute_11,attribute_44
33,attribute_34,attribute_35,attribute_20,attribute_32,attribute_18,attribute_50,attribute_53,attribute_47,attribute_33,attribute_29,attribute_54,attribute_54,attribute_38,attribute_44,attribute_44,attribute_12,attribute_58,attribute_28,attribute_19,attribute_18,attribute_2,attribute_4,attribute_44,attribute_16,attribute_59,attribute_40,attribute_45,attribute_54,attribute_46
34,attribute_35,attribute_40,attribute_35,attribute_28,attribute_9,attribute_47,attribute_50,attribute_27,attribute_32,attribute_54,attribute_50,attribute_45,attribute_25,attribute_42,attribute_58,attribute_60,attribute_19,attribute_7,attribute_39,attribute_14,attribute_41,attribute_39,attribute_43,attribute_13,attribute_58,attribute_57,attribute_56,attribute_59,attribute_49
35,attribute_36,attribute_38,attribute_22,attribute_54,attribute_2,attribute_46,attribute_47,attribute_23,attribute_30,attribute_60,attribute_60,attribute_53,attribute_19,attribute_38,attribute_3,attribute_57,attribute_23,attribute_55,attribute_22,attribute_26,attribute_18,attribute_37,attribute_41,attribute_11,attribute_55,attribute_18,attribute_36,attribute_18,attribute_53
36,attribute_37,attribute_59,attribute_47,attribute_25,attribute_41,attribute_44,attribute_44,attribute_21,attribute_28,attribute_1,attribute_26,attribute_34,attribute_14,attribute_25,attribute_33,attribute_53,attribute_15,attribute_29,attribute_42,attribute_8,attribute_9,attribute_34,attribute_39,attribute_10,attribute_54,attribute_3,attribute_39,attribute_9,attribute_56
37,attribute_38,attribute_26,attribute_2,attribute_29,attribute_21,attribute_41,attribute_42,attribute_44,attribute_25,attribute_8,attribute_33,attribute_44,attribute_18,attribute_19,attribute_15,attribute_50,attribute_16,attribute_22,attribute_2,attribute_39,attribute_50,attribute_33,attribute_38,attribute_58,attribute_53,attribute_42,attribute_19,attribute_20,attribute_42
38,attribute_39,attribute_46,attribute_18,attribute_3,attribute_10,attribute_34,attribute_41,attribute_55,attribute_22,attribute_6,attribute_2,attribute_50,attribute_49,attribute_7,attribute_39,attribute_37,attribute_8,attribute_59,attribute_15,attribute_3,attribute_10,attribute_32,attribute_37,attribute_34,attribute_52,attribute_21,attribute_22,attribute_31,attribute_57
39,attribute_40,attribute_7,attribute_19,attribute_15,attribute_28,attribute_33,attribute_40,attribute_35,attribute_21,attribute_53,attribute_7,attribute_38,attribute_32,attribute_9,attribute_32,attribute_35,attribute_7,attribute_56,attribute_35,attribute_29,attribute_56,attribute_31,attribute_33,attribute_28,attribute_5,attribute_47,attribute_17,attribute_17,attribute_47
40,attribute_41,attribute_57,attribute_32,attribute_26,attribute_15,attribute_30,attribute_38,attribute_22,attribute_2,attribute_47,attribute_3,attribute_3,attribute_30,attribute_23,attribute_22,attribute_31,attribute_60,attribute_46,attribute_32,attribute_28,attribute_33,attribute_3,attribute_32,attribute_27,attribute_41,attribute_54,attribute_6,attribute_1,attribute_50
41,attribute_42,attribute_9,attribute_55,attribute_14,attribute_33,attribute_26,attribute_35,attribute_24,attribute_19,attribute_41,attribute_43,attribute_35,attribute_47,attribute_24,attribute_57,attribute_26,attribute_6,attribute_14,attribute_26,attribute_19,attribute_46,attribute_28,attribute_30,attribute_21,attribute_39,attribute_46,attribute_37,attribute_4,attribute_30
42,attribute_43,attribute_56,attribute_3,attribute_8,attribute_46,attribute_25,attribute_34,attribute_56,attribute_15,attribute_34,attribute_35,attribute_33,attribute_34,attribute_8,attribute_34,attribute_2,attribute_59,attribute_35,attribute_55,attribute_54,attribute_59,attribute_26,attribute_28,attribute_18,attribute_34,attribute_53,attribute_4,attribute_2,attribute_35
43,attribute_44,attribute_14,attribute_14,attribute_19,attribute_56,attribute_22,attribute_33,attribute_38,attribute_14,attribute_30,attribute_56,attribute_2,attribute_43,attribute_60,attribute_42,attribute_19,attribute_53,attribute_9,attribute_47,attribute_33,attribute_35,attribute_25,attribute_25,attribute_14,attribute_25,attribute_50,attribute_8,attribute_24,attribute_2
44,attribute_45,attribute_1,attribute_15,attribute_56,attribute_59,attribute_20,attribute_32,attribute_18,attribute_10,attribute_25,attribute_41,attribute_19,attribute_35,attribute_6,attribute_8,attribute_18,attribute_50,attribute_1,attribute_25,attribute_30,attribute_47,attribute_24,attribute_24,attribute_7,attribute_18,attribute_1,attribute_1,attribute_32,attribute_7
45,attribute_46,attribute_15,attribute_53,attribute_35,attribute_50,attribute_2,attribute_30,attribute_7,attribute_54,attribute_20,attribute_25,attribute_6,attribute_48,attribute_58,attribute_7,attribute_55,attribute_49,attribute_44,attribute_38,attribute_16,attribute_28,attribute_23,attribute_22,attribute_57,attribute_13,attribute_30,attribute_24,attribute_8,attribute_8
46,attribute_47,attribute_44,attribute_29,attribute_16,attribute_22,attribute_19,attribute_29,attribute_60,attribute_24,attribute_2,attribute_17,attribute_59,attribute_3,attribute_57,attribute_55,attribute_45,attribute_47,attribute_15,attribute_3,attribute_35,attribute_30,attribute_22,attribute_21,attribute_46,attribute_12,attribute_41,attribute_16,attribute_58,attribute_9
47,attribute_48,attribute_19,attribute_8,attribute_57,attribute_35,attribute_15,attribute_28,attribute_54,attribute_5,attribute_24,attribute_8,attribute_1,attribute_56,attribute_55,attribute_43,attribute_42,attribute_42,attribute_50,attribute_33,attribute_55,attribute_32,attribute_2,attribute_20,attribute_45,attribute_9,attribute_34,attribute_9,attribute_10,attribute_10
48,attribute_49,attribute_50,attribute_25,attribute_30,attribute_30,attribute_1,attribute_2,attribute_53,attribute_58,attribute_52,attribute_44,attribute_51,attribute_59,attribute_53,attribute_38,attribute_39,attribute_38,attribute_19,attribute_57,attribute_15,attribute_22,attribute_19,attribute_17,attribute_25,attribute_60,attribute_26,attribute_3,attribute_36,attribute_14
49,attribute_50,attribute_60,attribute_50,attribute_34,attribute_32,attribute_58,attribute_18,attribute_42,attribute_52,attribute_35,attribute_38,attribute_57,attribute_44,attribute_50,attribute_30,attribute_32,attribute_35,attribute_60,attribute_14,attribute_41,attribute_15,attribute_18,attribute_16,attribute_8,attribute_51,attribute_25,attribute_43,attribute_57,attribute_15
50,attribute_51,attribute_25,attribute_26,attribute_55,attribute_19,attribute_38,attribute_15,attribute_41,attribute_55,attribute_42,attribute_34,attribute_5,attribute_46,attribute_47,attribute_29,attribute_27,attribute_34,attribute_25,attribute_29,attribute_56,attribute_7,attribute_17,attribute_14,attribute_37,attribute_44,attribute_22,attribute_10,attribute_37,attribute_19
51,attribute_52,attribute_8,attribute_60,attribute_40,attribute_47,attribute_5,attribute_14,attribute_39,attribute_31,attribute_44,attribute_30,attribute_31,attribute_50,attribute_41,attribute_60,attribute_17,attribute_33,attribute_8,attribute_60,attribute_34,attribute_26,attribute_16,attribute_10,attribute_35,attribute_40,attribute_20,attribute_5,attribute_29,attribute_21
52,attribute_53,attribute_6,attribute_38,attribute_33,attribute_34,attribute_40,attribute_1,attribute_33,attribute_18,attribute_38,attribute_1,attribute_60,attribute_21,attribute_34,attribute_50,attribute_15,attribute_32,attribute_6,attribute_53,attribute_42,attribute_19,attribute_14,attribute_1,attribute_50,attribute_33,attribute_19,attribute_49,attribute_43,attribute_22
53,attribute_54,attribute_53,attribute_33,attribute_60,attribute_7,attribute_29,attribute_52,attribute_19,attribute_40,attribute_56,attribute_24,attribute_40,attribute_33,attribute_33,attribute_25,attribute_7,attribute_30,attribute_53,attribute_50,attribute_57,attribute_14,attribute_13,attribute_47,attribute_49,attribute_32,attribute_15,attribute_20,attribute_28,attribute_25
54,attribute_55,attribute_47,attribute_57,attribute_42,attribute_60,attribute_28,attribute_24,attribute_15,attribute_12,attribute_14,attribute_52,attribute_56,attribute_24,attribute_30,attribute_47,attribute_40,attribute_3,attribute_47,attribute_30,attribute_40,attribute_38,attribute_10,attribute_46,attribute_1,attribute_28,attribute_8,attribute_21,attribute_30,attribute_28
55,attribute_56,attribute_41,attribute_7,attribute_7,attribute_14,attribute_56,attribute_56,attribute_4,attribute_59,attribute_50,attribute_39,attribute_52,attribute_54,attribute_22,attribute_53,attribute_38,attribute_28,attribute_41,attribute_8,attribute_38,attribute_8,attribute_1,attribute_40,attribute_6,attribute_26,attribute_7,attribute_23,attribute_14,attribute_32
56,attribute_57,attribute_34,attribute_34,attribute_53,attribute_38,attribute_59,attribute_58,attribute_52,attribute_27,attribute_5,attribute_59,attribute_43,attribute_13,attribute_20,attribute_24,attribute_34,attribute_27,attribute_34,attribute_34,attribute_50,attribute_34,attribute_54,attribute_19,attribute_17,attribute_21,attribute_6,attribute_58,attribute_6,attribute_33
57,attribute_58,attribute_30,attribute_30,attribute_41,attribute_8,attribute_14,attribute_13,attribute_1,attribute_26,attribute_3,attribute_5,attribute_55,attribute_58,attribute_2,attribute_40,attribute_33,attribute_25,attribute_30,attribute_40,attribute_60,attribute_60,attribute_38,attribute_12,attribute_52,attribute_20,attribute_2,attribute_31,attribute_34,attribute_34
58,attribute_59,attribute_20,attribute_41,attribute_50,attribute_53,attribute_39,attribute_6,attribute_51,attribute_48,attribute_31,attribute_31,attribute_17,attribute_31,attribute_14,attribute_26,attribute_23,attribute_22,attribute_20,attribute_41,attribute_7,attribute_53,attribute_12,attribute_23,attribute_33,attribute_27,attribute_44,attribute_13,attribute_52,attribute_38
59,attribute_60,attribute_2,attribute_40,attribute_38,attribute_25,attribute_32,attribute_59,attribute_5,attribute_3,attribute_13,attribute_13,attribute_13,attribute_29,attribute_10,attribute_41,attribute_16,attribute_14,attribute_2,attribute_7,attribute_53,attribute_25,attribute_47,attribute_15,attribute_15,attribute_6,attribute_60,attribute_52,attribute_23,attribute_60
