,att_original_names,shap_m1,shap_m2,shap_m3,shap_m4,eli5_m1,eli5_m2,eli5_m3,eli5_m4,dalex_m1,dalex_m2,dalex_m3,dalex_m4,ci_m1,ci_m2,ci_m3,ci_m4,skater_m1,skater_m2,skater_m3,skater_m4,lofo_m1,lofo_m2,lofo_m3,lofo_m4,exirt_m1,exirt_m2,exirt_m3,exirt_m4
0,V1,K_Scatch,K_Scatch,Bumps,Bumps,… 1 more …,… 1 more …,… 1 more …,… 1 more …,Y_Perimeter,Y_Perimeter,Square_Index,Y_Perimeter,Z_Scratch,Bumps,Bumps,Bumps,Bumps,Bumps,Bumps,Bumps,Bumps,Bumps,Bumps,Bumps,K_Scatch,K_Scatch,Bumps,Bumps
1,V2,Bumps,Bumps,K_Scatch,K_Scatch,K_Scatch,K_Scatch,Bumps,K_Scatch,Y_Minimum,Y_Minimum,Orientation_Index,Y_Minimum,Pastry,Z_Scratch,Z_Scratch,K_Scatch,K_Scatch,K_Scatch,K_Scatch,K_Scatch,Pastry,Pastry,Pastry,Pastry,Bumps,Bumps,Z_Scratch,K_Scatch
2,V3,Z_Scratch,Z_Scratch,Z_Scratch,Z_Scratch,Bumps,Bumps,Z_Scratch,Bumps,Y_Maximum,Y_Maximum,Edges_X_Index,Y_Maximum,K_Scatch,K_Scatch,K_Scatch,Z_Scratch,Z_Scratch,Z_Scratch,Z_Scratch,Z_Scratch,Z_Scratch,Z_Scratch,Z_Scratch,Z_Scratch,Z_Scratch,Z_Scratch,Pastry,Z_Scratch
3,V4,Pastry,Pastry,Pastry,Pastry,Z_Scratch,Z_Scratch,K_Scatch,Z_Scratch,X_Perimeter,X_Perimeter,Pixels_Areas,X_Perimeter,Bumps,Pastry,Pastry,Pastry,Pastry,Pastry,Pastry,Pastry,Edges_Index,K_Scatch,K_Scatch,K_Scatch,Pastry,Pastry,K_Scatch,Pastry
4,V5,Stains,Stains,Steel_Plate_Thickness,Stains,Pastry,Pastry,Pastry,Pastry,X_Minimum,X_Minimum,Log_Y_Index,X_Minimum,Stains,Dirtiness,Dirtiness,Stains,Stains,Stains,Steel_Plate_Thickness,Stains,K_Scatch,Dirtiness,Dirtiness,Dirtiness,Stains,Stains,Stains,Stains
5,V6,Dirtiness,Dirtiness,LogOfAreas,Dirtiness,Stains,Stains,Dirtiness,Stains,X_Maximum,X_Maximum,Sum_of_Luminosity,X_Maximum,Dirtiness,Stains,Stains,Dirtiness,Dirtiness,Dirtiness,Log_X_Index,Dirtiness,Sum_of_Luminosity,Stains,SigmoidOfAreas,Stains,Dirtiness,Dirtiness,Dirtiness,Dirtiness
6,V7,X_Minimum,Steel_Plate_Thickness,Pixels_Areas,Steel_Plate_Thickness,Dirtiness,Dirtiness,Stains,Dirtiness,TypeOfSteel_A400,TypeOfSteel_A400,Outside_X_Index,TypeOfSteel_A400,Edges_Index,LogOfAreas,Pixels_Areas,Steel_Plate_Thickness,X_Minimum,Steel_Plate_Thickness,Outside_X_Index,Steel_Plate_Thickness,Log_X_Index,Y_Minimum,Stains,Y_Perimeter,SigmoidOfAreas,SigmoidOfAreas,LogOfAreas,SigmoidOfAreas
7,V8,Edges_Index,Pixels_Areas,Dirtiness,Minimum_of_Luminosity,Y_Perimeter,Y_Perimeter,Steel_Plate_Thickness,Y_Perimeter,TypeOfSteel_A300,TypeOfSteel_A300,LogOfAreas,TypeOfSteel_A300,X_Minimum,Steel_Plate_Thickness,Steel_Plate_Thickness,Y_Perimeter,Edges_Index,Pixels_Areas,LogOfAreas,Maximum_of_Luminosity,Length_of_Conveyer,X_Minimum,TypeOfSteel_A400,Y_Minimum,Luminosity_Index,Luminosity_Index,Pixels_Areas,Luminosity_Index
8,V9,Pixels_Areas,Sum_of_Luminosity,Length_of_Conveyer,Luminosity_Index,Y_Minimum,Y_Minimum,Y_Perimeter,Y_Minimum,Sum_of_Luminosity,Sum_of_Luminosity,SigmoidOfAreas,Sum_of_Luminosity,Edges_X_Index,Sum_of_Luminosity,Edges_X_Index,Y_Minimum,Pixels_Areas,Sum_of_Luminosity,Pixels_Areas,Y_Perimeter,Log_Y_Index,TypeOfSteel_A400,Orientation_Index,Y_Maximum,Orientation_Index,Orientation_Index,SigmoidOfAreas,Orientation_Index
9,V10,X_Maximum,LogOfAreas,Log_X_Index,Maximum_of_Luminosity,Y_Maximum,Y_Maximum,X_Perimeter,Y_Maximum,Steel_Plate_Thickness,Steel_Plate_Thickness,Edges_Y_Index,Steel_Plate_Thickness,Maximum_of_Luminosity,SigmoidOfAreas,Y_Maximum,Y_Maximum,X_Maximum,LogOfAreas,X_Minimum,Y_Minimum,Steel_Plate_Thickness,TypeOfSteel_A300,X_Perimeter,X_Perimeter,Log_Y_Index,Log_Y_Index,Y_Perimeter,Log_Y_Index
10,V11,Length_of_Conveyer,X_Minimum,Sum_of_Luminosity,Outside_X_Index,X_Perimeter,X_Perimeter,Y_Minimum,X_Perimeter,Square_Index,Square_Index,X_Perimeter,Square_Index,Minimum_of_Luminosity,Log_X_Index,LogOfAreas,X_Perimeter,Length_of_Conveyer,Outside_X_Index,Sum_of_Luminosity,Y_Maximum,Edges_Y_Index,Sum_of_Luminosity,Log_Y_Index,X_Minimum,Log_X_Index,Log_X_Index,Square_Index,Log_X_Index
11,V12,Edges_X_Index,Log_X_Index,Outside_X_Index,Edges_Index,X_Maximum,X_Maximum,Y_Maximum,X_Maximum,SigmoidOfAreas,SigmoidOfAreas,Y_Maximum,SigmoidOfAreas,Y_Perimeter,Pixels_Areas,Y_Minimum,X_Minimum,Edges_X_Index,X_Minimum,Length_of_Conveyer,X_Perimeter,X_Perimeter,Steel_Plate_Thickness,Edges_Y_Index,X_Maximum,LogOfAreas,LogOfAreas,X_Perimeter,LogOfAreas
12,V13,SigmoidOfAreas,Outside_X_Index,Stains,X_Minimum,TypeOfSteel_A400,TypeOfSteel_A400,X_Minimum,TypeOfSteel_A400,Pixels_Areas,Pixels_Areas,Y_Minimum,Pixels_Areas,Y_Minimum,X_Minimum,Minimum_of_Luminosity,X_Maximum,SigmoidOfAreas,Log_X_Index,Log_Y_Index,X_Minimum,Square_Index,Square_Index,Edges_Index,TypeOfSteel_A400,Outside_Global_Index,Outside_Global_Index,TypeOfSteel_A300,Outside_Global_Index
13,V14,Maximum_of_Luminosity,X_Maximum,X_Minimum,X_Maximum,TypeOfSteel_A300,TypeOfSteel_A300,X_Maximum,TypeOfSteel_A300,Outside_X_Index,Outside_X_Index,Minimum_of_Luminosity,Outside_X_Index,Y_Maximum,Outside_X_Index,Sum_of_Luminosity,TypeOfSteel_A400,Maximum_of_Luminosity,X_Maximum,X_Maximum,X_Maximum,SigmoidOfAreas,Orientation_Index,Y_Maximum,TypeOfSteel_A300,Edges_Y_Index,Edges_Y_Index,X_Maximum,Edges_Y_Index
14,V15,Minimum_of_Luminosity,Length_of_Conveyer,Edges_Y_Index,Orientation_Index,Sum_of_Luminosity,Sum_of_Luminosity,TypeOfSteel_A400,Sum_of_Luminosity,Outside_Global_Index,Outside_Global_Index,Maximum_of_Luminosity,Outside_Global_Index,X_Perimeter,Square_Index,Outside_X_Index,TypeOfSteel_A300,Minimum_of_Luminosity,SigmoidOfAreas,Minimum_of_Luminosity,TypeOfSteel_A400,Edges_X_Index,Y_Maximum,TypeOfSteel_A300,Sum_of_Luminosity,Edges_X_Index,Edges_X_Index,Y_Minimum,Edges_X_Index
15,V16,Y_Minimum,Square_Index,Y_Maximum,Pixels_Areas,Steel_Plate_Thickness,Steel_Plate_Thickness,TypeOfSteel_A300,Steel_Plate_Thickness,Orientation_Index,Orientation_Index,Outside_Global_Index,Orientation_Index,X_Maximum,X_Maximum,Luminosity_Index,Sum_of_Luminosity,Y_Minimum,Log_Y_Index,Edges_Y_Index,TypeOfSteel_A300,Outside_X_Index,X_Perimeter,Log_X_Index,Steel_Plate_Thickness,Outside_X_Index,Outside_X_Index,Y_Maximum,Outside_X_Index
16,V17,Y_Perimeter,Log_Y_Index,Log_Y_Index,Edges_Y_Index,Square_Index,Square_Index,Sum_of_Luminosity,Square_Index,Minimum_of_Luminosity,Minimum_of_Luminosity,Log_X_Index,Minimum_of_Luminosity,TypeOfSteel_A400,Length_of_Conveyer,Square_Index,Square_Index,Square_Index,X_Perimeter,SigmoidOfAreas,Sum_of_Luminosity,Y_Minimum,X_Maximum,Outside_Global_Index,Square_Index,X_Minimum,X_Minimum,Sum_of_Luminosity,X_Minimum
17,V18,Edges_Y_Index,X_Perimeter,X_Maximum,LogOfAreas,SigmoidOfAreas,SigmoidOfAreas,Square_Index,SigmoidOfAreas,Maximum_of_Luminosity,Maximum_of_Luminosity,Empty_Index,Maximum_of_Luminosity,TypeOfSteel_A300,Minimum_of_Luminosity,SigmoidOfAreas,SigmoidOfAreas,Y_Perimeter,Y_Perimeter,Orientation_Index,Square_Index,Y_Maximum,SigmoidOfAreas,LogOfAreas,SigmoidOfAreas,Edges_Index,Edges_Index,Luminosity_Index,Edges_Index
18,V19,TypeOfSteel_A300,Minimum_of_Luminosity,SigmoidOfAreas,Y_Minimum,Pixels_Areas,Pixels_Areas,SigmoidOfAreas,Pixels_Areas,Luminosity_Index,Luminosity_Index,Length_of_Conveyer,Luminosity_Index,Sum_of_Luminosity,X_Perimeter,Orientation_Index,Pixels_Areas,Y_Maximum,Minimum_of_Luminosity,Y_Perimeter,SigmoidOfAreas,X_Minimum,Outside_X_Index,Length_of_Conveyer,Pixels_Areas,Steel_Plate_Thickness,Steel_Plate_Thickness,Log_X_Index,Steel_Plate_Thickness
19,V20,Square_Index,SigmoidOfAreas,Empty_Index,Y_Maximum,Outside_X_Index,Outside_X_Index,Pixels_Areas,Outside_X_Index,Log_Y_Index,Log_Y_Index,Edges_Index,Log_Y_Index,Steel_Plate_Thickness,Log_Y_Index,Length_of_Conveyer,Outside_X_Index,X_Perimeter,Square_Index,Y_Maximum,Pixels_Areas,X_Maximum,Outside_Global_Index,X_Minimum,Outside_X_Index,TypeOfSteel_A400,TypeOfSteel_A400,Length_of_Conveyer,TypeOfSteel_A400
20,V21,Y_Maximum,Edges_Y_Index,Edges_Index,Empty_Index,Outside_Global_Index,Outside_Global_Index,Outside_Global_Index,Outside_Global_Index,Log_X_Index,Log_X_Index,Y_Perimeter,Log_X_Index,Square_Index,Y_Perimeter,Edges_Y_Index,Outside_Global_Index,TypeOfSteel_A400,Edges_Y_Index,Edges_Index,Outside_X_Index,TypeOfSteel_A400,Minimum_of_Luminosity,Sum_of_Luminosity,Outside_Global_Index,TypeOfSteel_A300,TypeOfSteel_A300,Minimum_of_Luminosity,TypeOfSteel_A300
21,V22,X_Perimeter,Y_Perimeter,Orientation_Index,SigmoidOfAreas,Orientation_Index,Orientation_Index,Minimum_of_Luminosity,Orientation_Index,LogOfAreas,LogOfAreas,X_Minimum,LogOfAreas,SigmoidOfAreas,Edges_Y_Index,Edges_Index,Orientation_Index,TypeOfSteel_A300,Length_of_Conveyer,X_Perimeter,Outside_Global_Index,TypeOfSteel_A300,Maximum_of_Luminosity,Edges_X_Index,Orientation_Index,Length_of_Conveyer,Length_of_Conveyer,Edges_Y_Index,Length_of_Conveyer
22,V23,TypeOfSteel_A400,Y_Maximum,Y_Minimum,Sum_of_Luminosity,Minimum_of_Luminosity,Minimum_of_Luminosity,Maximum_of_Luminosity,Minimum_of_Luminosity,Length_of_Conveyer,Length_of_Conveyer,TypeOfSteel_A400,Length_of_Conveyer,Pixels_Areas,Luminosity_Index,X_Perimeter,Minimum_of_Luminosity,Sum_of_Luminosity,TypeOfSteel_A300,Empty_Index,Orientation_Index,Stains,Luminosity_Index,Square_Index,Minimum_of_Luminosity,Maximum_of_Luminosity,Maximum_of_Luminosity,Outside_X_Index,Maximum_of_Luminosity
23,V24,Sum_of_Luminosity,Luminosity_Index,Minimum_of_Luminosity,Log_Y_Index,Maximum_of_Luminosity,Maximum_of_Luminosity,Luminosity_Index,Maximum_of_Luminosity,Empty_Index,Empty_Index,X_Maximum,Empty_Index,Outside_X_Index,Edges_X_Index,X_Minimum,Maximum_of_Luminosity,Steel_Plate_Thickness,Luminosity_Index,Y_Minimum,Minimum_of_Luminosity,Pixels_Areas,Log_Y_Index,Steel_Plate_Thickness,Maximum_of_Luminosity,Minimum_of_Luminosity,Minimum_of_Luminosity,Maximum_of_Luminosity,Minimum_of_Luminosity
24,V25,Steel_Plate_Thickness,Orientation_Index,Y_Perimeter,Square_Index,Luminosity_Index,Luminosity_Index,Log_X_Index,Luminosity_Index,Edges_Y_Index,Edges_Y_Index,TypeOfSteel_A300,Edges_Y_Index,Outside_Global_Index,Edges_Index,Log_X_Index,Luminosity_Index,Outside_X_Index,Orientation_Index,Edges_X_Index,Luminosity_Index,Outside_Global_Index,Log_X_Index,Y_Perimeter,Luminosity_Index,Sum_of_Luminosity,Sum_of_Luminosity,Empty_Index,Sum_of_Luminosity
25,V26,Outside_X_Index,Y_Minimum,Edges_X_Index,Y_Perimeter,Log_Y_Index,Log_Y_Index,LogOfAreas,Log_Y_Index,Edges_X_Index,Edges_X_Index,Luminosity_Index,Edges_X_Index,Orientation_Index,TypeOfSteel_A300,Empty_Index,Log_Y_Index,Outside_Global_Index,Outside_Global_Index,TypeOfSteel_A300,Log_Y_Index,Orientation_Index,Length_of_Conveyer,X_Maximum,Log_Y_Index,Y_Perimeter,Y_Perimeter,Edges_Index,Y_Perimeter
26,V27,Outside_Global_Index,Edges_X_Index,Maximum_of_Luminosity,X_Perimeter,Log_X_Index,Log_X_Index,Length_of_Conveyer,Log_X_Index,Edges_Index,Edges_Index,Steel_Plate_Thickness,Edges_Index,Luminosity_Index,Y_Maximum,X_Maximum,Log_X_Index,Orientation_Index,Y_Maximum,TypeOfSteel_A400,Log_X_Index,Minimum_of_Luminosity,Empty_Index,Luminosity_Index,Log_X_Index,X_Perimeter,X_Perimeter,TypeOfSteel_A400,X_Perimeter
27,V28,Orientation_Index,Edges_Index,TypeOfSteel_A300,TypeOfSteel_A400,LogOfAreas,LogOfAreas,Empty_Index,LogOfAreas,Dirtiness,Stains,Dirtiness,Dirtiness,Log_Y_Index,Y_Minimum,Y_Perimeter,LogOfAreas,Luminosity_Index,TypeOfSteel_A400,Square_Index,LogOfAreas,LogOfAreas,Edges_Y_Index,Y_Minimum,LogOfAreas,Pixels_Areas,Pixels_Areas,Outside_Global_Index,Pixels_Areas
28,V29,Luminosity_Index,TypeOfSteel_A300,TypeOfSteel_A400,TypeOfSteel_A300,Length_of_Conveyer,Length_of_Conveyer,Edges_Y_Index,Length_of_Conveyer,Stains,Dirtiness,Stains,Stains,Log_X_Index,Outside_Global_Index,Log_Y_Index,Length_of_Conveyer,Log_Y_Index,Y_Minimum,Stains,Length_of_Conveyer,Dirtiness,Edges_X_Index,Pixels_Areas,Length_of_Conveyer,Y_Maximum,Y_Maximum,X_Minimum,Y_Maximum
29,V30,Log_Y_Index,Outside_Global_Index,X_Perimeter,Outside_Global_Index,Empty_Index,Empty_Index,Edges_Index,Empty_Index,Pastry,Z_Scratch,Pastry,Pastry,LogOfAreas,Orientation_Index,TypeOfSteel_A400,Empty_Index,Log_X_Index,Edges_X_Index,Maximum_of_Luminosity,Empty_Index,Empty_Index,Edges_Index,Maximum_of_Luminosity,Empty_Index,Y_Minimum,Y_Minimum,Steel_Plate_Thickness,Y_Minimum
30,V31,Log_X_Index,TypeOfSteel_A400,Square_Index,Log_X_Index,Edges_Y_Index,Edges_Y_Index,Edges_X_Index,Edges_Y_Index,Z_Scratch,Pastry,Z_Scratch,Z_Scratch,Length_of_Conveyer,TypeOfSteel_A400,Maximum_of_Luminosity,Edges_Y_Index,LogOfAreas,Edges_Index,Luminosity_Index,Edges_Y_Index,Y_Perimeter,Y_Perimeter,Outside_X_Index,Edges_Y_Index,X_Maximum,X_Maximum,Edges_X_Index,X_Maximum
31,V32,LogOfAreas,Empty_Index,Luminosity_Index,Length_of_Conveyer,Edges_X_Index,Edges_X_Index,Orientation_Index,Edges_X_Index,K_Scatch,K_Scatch,K_Scatch,K_Scatch,Empty_Index,Maximum_of_Luminosity,TypeOfSteel_A300,Edges_X_Index,Empty_Index,Maximum_of_Luminosity,Dirtiness,Edges_X_Index,Maximum_of_Luminosity,Pixels_Areas,Minimum_of_Luminosity,Edges_X_Index,Empty_Index,Empty_Index,Log_Y_Index,Empty_Index
32,V33,Empty_Index,Maximum_of_Luminosity,Outside_Global_Index,Edges_X_Index,Edges_Index,Edges_Index,Outside_X_Index,Edges_Index,Bumps,Bumps,Bumps,Bumps,Edges_Y_Index,Empty_Index,Outside_Global_Index,Edges_Index,Edges_Y_Index,Empty_Index,Outside_Global_Index,Edges_Index,Luminosity_Index,LogOfAreas,Empty_Index,Edges_Index,Square_Index,Square_Index,Orientation_Index,Square_Index
