,Final Score
duration,176.379742796113
checking_status,183.95117136754158
credit_amount,190.09402851039872
age,190.379742796113
savings_status,194.09402851039874
credit_history,204.37974279611302
residence_since,209.23688565325588
purpose,210.9511713675416
property_magnitude,214.2368856532559
own_telephone,215.8234663053805
foreign_worker,221.1394847524868
installment_commitment,229.42289122460747
employment,231.5776461338421
num_dependents,231.83262553543645
job,248.39032245867227
other_parties,249.31867705591245
personal_status,249.40217718161855
housing,249.53196277291923
existing_credits,251.48439020712175
other_payment_plans,257.9758697933132
