,Final Score
duration,266.0451230280596
checking_status,272.1879801709167
credit_amount,274.47369445663105
age,274.75940874234533
credit_history,276.3308373137739
savings_status,277.61655159948816
employment,281.75940874234533
installment_commitment,286.75940874234533
property_magnitude,288.75940874234533
purpose,289.47369445663105
residence_since,290.3308373137739
job,291.0451230280596
housing,292.1879801709167
personal_status,293.1879801709167
other_payment_plans,295.2474977411296
other_parties,295.676069169701
existing_credits,296.1877802122059
own_telephone,296.2474977411296
num_dependents,296.8189263125582
foreign_worker,299.0391488095189
