,Final Score
other_payment_plans,116.95569440030985
duration,205.53622198033764
checking_status,222.70747230195377
employment,243.92015117971474
credit_amount,258.057726911869
credit_history,264.2440704812721
savings_status,264.3611762342498
age,266.94379524800627
installment_commitment,272.1859919552291
residence_since,278.0974637532682
property_magnitude,285.91617797516324
purpose,287.7001258090842
own_telephone,291.55129915969184
job,293.1649827399045
personal_status,293.61237471246284
existing_credits,293.8655308104373
other_parties,294.5969678180918
housing,296.0636560038202
num_dependents,297.8460218915008
foreign_worker,299.19997792201843
