,Final Score
credit_amount,199.35204423836427
duration,213.3172178862848
checking_status,232.78828725762887
savings_status,255.19555061926266
credit_history,258.8579498650383
age,259.43543648095095
purpose,278.9508059014925
employment,281.2584720445297
installment_commitment,282.53470369176273
own_telephone,286.6826837663019
residence_since,289.07374370185545
housing,290.46344630576294
other_payment_plans,290.58197335757956
other_parties,291.35383111351564
personal_status,291.796796468759
foreign_worker,293.46383361523164
property_magnitude,293.56955967908385
num_dependents,293.8961458187496
job,294.0204251306873
existing_credits,297.13880807285784
