,Final Score
duration,175.47650387913444
checking_status,183.047932450563
credit_amount,189.19078959342016
age,189.47650387913447
savings_status,193.1907895934202
credit_history,203.47650387913447
installment_commitment,207.47650387913447
residence_since,208.3336467362773
purpose,210.04793245056302
property_magnitude,213.33364673627733
own_telephone,214.91224288502448
employment,220.18857591202314
foreign_worker,220.21229232537598
num_dependents,231.0368752739213
job,247.89815144759498
other_parties,248.76148502755606
personal_status,248.87968553224258
housing,249.0104143165963
existing_credits,250.96526382693554
other_payment_plans,257.62607603933725
