,Final Score
URL_of_Anchor,284.5844093437029
SSLfinal_State,335.06460996852377
web_traffic,468.4307086099231
Links_in_tags,478.4661994566867
having_Sub_Domain,478.8371745158833
Prefix_Suffix,483.20030241594117
HTTPS_token,485.1505093642881
DNSRecord,486.0278583753384
Links_pointing_to_page,486.9125954092463
SFH,489.6801103393406
having_IP_Address,491.4999144002239
URL_Length,492.6723122523096
Google_Index,493.783146469925
Abnormal_URL,494.59828189968283
double_slash_redirecting,495.0564894288382
Request_URL,495.09432005174807
Domain_registeration_length,495.5941736829341
Page_Rank,496.0410197389634
Shortining_Service,496.96289032901245
age_of_domain,496.9843952466984
Redirect,497.966483510486
Iframe,498.2711809975438
on_mouseover,498.38532877400655
Favicon,498.3984816395008
Statistical_report,498.3984816395008
port,498.3984816395008
Submitting_to_email,498.3984816395008
having_At_Symbol,498.3984816395008
popUpWidnow,498.3984816395008
RightClick,498.5110989526563
