<oml:data_qualities xmlns:oml="http://openml.org/openml">
        
  <oml:quality  >
    <oml:name>AutoCorrelation</oml:name>
      <oml:value>0.6134020618556701</oml:value>
    </oml:quality>
        
  <oml:quality  >
    <oml:name>CfsSubsetEval_DecisionStumpAUC</oml:name>
      <oml:value>0.6042722247812068</oml:value>
    </oml:quality>
        
  <oml:quality  >
    <oml:name>CfsSubsetEval_DecisionStumpErrRate</oml:name>
      <oml:value>0.3259005145797599</oml:value>
    </oml:quality>
        
  <oml:quality  >
    <oml:name>CfsSubsetEval_DecisionStumpKappa</oml:name>
      <oml:value>0.14779196799507618</oml:value>
    </oml:quality>
        
  <oml:quality  >
    <oml:name>CfsSubsetEval_NaiveBayesAUC</oml:name>
      <oml:value>0.6042722247812068</oml:value>
    </oml:quality>
        
  <oml:quality  >
    <oml:name>CfsSubsetEval_NaiveBayesErrRate</oml:name>
      <oml:value>0.3259005145797599</oml:value>
    </oml:quality>
        
  <oml:quality  >
    <oml:name>CfsSubsetEval_NaiveBayesKappa</oml:name>
      <oml:value>0.14779196799507618</oml:value>
    </oml:quality>
        
  <oml:quality  >
    <oml:name>CfsSubsetEval_kNN1NAUC</oml:name>
      <oml:value>0.6042722247812068</oml:value>
    </oml:quality>
        
  <oml:quality  >
    <oml:name>CfsSubsetEval_kNN1NErrRate</oml:name>
      <oml:value>0.3259005145797599</oml:value>
    </oml:quality>
        
  <oml:quality  >
    <oml:name>CfsSubsetEval_kNN1NKappa</oml:name>
      <oml:value>0.14779196799507618</oml:value>
    </oml:quality>
        
  <oml:quality  >
    <oml:name>ClassEntropy</oml:name>
      <oml:value>0.8640904272487622</oml:value>
    </oml:quality>
        
  <oml:quality  >
    <oml:name>DecisionStumpAUC</oml:name>
      <oml:value>0.6296637494242284</oml:value>
    </oml:quality>
        
  <oml:quality  >
    <oml:name>DecisionStumpErrRate</oml:name>
      <oml:value>0.2864493996569468</oml:value>
    </oml:quality>
        
  <oml:quality  >
    <oml:name>DecisionStumpKappa</oml:name>
      <oml:value>0.0</oml:value>
    </oml:quality>
        
  <oml:quality  >
    <oml:name>Dimensionality</oml:name>
      <oml:value>0.018867924528301886</oml:value>
    </oml:quality>
        
  <oml:quality  >
    <oml:name>EquivalentNumberOfAtts</oml:name>
      <oml:value>181.12929170935587</oml:value>
    </oml:quality>
        
  <oml:quality  >
    <oml:name>J48.00001.AUC</oml:name>
      <oml:value>0.6639077614002764</oml:value>
    </oml:quality>
        
  <oml:quality  >
    <oml:name>J48.00001.ErrRate</oml:name>
      <oml:value>0.28987993138936535</oml:value>
    </oml:quality>
        
  <oml:quality  >
    <oml:name>J48.00001.Kappa</oml:name>
      <oml:value>0.14168358146544602</oml:value>
    </oml:quality>
        
  <oml:quality  >
    <oml:name>J48.0001.AUC</oml:name>
      <oml:value>0.6639077614002764</oml:value>
    </oml:quality>
        
  <oml:quality  >
    <oml:name>J48.0001.ErrRate</oml:name>
      <oml:value>0.28987993138936535</oml:value>
    </oml:quality>
        
  <oml:quality  >
    <oml:name>J48.0001.Kappa</oml:name>
      <oml:value>0.14168358146544602</oml:value>
    </oml:quality>
        
  <oml:quality  >
    <oml:name>J48.001.AUC</oml:name>
      <oml:value>0.6639077614002764</oml:value>
    </oml:quality>
        
  <oml:quality  >
    <oml:name>J48.001.ErrRate</oml:name>
      <oml:value>0.28987993138936535</oml:value>
    </oml:quality>
        
  <oml:quality  >
    <oml:name>J48.001.Kappa</oml:name>
      <oml:value>0.14168358146544602</oml:value>
    </oml:quality>
        
  <oml:quality  >
    <oml:name>MajorityClassPercentage</oml:name>
      <oml:value>71.35506003430532</oml:value>
    </oml:quality>
        
  <oml:quality  >
    <oml:name>MajorityClassSize</oml:name>
      <oml:value>416.0</oml:value>
    </oml:quality>
        
  <oml:quality  >
    <oml:name>MaxAttributeEntropy</oml:name>
      <oml:value>0.8009231574877496</oml:value>
    </oml:quality>
        
  <oml:quality  >
    <oml:name>MaxKurtosisOfNumericAtts</oml:name>
      <oml:value>150.9198836440821</oml:value>
    </oml:quality>
        
  <oml:quality  >
    <oml:name>MaxMeansOfNumericAtts</oml:name>
      <oml:value>290.5763293310462</oml:value>
    </oml:quality>
        
  <oml:quality  >
    <oml:name>MaxMutualInformation</oml:name>
      <oml:value>0.00477057255121</oml:value>
    </oml:quality>
        
  <oml:quality  >
    <oml:name>MaxNominalAttDistinctValues</oml:name>
      <oml:value>2.0</oml:value>
    </oml:quality>
        
  <oml:quality  >
    <oml:name>MaxSkewnessOfNumericAtts</oml:name>
      <oml:value>10.54617721691246</oml:value>
    </oml:quality>
        
  <oml:quality  >
    <oml:name>MaxStdDevOfNumericAtts</oml:name>
      <oml:value>288.9185290517341</oml:value>
    </oml:quality>
        
  <oml:quality  >
    <oml:name>MeanAttributeEntropy</oml:name>
      <oml:value>0.8009231574877496</oml:value>
    </oml:quality>
        
  <oml:quality  >
    <oml:name>MeanKurtosisOfNumericAtts</oml:name>
      <oml:value>30.04207633619092</oml:value>
    </oml:quality>
        
  <oml:quality  >
    <oml:name>MeanMeansOfNumericAtts</oml:name>
      <oml:value>60.14487102267959</oml:value>
    </oml:quality>
        
  <oml:quality  >
    <oml:name>MeanMutualInformation</oml:name>
      <oml:value>0.00477057255121</oml:value>
    </oml:quality>
        
  <oml:quality  >
    <oml:name>MeanNoiseToSignalRatio</oml:name>
      <oml:value>166.88826684641967</oml:value>
    </oml:quality>
        
  <oml:quality  >
    <oml:name>MeanNominalAttDistinctValues</oml:name>
      <oml:value>2.0</oml:value>
    </oml:quality>
        
  <oml:quality  >
    <oml:name>MeanSkewnessOfNumericAtts</oml:name>
      <oml:value>3.2908126195510525</oml:value>
    </oml:quality>
        
  <oml:quality  >
    <oml:name>MeanStdDevOfNumericAtts</oml:name>
      <oml:value>82.43157657369557</oml:value>
    </oml:quality>
        
  <oml:quality  >
    <oml:name>MinAttributeEntropy</oml:name>
      <oml:value>0.8009231574877496</oml:value>
    </oml:quality>
        
  <oml:quality  >
    <oml:name>MinKurtosisOfNumericAtts</oml:name>
      <oml:value>-0.5600656409430136</oml:value>
    </oml:quality>
        
  <oml:quality  >
    <oml:name>MinMeansOfNumericAtts</oml:name>
      <oml:value>0.9470639039451115</oml:value>
    </oml:quality>
        
  <oml:quality  >
    <oml:name>MinMutualInformation</oml:name>
      <oml:value>0.00477057255121</oml:value>
    </oml:quality>
        
  <oml:quality  >
    <oml:name>MinNominalAttDistinctValues</oml:name>
      <oml:value>2.0</oml:value>
    </oml:quality>
        
  <oml:quality  >
    <oml:name>MinSkewnessOfNumericAtts</oml:name>
      <oml:value>-0.2856721864357383</oml:value>
    </oml:quality>
        
  <oml:quality  >
    <oml:name>MinStdDevOfNumericAtts</oml:name>
      <oml:value>0.31849195945867437</oml:value>
    </oml:quality>
        
  <oml:quality  >
    <oml:name>MinorityClassPercentage</oml:name>
      <oml:value>28.644939965694682</oml:value>
    </oml:quality>
        
  <oml:quality  >
    <oml:name>MinorityClassSize</oml:name>
      <oml:value>167.0</oml:value>
    </oml:quality>
        
  <oml:quality  >
    <oml:name>NaiveBayesAUC</oml:name>
      <oml:value>0.7150087195315136</oml:value>
    </oml:quality>
        
  <oml:quality  >
    <oml:name>NaiveBayesErrRate</oml:name>
      <oml:value>0.43567753001715265</oml:value>
    </oml:quality>
        
  <oml:quality  >
    <oml:name>NaiveBayesKappa</oml:name>
      <oml:value>0.24145314468952656</oml:value>
    </oml:quality>
        
  <oml:quality  >
    <oml:name>NumberOfBinaryFeatures</oml:name>
      <oml:value>2.0</oml:value>
    </oml:quality>
        
  <oml:quality  >
    <oml:name>NumberOfClasses</oml:name>
      <oml:value>2.0</oml:value>
    </oml:quality>
        
  <oml:quality  >
    <oml:name>NumberOfFeatures</oml:name>
      <oml:value>11.0</oml:value>
    </oml:quality>
        
  <oml:quality  >
    <oml:name>NumberOfInstances</oml:name>
      <oml:value>583.0</oml:value>
    </oml:quality>
        
  <oml:quality  >
    <oml:name>NumberOfInstancesWithMissingValues</oml:name>
      <oml:value>0.0</oml:value>
    </oml:quality>
        
  <oml:quality  >
    <oml:name>NumberOfMissingValues</oml:name>
      <oml:value>0.0</oml:value>
    </oml:quality>
        
  <oml:quality  >
    <oml:name>NumberOfNumericFeatures</oml:name>
      <oml:value>9.0</oml:value>
    </oml:quality>
        
  <oml:quality  >
    <oml:name>NumberOfSymbolicFeatures</oml:name>
      <oml:value>2.0</oml:value>
    </oml:quality>
        
  <oml:quality  >
    <oml:name>PercentageOfBinaryFeatures</oml:name>
      <oml:value>18.181818181818183</oml:value>
    </oml:quality>
        
  <oml:quality  >
    <oml:name>PercentageOfInstancesWithMissingValues</oml:name>
      <oml:value>0.0</oml:value>
    </oml:quality>
        
  <oml:quality  >
    <oml:name>PercentageOfMissingValues</oml:name>
      <oml:value>0.0</oml:value>
    </oml:quality>
        
  <oml:quality  >
    <oml:name>PercentageOfNumericFeatures</oml:name>
      <oml:value>81.81818181818183</oml:value>
    </oml:quality>
        
  <oml:quality  >
    <oml:name>PercentageOfSymbolicFeatures</oml:name>
      <oml:value>18.181818181818183</oml:value>
    </oml:quality>
        
  <oml:quality  >
    <oml:name>Quartile1AttributeEntropy</oml:name>
      <oml:value>0.8009231574877496</oml:value>
    </oml:quality>
        
  <oml:quality  >
    <oml:name>Quartile1KurtosisOfNumericAtts</oml:name>
      <oml:value>-0.07743311078942616</oml:value>
    </oml:quality>
        
  <oml:quality  >
    <oml:name>Quartile1MeansOfNumericAtts</oml:name>
      <oml:value>2.313979416809606</oml:value>
    </oml:quality>
        
  <oml:quality  >
    <oml:name>Quartile1MutualInformation</oml:name>
      <oml:value>0.00477057255121</oml:value>
    </oml:quality>
        
  <oml:quality  >
    <oml:name>Quartile1SkewnessOfNumericAtts</oml:name>
      <oml:value>-0.03653502062858911</oml:value>
    </oml:quality>
        
  <oml:quality  >
    <oml:name>Quartile1StdDevOfNumericAtts</oml:name>
      <oml:value>0.9404851449937466</oml:value>
    </oml:quality>
        
  <oml:quality  >
    <oml:name>Quartile2AttributeEntropy</oml:name>
      <oml:value>0.8009231574877496</oml:value>
    </oml:quality>
        
  <oml:quality  >
    <oml:name>Quartile2KurtosisOfNumericAtts</oml:name>
      <oml:value>11.352528764019535</oml:value>
    </oml:quality>
        
  <oml:quality  >
    <oml:name>Quartile2MeansOfNumericAtts</oml:name>
      <oml:value>6.483190394511149</oml:value>
    </oml:quality>
        
  <oml:quality  >
    <oml:name>Quartile2MutualInformation</oml:name>
      <oml:value>0.00477057255121</oml:value>
    </oml:quality>
        
  <oml:quality  >
    <oml:name>Quartile2SkewnessOfNumericAtts</oml:name>
      <oml:value>3.212402862087732</oml:value>
    </oml:quality>
        
  <oml:quality  >
    <oml:name>Quartile2StdDevOfNumericAtts</oml:name>
      <oml:value>6.209521726180145</oml:value>
    </oml:quality>
        
  <oml:quality  >
    <oml:name>Quartile3AttributeEntropy</oml:name>
      <oml:value>0.8009231574877496</oml:value>
    </oml:quality>
        
  <oml:quality  >
    <oml:name>Quartile3KurtosisOfNumericAtts</oml:name>
      <oml:value>43.871620582676755</oml:value>
    </oml:quality>
        
  <oml:quality  >
    <oml:name>Quartile3MeansOfNumericAtts</oml:name>
      <oml:value>95.31217838764996</oml:value>
    </oml:quality>
        
  <oml:quality  >
    <oml:name>Quartile3MutualInformation</oml:name>
      <oml:value>0.00477057255121</oml:value>
    </oml:quality>
        
  <oml:quality  >
    <oml:name>Quartile3SkewnessOfNumericAtts</oml:name>
      <oml:value>5.728332961583485</oml:value>
    </oml:quality>
        
  <oml:quality  >
    <oml:name>Quartile3StdDevOfNumericAtts</oml:name>
      <oml:value>212.77917260677316</oml:value>
    </oml:quality>
        
  <oml:quality  >
    <oml:name>REPTreeDepth1AUC</oml:name>
      <oml:value>0.6079715568862275</oml:value>
    </oml:quality>
        
  <oml:quality  >
    <oml:name>REPTreeDepth1ErrRate</oml:name>
      <oml:value>0.30360205831903947</oml:value>
    </oml:quality>
        
  <oml:quality  >
    <oml:name>REPTreeDepth1Kappa</oml:name>
      <oml:value>0.034000168503038</oml:value>
    </oml:quality>
        
  <oml:quality  >
    <oml:name>REPTreeDepth2AUC</oml:name>
      <oml:value>0.6079715568862275</oml:value>
    </oml:quality>
        
  <oml:quality  >
    <oml:name>REPTreeDepth2ErrRate</oml:name>
      <oml:value>0.30360205831903947</oml:value>
    </oml:quality>
        
  <oml:quality  >
    <oml:name>REPTreeDepth2Kappa</oml:name>
      <oml:value>0.034000168503038</oml:value>
    </oml:quality>
        
  <oml:quality  >
    <oml:name>REPTreeDepth3AUC</oml:name>
      <oml:value>0.6079715568862275</oml:value>
    </oml:quality>
        
  <oml:quality  >
    <oml:name>REPTreeDepth3ErrRate</oml:name>
      <oml:value>0.30360205831903947</oml:value>
    </oml:quality>
        
  <oml:quality  >
    <oml:name>REPTreeDepth3Kappa</oml:name>
      <oml:value>0.034000168503038</oml:value>
    </oml:quality>
        
  <oml:quality  >
    <oml:name>RandomTreeDepth1AUC</oml:name>
      <oml:value>0.5996372639336711</oml:value>
    </oml:quality>
        
  <oml:quality  >
    <oml:name>RandomTreeDepth1ErrRate</oml:name>
      <oml:value>0.3156089193825043</oml:value>
    </oml:quality>
        
  <oml:quality  >
    <oml:name>RandomTreeDepth1Kappa</oml:name>
      <oml:value>0.20515708358032014</oml:value>
    </oml:quality>
        
  <oml:quality  >
    <oml:name>RandomTreeDepth2AUC</oml:name>
      <oml:value>0.5996372639336711</oml:value>
    </oml:quality>
        
  <oml:quality  >
    <oml:name>RandomTreeDepth2ErrRate</oml:name>
      <oml:value>0.3156089193825043</oml:value>
    </oml:quality>
        
  <oml:quality  >
    <oml:name>RandomTreeDepth2Kappa</oml:name>
      <oml:value>0.20515708358032014</oml:value>
    </oml:quality>
        
  <oml:quality  >
    <oml:name>RandomTreeDepth3AUC</oml:name>
      <oml:value>0.5996372639336711</oml:value>
    </oml:quality>
        
  <oml:quality  >
    <oml:name>RandomTreeDepth3ErrRate</oml:name>
      <oml:value>0.3156089193825043</oml:value>
    </oml:quality>
        
  <oml:quality  >
    <oml:name>RandomTreeDepth3Kappa</oml:name>
      <oml:value>0.20515708358032014</oml:value>
    </oml:quality>
        
  <oml:quality  >
    <oml:name>StdvNominalAttDistinctValues</oml:name>
      <oml:value>0.0</oml:value>
    </oml:quality>
        
  <oml:quality  >
    <oml:name>kNN1NAUC</oml:name>
      <oml:value>0.5985720865960387</oml:value>
    </oml:quality>
        
  <oml:quality  >
    <oml:name>kNN1NErrRate</oml:name>
      <oml:value>0.3687821612349914</oml:value>
    </oml:quality>
        
  <oml:quality  >
    <oml:name>kNN1NKappa</oml:name>
      <oml:value>0.17342046780926257</oml:value>
    </oml:quality>
  </oml:data_qualities>
