<oml:data_set_description xmlns:oml="http://openml.org/openml">
  <oml:id>4534</oml:id>
  <oml:name>PhishingWebsites</oml:name>
  <oml:version>1</oml:version>
  <oml:description>**Author**: Rami Mustafa A Mohammad ( University of Huddersfield&quot;,&quot;rami.mohammad '@' hud.ac.uk&quot;,&quot;rami.mustafa.a '@' gmail.com) Lee McCluskey (University of Huddersfield&quot;,&quot;t.l.mccluskey '@' hud.ac.uk )  Fadi Thabtah (Canadian University of Dubai&quot;,&quot;fadi '@' cud.ac.ae)  
**Source**: [UCI](https://archive.ics.uci.edu/ml/datasets/phishing+websites)  
**Please cite**: Please refer to the [Machine Learning Repository's citation policy](https://archive.ics.uci.edu/ml/citation_policy.html)  

Source:

Rami Mustafa A Mohammad ( University of Huddersfield, rami.mohammad '@' hud.ac.uk, rami.mustafa.a '@' gmail.com)
Lee McCluskey (University of Huddersfield,t.l.mccluskey '@' hud.ac.uk )
Fadi Thabtah (Canadian University of Dubai,fadi '@' cud.ac.ae)


Data Set Information:

One of the challenges faced by our research was the unavailability of reliable training datasets. In fact this challenge faces any researcher in the field. However, although plenty of articles about predicting phishing websites have been disseminated these days, no reliable training dataset has been published publically, may be because there is no agreement in literature on the definitive features that characterize phishing webpages, hence it is difficult to shape a dataset that covers all possible features. 
In this dataset, we shed light on the important features that have proved to be sound and effective in predicting phishing websites. In addition, we propose some new features.


Attribute Information:

For Further information about the features see the features file in the [data folder](https://archive.ics.uci.edu/ml/machine-learning-databases/00327/Phishing Websites Features.docx) of UCI.

Relevant Papers:

Mohammad, Rami, McCluskey, T.L. and Thabtah, Fadi (2012) An Assessment of Features Related to Phishing Websites using an Automated Technique. In: International Conferece For Internet Technology And Secured Transactions. ICITST 2012 . IEEE, London, UK, pp. 492-497. ISBN 978-1-4673-5325-0

Mohammad, Rami, Thabtah, Fadi Abdeljaber and McCluskey, T.L. (2014) Predicting phishing websites based on self-structuring neural network. Neural Computing and Applications, 25 (2). pp. 443-458. ISSN 0941-0643

Mohammad, Rami, McCluskey, T.L. and Thabtah, Fadi Abdeljaber (2014) Intelligent Rule based Phishing Websites Classification. IET Information Security, 8 (3). pp. 153-160. ISSN 1751-8709

 

Citation Request:

Please refer to the Machine Learning Repository's citation policy</oml:description>
  <oml:description_version>1</oml:description_version>
  <oml:format>ARFF</oml:format>
  <oml:creator>Rami Mustafa A Mohammad ( University of Huddersfield</oml:creator><oml:creator>rami.mohammad '@' hud.ac.uk</oml:creator><oml:creator>rami.mustafa.a '@' gmail.com) Lee McCluskey (University of Huddersfield</oml:creator><oml:creator>t.l.mccluskey '@' hud.ac.uk )  Fadi Thabtah (Canadian University of Dubai</oml:creator><oml:creator>fadi '@' cud.ac.ae)</oml:creator>      <oml:upload_date>2016-02-16T15:30:33</oml:upload_date>
    <oml:licence>Public</oml:licence>  <oml:url>https://api.openml.org/data/v1/download/1798106/PhishingWebsites.arff</oml:url>
  <oml:parquet_url>http://openml1.win.tue.nl/dataset4534/dataset_4534.pq</oml:parquet_url>  <oml:file_id>1798106</oml:file_id>  <oml:default_target_attribute>Result</oml:default_target_attribute>        <oml:citation>Please refer to the Machine Learning Repository's citation policy</oml:citation>  <oml:tag>OpenML-CC18</oml:tag><oml:tag>OpenML100</oml:tag><oml:tag>study_123</oml:tag><oml:tag>study_14</oml:tag><oml:tag>study_144</oml:tag><oml:tag>study_34</oml:tag><oml:tag>study_52</oml:tag><oml:tag>study_98</oml:tag><oml:tag>study_99</oml:tag>  <oml:visibility>public</oml:visibility>      <oml:minio_url>http://openml1.win.tue.nl/dataset4534/dataset_4534.pq</oml:minio_url>  <oml:status>active</oml:status>
  <oml:processing_date>2018-10-03 22:14:38</oml:processing_date>      <oml:md5_checksum>fa52215c3e8caba4b765afa33bc92657</oml:md5_checksum>
</oml:data_set_description>
