<oml:data_features xmlns:oml="http://openml.org/openml">
    <oml:feature>
    <oml:index>0</oml:index>
    <oml:name>V1</oml:name>
    <oml:data_type>numeric</oml:data_type>
        <oml:is_target>false</oml:is_target>
    <oml:is_ignore>false</oml:is_ignore>
    <oml:is_row_identifier>false</oml:is_row_identifier>
    <oml:number_of_missing_values>0</oml:number_of_missing_values>
  </oml:feature>
    <oml:feature>
    <oml:index>1</oml:index>
    <oml:name>V2</oml:name>
    <oml:data_type>numeric</oml:data_type>
        <oml:is_target>false</oml:is_target>
    <oml:is_ignore>false</oml:is_ignore>
    <oml:is_row_identifier>false</oml:is_row_identifier>
    <oml:number_of_missing_values>0</oml:number_of_missing_values>
  </oml:feature>
    <oml:feature>
    <oml:index>2</oml:index>
    <oml:name>V3</oml:name>
    <oml:data_type>numeric</oml:data_type>
        <oml:is_target>false</oml:is_target>
    <oml:is_ignore>false</oml:is_ignore>
    <oml:is_row_identifier>false</oml:is_row_identifier>
    <oml:number_of_missing_values>0</oml:number_of_missing_values>
  </oml:feature>
    <oml:feature>
    <oml:index>3</oml:index>
    <oml:name>V4</oml:name>
    <oml:data_type>numeric</oml:data_type>
        <oml:is_target>false</oml:is_target>
    <oml:is_ignore>false</oml:is_ignore>
    <oml:is_row_identifier>false</oml:is_row_identifier>
    <oml:number_of_missing_values>0</oml:number_of_missing_values>
  </oml:feature>
    <oml:feature>
    <oml:index>4</oml:index>
    <oml:name>V5</oml:name>
    <oml:data_type>numeric</oml:data_type>
        <oml:is_target>false</oml:is_target>
    <oml:is_ignore>false</oml:is_ignore>
    <oml:is_row_identifier>false</oml:is_row_identifier>
    <oml:number_of_missing_values>0</oml:number_of_missing_values>
  </oml:feature>
    <oml:feature>
    <oml:index>5</oml:index>
    <oml:name>V6</oml:name>
    <oml:data_type>numeric</oml:data_type>
        <oml:is_target>false</oml:is_target>
    <oml:is_ignore>false</oml:is_ignore>
    <oml:is_row_identifier>false</oml:is_row_identifier>
    <oml:number_of_missing_values>0</oml:number_of_missing_values>
  </oml:feature>
    <oml:feature>
    <oml:index>6</oml:index>
    <oml:name>V7</oml:name>
    <oml:data_type>numeric</oml:data_type>
        <oml:is_target>false</oml:is_target>
    <oml:is_ignore>false</oml:is_ignore>
    <oml:is_row_identifier>false</oml:is_row_identifier>
    <oml:number_of_missing_values>0</oml:number_of_missing_values>
  </oml:feature>
    <oml:feature>
    <oml:index>7</oml:index>
    <oml:name>V8</oml:name>
    <oml:data_type>numeric</oml:data_type>
        <oml:is_target>false</oml:is_target>
    <oml:is_ignore>false</oml:is_ignore>
    <oml:is_row_identifier>false</oml:is_row_identifier>
    <oml:number_of_missing_values>0</oml:number_of_missing_values>
  </oml:feature>
    <oml:feature>
    <oml:index>8</oml:index>
    <oml:name>V9</oml:name>
    <oml:data_type>numeric</oml:data_type>
        <oml:is_target>false</oml:is_target>
    <oml:is_ignore>false</oml:is_ignore>
    <oml:is_row_identifier>false</oml:is_row_identifier>
    <oml:number_of_missing_values>0</oml:number_of_missing_values>
  </oml:feature>
    <oml:feature>
    <oml:index>9</oml:index>
    <oml:name>V10</oml:name>
    <oml:data_type>numeric</oml:data_type>
        <oml:is_target>false</oml:is_target>
    <oml:is_ignore>false</oml:is_ignore>
    <oml:is_row_identifier>false</oml:is_row_identifier>
    <oml:number_of_missing_values>0</oml:number_of_missing_values>
  </oml:feature>
    <oml:feature>
    <oml:index>10</oml:index>
    <oml:name>V11</oml:name>
    <oml:data_type>numeric</oml:data_type>
        <oml:is_target>false</oml:is_target>
    <oml:is_ignore>false</oml:is_ignore>
    <oml:is_row_identifier>false</oml:is_row_identifier>
    <oml:number_of_missing_values>0</oml:number_of_missing_values>
  </oml:feature>
    <oml:feature>
    <oml:index>11</oml:index>
    <oml:name>V12</oml:name>
    <oml:data_type>numeric</oml:data_type>
        <oml:is_target>false</oml:is_target>
    <oml:is_ignore>false</oml:is_ignore>
    <oml:is_row_identifier>false</oml:is_row_identifier>
    <oml:number_of_missing_values>0</oml:number_of_missing_values>
  </oml:feature>
    <oml:feature>
    <oml:index>12</oml:index>
    <oml:name>V13</oml:name>
    <oml:data_type>numeric</oml:data_type>
        <oml:is_target>false</oml:is_target>
    <oml:is_ignore>false</oml:is_ignore>
    <oml:is_row_identifier>false</oml:is_row_identifier>
    <oml:number_of_missing_values>0</oml:number_of_missing_values>
  </oml:feature>
    <oml:feature>
    <oml:index>13</oml:index>
    <oml:name>V14</oml:name>
    <oml:data_type>numeric</oml:data_type>
        <oml:is_target>false</oml:is_target>
    <oml:is_ignore>false</oml:is_ignore>
    <oml:is_row_identifier>false</oml:is_row_identifier>
    <oml:number_of_missing_values>0</oml:number_of_missing_values>
  </oml:feature>
    <oml:feature>
    <oml:index>14</oml:index>
    <oml:name>Class</oml:name>
    <oml:data_type>nominal</oml:data_type>
          <oml:nominal_value>1</oml:nominal_value>
          <oml:nominal_value>2</oml:nominal_value>
        <oml:is_target>true</oml:is_target>
    <oml:is_ignore>false</oml:is_ignore>
    <oml:is_row_identifier>false</oml:is_row_identifier>
    <oml:number_of_missing_values>0</oml:number_of_missing_values>
  </oml:feature>
  </oml:data_features>
