,Final Score
LOC_CODE_AND_COMMENT,131.3162574935558
BRANCH_COUNT,132.51159558723322
GLOBAL_DATA_DENSITY,134.3986590356341
ESSENTIAL_COMPLEXITY,134.54234715206863
HALSTEAD_EFFORT,134.71735363209282
MAINTENANCE_SEVERITY,136.0438456777433
CYCLOMATIC_COMPLEXITY,136.17687706708668
HALSTEAD_CONTENT,136.36016497501987
LOC_BLANK,136.52108248377783
NUMBER_OF_LINES,136.70693893010144
DECISION_COUNT,136.74830409028226
NUM_OPERANDS,136.8020184892075
LOC_COMMENTS,136.8182383464179
PERCENT_COMMENTS,137.01333481477542
HALSTEAD_DIFFICULTY,137.1647547360164
NORMALIZED_CYLOMATIC_COMPLEXITY,137.40933032827647
PARAMETER_COUNT,137.5433962637618
DECISION_DENSITY,137.80842698825498
MODIFIED_CONDITION_COUNT,137.80842698825498
NODE_COUNT,137.80842698825498
CALL_PAIRS,137.80842698825498
NUM_OPERATORS,137.80842698825498
NUM_UNIQUE_OPERANDS,137.80842698825498
NUM_UNIQUE_OPERATORS,137.80842698825498
MULTIPLE_CONDITION_COUNT,137.80842698825498
HALSTEAD_VOLUME,137.80842698825498
HALSTEAD_LENGTH,137.80842698825498
HALSTEAD_LEVEL,137.80842698825498
HALSTEAD_ERROR_EST,137.80842698825498
CONDITION_COUNT,137.80842698825498
GLOBAL_DATA_COMPLEXITY,137.80842698825498
LOC_EXECUTABLE,137.80842698825498
ESSENTIAL_DENSITY,137.80842698825498
CYCLOMATIC_DENSITY,137.80842698825498
EDGE_COUNT,137.80842698825498
DESIGN_DENSITY,137.80842698825498
DESIGN_COMPLEXITY,137.80842698825498
HALSTEAD_PROG_TIME,137.80842698825498
LOC_TOTAL,137.80842698825498
