,Final Score
DESIGN_DENSITY,136.1092943717984
LOC_CODE_AND_COMMENT,136.1538872686868
NUM_OPERATORS,136.48627241113124
NUM_OPERANDS,136.48627241113124
LOC_EXECUTABLE,136.62296815711363
LOC_TOTAL,136.75966390309605
PARAMETER_COUNT,136.75966390309605
HALSTEAD_LENGTH,136.75966390309605
EDGE_COUNT,136.75966390309605
HALSTEAD_PROG_TIME,136.75966390309605
PERCENT_COMMENTS,136.75966390309605
NORMALIZED_CYLOMATIC_COMPLEXITY,136.75966390309605
NUM_UNIQUE_OPERATORS,136.75966390309605
MAINTENANCE_SEVERITY,136.89635964907845
MULTIPLE_CONDITION_COUNT,136.89635964907845
HALSTEAD_EFFORT,136.89635964907845
DECISION_DENSITY,136.89635964907845
HALSTEAD_VOLUME,137.03305539506087
HALSTEAD_LEVEL,137.03305539506087
LOC_BLANK,137.03305539506087
CYCLOMATIC_DENSITY,137.03305539506087
GLOBAL_DATA_COMPLEXITY,137.16975114104326
NODE_COUNT,137.16975114104326
ESSENTIAL_COMPLEXITY,137.3064468870257
HALSTEAD_DIFFICULTY,137.44314263300808
NUMBER_OF_LINES,137.44314263300808
BRANCH_COUNT,137.44314263300808
NUM_UNIQUE_OPERANDS,137.44314263300808
CALL_PAIRS,137.44314263300808
LOC_COMMENTS,137.44314263300808
CONDITION_COUNT,137.44314263300808
CYCLOMATIC_COMPLEXITY,137.44314263300808
MODIFIED_CONDITION_COUNT,137.44314263300808
DECISION_COUNT,137.44314263300808
DESIGN_COMPLEXITY,137.44314263300808
ESSENTIAL_DENSITY,137.44314263300808
HALSTEAD_ERROR_EST,137.44314263300808
GLOBAL_DATA_DENSITY,137.44314263300808
HALSTEAD_CONTENT,137.44314263300808
