,Final Score
LOC_CODE_AND_COMMENT,136.47058618307324
LOC_TOTAL,136.62799968628948
BRANCH_COUNT,136.62799968628948
EDGE_COUNT,136.9137129723178
DESIGN_COMPLEXITY,136.9137129723178
CYCLOMATIC_COMPLEXITY,136.9137129723178
LOC_BLANK,136.9137129723178
CYCLOMATIC_DENSITY,137.05656961533197
MULTIPLE_CONDITION_COUNT,137.05656961533197
HALSTEAD_LEVEL,137.05656961533197
HALSTEAD_DIFFICULTY,137.05656961533197
CALL_PAIRS,137.05656961533197
HALSTEAD_CONTENT,137.05656961533197
ESSENTIAL_COMPLEXITY,137.1994262583461
ESSENTIAL_DENSITY,137.1994262583461
MAINTENANCE_SEVERITY,137.34228290136028
HALSTEAD_EFFORT,137.34228290136028
LOC_COMMENTS,137.34228290136028
PERCENT_COMMENTS,137.34228290136028
HALSTEAD_PROG_TIME,137.34228290136028
HALSTEAD_ERROR_EST,137.48513954437442
NUMBER_OF_LINES,137.6279961873886
NUM_UNIQUE_OPERATORS,137.6279961873886
NUM_UNIQUE_OPERANDS,137.6279961873886
NUM_OPERATORS,137.6279961873886
NUM_OPERANDS,137.6279961873886
NORMALIZED_CYLOMATIC_COMPLEXITY,137.6279961873886
NODE_COUNT,137.6279961873886
GLOBAL_DATA_DENSITY,137.6279961873886
GLOBAL_DATA_COMPLEXITY,137.6279961873886
LOC_EXECUTABLE,137.6279961873886
HALSTEAD_VOLUME,137.6279961873886
DESIGN_DENSITY,137.6279961873886
DECISION_DENSITY,137.6279961873886
HALSTEAD_LENGTH,137.6279961873886
CONDITION_COUNT,137.6279961873886
PARAMETER_COUNT,137.6279961873886
MODIFIED_CONDITION_COUNT,137.6279961873886
DECISION_COUNT,137.6279961873886
