,Final Score
HALSTEAD_DIFFICULTY,130.26859702736957
CYCLOMATIC_DENSITY,131.50088918346455
LOC_CODE_AND_COMMENT,133.19275302019116
BRANCH_COUNT,133.37544128660818
HALSTEAD_CONTENT,133.54615878004134
LOC_COMMENTS,133.94686985803676
DESIGN_DENSITY,133.96215577999462
NUM_UNIQUE_OPERATORS,134.12573988451243
MAINTENANCE_SEVERITY,134.35803204060738
HALSTEAD_EFFORT,134.4114541702267
LOC_BLANK,134.50088918346455
NUM_OPERATORS,134.87603848241665
PERCENT_COMMENTS,134.87603848241665
HALSTEAD_PROG_TIME,134.87603848241665
DECISION_DENSITY,135.10833063851163
ESSENTIAL_COMPLEXITY,135.10833063851163
NUMBER_OF_LINES,135.57291495070157
CALL_PAIRS,135.57291495070157
NUM_UNIQUE_OPERANDS,135.57291495070157
NUM_OPERANDS,135.57291495070157
NORMALIZED_CYLOMATIC_COMPLEXITY,135.57291495070157
NODE_COUNT,135.57291495070157
MULTIPLE_CONDITION_COUNT,135.57291495070157
MODIFIED_CONDITION_COUNT,135.57291495070157
CONDITION_COUNT,135.57291495070157
HALSTEAD_VOLUME,135.57291495070157
HALSTEAD_LEVEL,135.57291495070157
HALSTEAD_LENGTH,135.57291495070157
HALSTEAD_ERROR_EST,135.57291495070157
CYCLOMATIC_COMPLEXITY,135.57291495070157
DECISION_COUNT,135.57291495070157
GLOBAL_DATA_DENSITY,135.57291495070157
GLOBAL_DATA_COMPLEXITY,135.57291495070157
PARAMETER_COUNT,135.57291495070157
LOC_EXECUTABLE,135.57291495070157
ESSENTIAL_DENSITY,135.57291495070157
EDGE_COUNT,135.57291495070157
DESIGN_COMPLEXITY,135.57291495070157
LOC_TOTAL,135.57291495070157
