,Final Score
Bumps,292.17313206357056
K_Scatch,382.9088858462778
Z_Scratch,421.38390072929076
Pastry,433.8828702430151
Stains,478.7169380189895
Dirtiness,489.1396588842309
SigmoidOfAreas,494.4867269428935
Luminosity_Index,494.4867269428935
Orientation_Index,494.4867269428935
Log_Y_Index,494.4867269428935
Log_X_Index,494.4867269428935
LogOfAreas,494.4867269428935
Outside_Global_Index,494.4867269428935
Edges_Y_Index,494.4867269428935
Edges_X_Index,494.4867269428935
Outside_X_Index,494.4867269428935
X_Minimum,494.4867269428935
Edges_Index,494.4867269428935
Steel_Plate_Thickness,494.4867269428935
TypeOfSteel_A400,494.4867269428935
TypeOfSteel_A300,494.4867269428935
Length_of_Conveyer,494.4867269428935
Maximum_of_Luminosity,494.4867269428935
Minimum_of_Luminosity,494.4867269428935
Sum_of_Luminosity,494.4867269428935
Y_Perimeter,494.4867269428935
X_Perimeter,494.4867269428935
Pixels_Areas,494.4867269428935
Y_Maximum,494.4867269428935
Y_Minimum,494.4867269428935
X_Maximum,494.4867269428935
Empty_Index,494.4867269428935
Square_Index,494.4867269428935
