,Final Score
K_Scatch,410.9906516741985
Bumps,412.27636595991277
Z_Scratch,434.8477945313413
Pastry,443.56208024562704
Stains,464.81369068779526
Dirtiness,467.66952240241756
SigmoidOfAreas,499.7191730838164
Luminosity_Index,499.7191730838164
Orientation_Index,499.7191730838164
Log_Y_Index,499.7191730838164
Log_X_Index,499.7191730838164
LogOfAreas,499.7191730838164
Outside_Global_Index,499.7191730838164
Edges_Y_Index,499.7191730838164
Edges_X_Index,499.7191730838164
Outside_X_Index,499.7191730838164
X_Minimum,499.7191730838164
Edges_Index,499.7191730838164
Steel_Plate_Thickness,499.7191730838164
TypeOfSteel_A400,499.7191730838164
TypeOfSteel_A300,499.7191730838164
Length_of_Conveyer,499.7191730838164
Maximum_of_Luminosity,499.7191730838164
Minimum_of_Luminosity,499.7191730838164
Sum_of_Luminosity,499.7191730838164
Y_Perimeter,499.7191730838164
X_Perimeter,499.7191730838164
Pixels_Areas,499.7191730838164
Y_Maximum,499.7191730838164
Y_Minimum,499.7191730838164
X_Maximum,499.7191730838164
Empty_Index,499.7191730838164
Square_Index,499.7191730838164
