,Final Score
Bumps,420.9134987322162
Z_Scratch,449.4849273036448
Pastry,464.9134987322162
K_Scatch,472.4849273036448
Stains,497.13124381541667
Dirtiness,497.5145871775176
LogOfAreas,498.13878101633674
Pixels_Areas,498.2522233739441
SigmoidOfAreas,498.2522233739441
Y_Perimeter,498.4321335737407
Square_Index,498.5925504467662
X_Perimeter,498.5925504467662
TypeOfSteel_A300,498.7059928043736
X_Maximum,498.7059928043736
Y_Minimum,498.7059928043736
Y_Maximum,498.7059928043736
Sum_of_Luminosity,498.7059928043736
Luminosity_Index,498.7059928043736
Log_X_Index,498.7059928043736
Length_of_Conveyer,498.7059928043736
Minimum_of_Luminosity,498.7059928043736
Edges_Y_Index,498.7059928043736
Outside_X_Index,498.7059928043736
Maximum_of_Luminosity,498.7059928043736
Empty_Index,498.7059928043736
Edges_Index,498.7059928043736
TypeOfSteel_A400,498.7059928043736
Outside_Global_Index,498.7059928043736
X_Minimum,498.7059928043736
Steel_Plate_Thickness,498.7192929541202
Edges_X_Index,498.7458932536135
Log_Y_Index,498.7591934033601
Orientation_Index,498.7591934033601
