,Final Score
K_Scatch,325.14698291379295
Bumps,332.876038153765
Z_Scratch,439.13850119552086
Pastry,442.5724526941318
Stains,469.4333793426876
Dirtiness,483.8317455625252
SigmoidOfAreas,489.9696880284666
Luminosity_Index,489.9696880284666
Orientation_Index,489.9696880284666
Log_Y_Index,489.9696880284666
Log_X_Index,489.9696880284666
LogOfAreas,489.9696880284666
Outside_Global_Index,489.9696880284666
Edges_Y_Index,489.9696880284666
Edges_X_Index,489.9696880284666
Outside_X_Index,489.9696880284666
X_Minimum,489.9696880284666
Edges_Index,489.9696880284666
Steel_Plate_Thickness,489.9696880284666
TypeOfSteel_A400,489.9696880284666
TypeOfSteel_A300,489.9696880284666
Length_of_Conveyer,489.9696880284666
Maximum_of_Luminosity,489.9696880284666
Minimum_of_Luminosity,489.9696880284666
Sum_of_Luminosity,489.9696880284666
Y_Perimeter,489.9696880284666
X_Perimeter,489.9696880284666
Pixels_Areas,489.9696880284666
Y_Maximum,489.9696880284666
Y_Minimum,489.9696880284666
X_Maximum,489.9696880284666
Empty_Index,489.9696880284666
Square_Index,489.9696880284666
