,Final Score
LOC_CODE_AND_COMMENT,385.75581666459726
ESSENTIAL_DENSITY,396.44912879774665
DECISION_DENSITY,416.22507288005454
MODIFIED_CONDITION_COUNT,417.3914095812801
CONDITION_COUNT,419.06413553375086
CYCLOMATIC_DENSITY,419.65245150343816
PERCENT_COMMENTS,419.78052319866794
HALSTEAD_LEVEL,421.20713546206633
ESSENTIAL_COMPLEXITY,421.3451326742664
LOC_EXECUTABLE,421.5171537922761
HALSTEAD_ERROR_EST,421.8239506298321
PARAMETER_COUNT,421.87256980522056
MULTIPLE_CONDITION_COUNT,422.12555866282605
DECISION_COUNT,424.4427939910171
LOC_COMMENTS,425.4804193949191
HALSTEAD_DIFFICULTY,427.18100492773186
EDGE_COUNT,427.4596093048059
MAINTENANCE_SEVERITY,427.70377594008096
LOC_TOTAL,427.96034445882003
BRANCH_COUNT,428.5583859404541
NORMALIZED_CYLOMATIC_COMPLEXITY,429.33067852616074
HALSTEAD_EFFORT,429.3314970612379
LOC_BLANK,429.4170923319357
NUM_UNIQUE_OPERATORS,429.71376405108015
CYCLOMATIC_COMPLEXITY,430.1562860298817
NUMBER_OF_LINES,431.3544736876162
NUM_UNIQUE_OPERANDS,431.92526632521805
NODE_COUNT,432.20553748692714
HALSTEAD_CONTENT,432.35187146155414
DESIGN_DENSITY,432.84261115759693
HALSTEAD_VOLUME,433.2379692455798
CALL_PAIRS,433.25235806260076
HALSTEAD_PROG_TIME,433.6324835874165
NUM_OPERATORS,433.8539828131112
NUM_OPERANDS,433.8669133390911
HALSTEAD_LENGTH,434.1347007269026
DESIGN_COMPLEXITY,434.17526039534187
