,Final Score
HALSTEAD_LEVEL,245.41351572671763
ESSENTIAL_DENSITY,245.41351572671763
HALSTEAD_LENGTH,299.11539606047415
LOC_CODE_AND_COMMENT,332.1209146450713
NORMALIZED_CYLOMATIC_COMPLEXITY,352.22356688028185
ESSENTIAL_COMPLEXITY,376.8889117221218
BRANCH_COUNT,378.2511840325351
CYCLOMATIC_DENSITY,389.94695521182143
CONDITION_COUNT,392.5987672061839
DECISION_DENSITY,395.38869476960735
PARAMETER_COUNT,405.1156001503859
LOC_BLANK,405.18260063686307
HALSTEAD_PROG_TIME,409.9090565519171
NUMBER_OF_LINES,415.11342774046176
HALSTEAD_EFFORT,417.12844537600137
HALSTEAD_DIFFICULTY,417.7261126173045
NUM_OPERANDS,417.962921182612
DESIGN_DENSITY,418.5605292754174
MAINTENANCE_SEVERITY,420.9468015703609
LOC_COMMENTS,421.75302185290957
DECISION_COUNT,423.34817317253464
MODIFIED_CONDITION_COUNT,423.8714437273851
NUM_UNIQUE_OPERATORS,424.2017222416822
NUM_UNIQUE_OPERANDS,424.249637315472
PERCENT_COMMENTS,424.6050402452048
MULTIPLE_CONDITION_COUNT,425.2538771682122
CALL_PAIRS,426.62599253532034
NODE_COUNT,427.83993726843937
HALSTEAD_VOLUME,428.8538477887383
NUM_OPERATORS,428.90448154979254
DESIGN_COMPLEXITY,429.6107501838824
LOC_EXECUTABLE,430.2377668485294
LOC_TOTAL,430.56746902130186
CYCLOMATIC_COMPLEXITY,431.17184482936557
EDGE_COUNT,431.9936906365438
HALSTEAD_CONTENT,432.32533527136604
HALSTEAD_ERROR_EST,432.7633063378817
