,Final Score
BRANCH_COUNT,78.5443903779201
HALSTEAD_PROG_TIME,78.5443903779201
ESSENTIAL_DENSITY,78.5443903779201
LOC_CODE_AND_COMMENT,109.91033333280973
NORMALIZED_CYLOMATIC_COMPLEXITY,122.33403275593804
HALSTEAD_VOLUME,125.03259536194857
CONDITION_COUNT,156.35993175974355
CALL_PAIRS,172.34292699556758
DESIGN_COMPLEXITY,175.82423618992362
ESSENTIAL_COMPLEXITY,179.2777061552005
HALSTEAD_LEVEL,180.23301958409186
LOC_BLANK,202.25844050410004
PERCENT_COMMENTS,220.49294314665744
HALSTEAD_CONTENT,224.260618162519
LOC_TOTAL,224.55476743814955
NUM_UNIQUE_OPERANDS,224.59775782854865
DESIGN_DENSITY,225.809106648507
LOC_EXECUTABLE,227.06993223867207
MODIFIED_CONDITION_COUNT,229.65532846399054
MULTIPLE_CONDITION_COUNT,231.0301210566736
DECISION_COUNT,231.0301210566736
HALSTEAD_ERROR_EST,273.77863940789354
PARAMETER_COUNT,278.456650285998
CYCLOMATIC_DENSITY,311.2691351806561
NUM_UNIQUE_OPERATORS,322.5506641431743
MAINTENANCE_SEVERITY,322.6047382483347
NUM_OPERANDS,327.0768323146771
HALSTEAD_LENGTH,330.99757506857264
NODE_COUNT,331.59798663789843
LOC_COMMENTS,366.441623903987
NUMBER_OF_LINES,377.2281615779364
HALSTEAD_EFFORT,380.43426104034194
DECISION_DENSITY,382.8498083157657
NUM_OPERATORS,428.69865790591297
CYCLOMATIC_COMPLEXITY,430.1389352369603
EDGE_COUNT,432.9451971185966
HALSTEAD_DIFFICULTY,433.3110169063288
