,Final Score
LOC_CODE_AND_COMMENT,345.4716261472356
CYCLOMATIC_DENSITY,404.9873729226921
LOC_BLANK,406.93949274855163
LOC_COMMENTS,412.2582329179194
PERCENT_COMMENTS,417.20752511407136
DECISION_COUNT,417.94121698905246
DECISION_DENSITY,418.1184872587439
LOC_TOTAL,418.23106206503513
NUM_UNIQUE_OPERATORS,418.6270412342364
CONDITION_COUNT,420.03390174020603
CALL_PAIRS,420.0382107134625
MODIFIED_CONDITION_COUNT,421.73786628853145
MULTIPLE_CONDITION_COUNT,423.4304073394241
LOC_EXECUTABLE,423.4357680931934
MAINTENANCE_SEVERITY,424.9764035656101
NUM_UNIQUE_OPERANDS,425.02690584455803
NORMALIZED_CYLOMATIC_COMPLEXITY,426.17763741521543
DESIGN_COMPLEXITY,426.4546490454412
NUMBER_OF_LINES,426.72747712255165
NODE_COUNT,428.2855213837969
HALSTEAD_CONTENT,428.32264059305055
HALSTEAD_LEVEL,428.4329808032929
CYCLOMATIC_COMPLEXITY,429.5723440115543
NUM_OPERANDS,429.6055286757533
HALSTEAD_VOLUME,429.620233977813
HALSTEAD_LENGTH,429.7955705659426
HALSTEAD_ERROR_EST,430.835130147552
HALSTEAD_DIFFICULTY,430.93569643429305
PARAMETER_COUNT,430.99251870241505
EDGE_COUNT,431.0597457880382
NUM_OPERATORS,431.1719333716094
DESIGN_DENSITY,431.1754126020242
BRANCH_COUNT,432.00564016272233
ESSENTIAL_COMPLEXITY,432.2456221847659
HALSTEAD_EFFORT,432.33630904409796
HALSTEAD_PROG_TIME,433.38678715071694
ESSENTIAL_DENSITY,434.0472956995285
