<oml:data_features xmlns:oml="http://openml.org/openml">
    <oml:feature>
    <oml:index>0</oml:index>
    <oml:name>top-left-square</oml:name>
    <oml:data_type>nominal</oml:data_type>
          <oml:nominal_value>b</oml:nominal_value>
          <oml:nominal_value>o</oml:nominal_value>
          <oml:nominal_value>x</oml:nominal_value>
        <oml:is_target>false</oml:is_target>
    <oml:is_ignore>false</oml:is_ignore>
    <oml:is_row_identifier>false</oml:is_row_identifier>
    <oml:number_of_missing_values>0</oml:number_of_missing_values>
  </oml:feature>
    <oml:feature>
    <oml:index>1</oml:index>
    <oml:name>top-middle-square</oml:name>
    <oml:data_type>nominal</oml:data_type>
          <oml:nominal_value>b</oml:nominal_value>
          <oml:nominal_value>o</oml:nominal_value>
          <oml:nominal_value>x</oml:nominal_value>
        <oml:is_target>false</oml:is_target>
    <oml:is_ignore>false</oml:is_ignore>
    <oml:is_row_identifier>false</oml:is_row_identifier>
    <oml:number_of_missing_values>0</oml:number_of_missing_values>
  </oml:feature>
    <oml:feature>
    <oml:index>2</oml:index>
    <oml:name>top-right-square</oml:name>
    <oml:data_type>nominal</oml:data_type>
          <oml:nominal_value>b</oml:nominal_value>
          <oml:nominal_value>o</oml:nominal_value>
          <oml:nominal_value>x</oml:nominal_value>
        <oml:is_target>false</oml:is_target>
    <oml:is_ignore>false</oml:is_ignore>
    <oml:is_row_identifier>false</oml:is_row_identifier>
    <oml:number_of_missing_values>0</oml:number_of_missing_values>
  </oml:feature>
    <oml:feature>
    <oml:index>3</oml:index>
    <oml:name>middle-left-square</oml:name>
    <oml:data_type>nominal</oml:data_type>
          <oml:nominal_value>b</oml:nominal_value>
          <oml:nominal_value>o</oml:nominal_value>
          <oml:nominal_value>x</oml:nominal_value>
        <oml:is_target>false</oml:is_target>
    <oml:is_ignore>false</oml:is_ignore>
    <oml:is_row_identifier>false</oml:is_row_identifier>
    <oml:number_of_missing_values>0</oml:number_of_missing_values>
  </oml:feature>
    <oml:feature>
    <oml:index>4</oml:index>
    <oml:name>middle-middle-square</oml:name>
    <oml:data_type>nominal</oml:data_type>
          <oml:nominal_value>b</oml:nominal_value>
          <oml:nominal_value>o</oml:nominal_value>
          <oml:nominal_value>x</oml:nominal_value>
        <oml:is_target>false</oml:is_target>
    <oml:is_ignore>false</oml:is_ignore>
    <oml:is_row_identifier>false</oml:is_row_identifier>
    <oml:number_of_missing_values>0</oml:number_of_missing_values>
  </oml:feature>
    <oml:feature>
    <oml:index>5</oml:index>
    <oml:name>middle-right-square</oml:name>
    <oml:data_type>nominal</oml:data_type>
          <oml:nominal_value>b</oml:nominal_value>
          <oml:nominal_value>o</oml:nominal_value>
          <oml:nominal_value>x</oml:nominal_value>
        <oml:is_target>false</oml:is_target>
    <oml:is_ignore>false</oml:is_ignore>
    <oml:is_row_identifier>false</oml:is_row_identifier>
    <oml:number_of_missing_values>0</oml:number_of_missing_values>
  </oml:feature>
    <oml:feature>
    <oml:index>6</oml:index>
    <oml:name>bottom-left-square</oml:name>
    <oml:data_type>nominal</oml:data_type>
          <oml:nominal_value>b</oml:nominal_value>
          <oml:nominal_value>o</oml:nominal_value>
          <oml:nominal_value>x</oml:nominal_value>
        <oml:is_target>false</oml:is_target>
    <oml:is_ignore>false</oml:is_ignore>
    <oml:is_row_identifier>false</oml:is_row_identifier>
    <oml:number_of_missing_values>0</oml:number_of_missing_values>
  </oml:feature>
    <oml:feature>
    <oml:index>7</oml:index>
    <oml:name>bottom-middle-square</oml:name>
    <oml:data_type>nominal</oml:data_type>
          <oml:nominal_value>b</oml:nominal_value>
          <oml:nominal_value>o</oml:nominal_value>
          <oml:nominal_value>x</oml:nominal_value>
        <oml:is_target>false</oml:is_target>
    <oml:is_ignore>false</oml:is_ignore>
    <oml:is_row_identifier>false</oml:is_row_identifier>
    <oml:number_of_missing_values>0</oml:number_of_missing_values>
  </oml:feature>
    <oml:feature>
    <oml:index>8</oml:index>
    <oml:name>bottom-right-square</oml:name>
    <oml:data_type>nominal</oml:data_type>
          <oml:nominal_value>b</oml:nominal_value>
          <oml:nominal_value>o</oml:nominal_value>
          <oml:nominal_value>x</oml:nominal_value>
        <oml:is_target>false</oml:is_target>
    <oml:is_ignore>false</oml:is_ignore>
    <oml:is_row_identifier>false</oml:is_row_identifier>
    <oml:number_of_missing_values>0</oml:number_of_missing_values>
  </oml:feature>
    <oml:feature>
    <oml:index>9</oml:index>
    <oml:name>Class</oml:name>
    <oml:data_type>nominal</oml:data_type>
          <oml:nominal_value>negative</oml:nominal_value>
          <oml:nominal_value>positive</oml:nominal_value>
        <oml:is_target>true</oml:is_target>
    <oml:is_ignore>false</oml:is_ignore>
    <oml:is_row_identifier>false</oml:is_row_identifier>
    <oml:number_of_missing_values>0</oml:number_of_missing_values>
  </oml:feature>
  </oml:data_features>
