,att_original_names,shap_m1,shap_m2,shap_m3,shap_m4,eli5_m1,eli5_m2,eli5_m3,eli5_m4,dalex_m1,dalex_m2,dalex_m3,dalex_m4,ci_m1,ci_m2,ci_m3,ci_m4,skater_m1,skater_m2,skater_m3,skater_m4,lofo_m1,lofo_m2,lofo_m3,lofo_m4,exirt_m1,exirt_m2,exirt_m3,exirt_m4
0,loc,lOCode,lOCode,lOCode,lOCode,… 1 more …,… 1 more …,… 1 more …,… 1 more …,lOCode,lOCode,lOCode,i,total_Opnd,b,lOBlank,d,loc,loc,t,loc,ev(g),lOComment,v(g),uniq_Op,loc,loc,lOBlank,loc
1,v(g),loc,i,v,i,loc,loc,lOCode,loc,loc,loc,loc,loc,lOBlank,lOBlank,loc,total_Opnd,lOCode,lOCode,lOCode,i,loc,uniq_Op,locCodeAndComment,n,total_Opnd,lOCode,total_Opnd,d
2,ev(g),uniq_Op,v,i,uniq_Opnd,lOCode,lOCode,loc,d,d,i,t,d,loc,loc,total_Opnd,v(g),total_Opnd,i,total_Op,d,t,iv(g),iv(g),lOCode,lOBlank,uniq_Op,lOCode,total_Opnd
3,iv(g),d,loc,t,v,v(g),t,b,uniq_Opnd,total_Op,d,i,uniq_Opnd,b,uniq_Op,total_Op,i,i,total_Opnd,e,lOCode,n,loc,ev(g),i,lOCode,lOBlank,loc,i
4,n,i,e,total_Opnd,v(g),d,n,d,i,b,lOBlank,total_Opnd,lOCode,d,lOCode,v,lOBlank,d,v,v,uniq_Opnd,e,total_Opnd,b,branchCount,b,b,n,uniq_Op
5,v,total_Opnd,t,total_Op,d,lOComment,uniq_Opnd,e,total_Opnd,i,total_Opnd,b,v,i,d,uniq_Op,uniq_Opnd,total_Op,d,loc,branchCount,branchCount,branchCount,lOCode,v(g),d,total_Opnd,b,uniq_Opnd
6,l,b,d,d,loc,e,total_Op,lOBlank,branchCount,total_Opnd,b,total_Op,branchCount,uniq_Opnd,lOComment,e,lOCode,lOBlank,b,d,v,l,locCodeAndComment,uniq_Opnd,b,total_Op,total_Op,d,lOBlank
7,d,e,total_Opnd,n,lOBlank,total_Opnd,v,total_Opnd,lOBlank,lOBlank,v,d,v(g),total_Op,locCodeAndComment,uniq_Opnd,l,e,uniq_Op,n,total_Opnd,total_Op,n,branchCount,loc,v(g),lOComment,lOComment,lOComment
8,i,v(g),uniq_Op,uniq_Opnd,branchCount,l,lOBlank,l,v(g),iv(g),uniq_Op,n,total_Opnd,iv(g),l,d,uniq_Op,b,lOBlank,i,v(g),iv(g),lOCode,l,e,i,iv(g),i,v(g)
9,e,v,lOBlank,b,total_Opnd,total_Op,ev(g),iv(g),lOCode,uniq_Op,lOComment,v,lOComment,e,total_Opnd,lOCode,loc,v,total_Op,total_Opnd,lOBlank,d,i,lOComment,locCodeAndComment,e,branchCount,uniq_Op,branchCount
10,b,total_Op,locCodeAndComment,loc,locCodeAndComment,v,iv(g),i,t,lOComment,uniq_Opnd,lOBlank,e,uniq_Op,uniq_Opnd,l,v,v(g),uniq_Opnd,b,t,locCodeAndComment,ev(g),total_Opnd,iv(g),uniq_Op,i,total_Op,l
11,t,lOBlank,total_Op,lOBlank,uniq_Op,t,i,uniq_Opnd,n,e,l,e,lOBlank,v,i,t,locCodeAndComment,n,l,uniq_Opnd,l,lOComment,d,uniq_Op,total_Op,ev(g),e,uniq_Opnd,total_Op
12,lOCode,locCodeAndComment,b,e,ev(g),iv(g),branchCount,lOComment,v,v,t,l,locCodeAndComment,n,ev(g),lOComment,b,uniq_Op,e,uniq_Op,e,v(g),v(g),e,t,v,d,branchCount,lOCode
13,lOComment,n,uniq_Opnd,uniq_Op,t,i,uniq_Op,uniq_Op,uniq_Op,t,total_Op,lOComment,l,branchCount,total_Op,i,lOComment,iv(g),t,l,uniq_Op,uniq_Op,b,t,lOComment,iv(g),uniq_Opnd,iv(g),n
14,lOBlank,uniq_Opnd,n,l,e,uniq_Op,l,t,locCodeAndComment,uniq_Opnd,n,uniq_Opnd,uniq_Op,v(g),e,n,branchCount,uniq_Opnd,n,lOBlank,total_Op,v,v,n,uniq_Opnd,lOComment,v,v,t
15,locCodeAndComment,l,l,branchCount,iv(g),n,v(g),v(g),e,v(g),branchCount,iv(g),iv(g),l,branchCount,iv(g),t,ev(g),branchCount,iv(g),n,total_Opnd,total_Op,loc,l,n,v(g),v(g),v
16,uniq_Op,iv(g),ev(g),lOComment,total_Op,uniq_Opnd,b,n,lOComment,l,iv(g),uniq_Op,t,lOCode,v,b,total_Op,lOComment,iv(g),v(g),locCodeAndComment,uniq_Opnd,t,d,v,branchCount,ev(g),l,e
17,uniq_Opnd,ev(g),iv(g),v(g),lOComment,b,total_Opnd,branchCount,iv(g),ev(g),ev(g),v(g),n,lOComment,t,branchCount,e,l,ev(g),lOComment,ev(g),i,e,total_Op,ev(g),uniq_Opnd,n,t,locCodeAndComment
18,total_Op,lOComment,v(g),ev(g),n,branchCount,lOComment,locCodeAndComment,b,branchCount,e,branchCount,total_Op,ev(g),v(g),ev(g),iv(g),locCodeAndComment,v(g),branchCount,lOComment,b,uniq_Opnd,i,lOBlank,locCodeAndComment,locCodeAndComment,e,iv(g)
19,total_Opnd,branchCount,lOComment,iv(g),l,locCodeAndComment,e,total_Op,ev(g),locCodeAndComment,v(g),ev(g),b,locCodeAndComment,n,v(g),ev(g),branchCount,lOComment,ev(g),iv(g),lOCode,l,lOBlank,total_Opnd,l,t,ev(g),ev(g)
20,branchCount,t,branchCount,locCodeAndComment,b,ev(g),d,v,l,n,locCodeAndComment,locCodeAndComment,ev(g),t,iv(g),locCodeAndComment,n,t,locCodeAndComment,locCodeAndComment,b,lOBlank,lOBlank,v,d,t,l,locCodeAndComment,b
