<oml:data_features xmlns:oml="http://openml.org/openml">
    <oml:feature>
    <oml:index>0</oml:index>
    <oml:name>V1</oml:name>
    <oml:data_type>numeric</oml:data_type>
        <oml:is_target>false</oml:is_target>
    <oml:is_ignore>false</oml:is_ignore>
    <oml:is_row_identifier>false</oml:is_row_identifier>
    <oml:number_of_missing_values>0</oml:number_of_missing_values>
  </oml:feature>
    <oml:feature>
    <oml:index>1</oml:index>
    <oml:name>V2</oml:name>
    <oml:data_type>numeric</oml:data_type>
        <oml:is_target>false</oml:is_target>
    <oml:is_ignore>false</oml:is_ignore>
    <oml:is_row_identifier>false</oml:is_row_identifier>
    <oml:number_of_missing_values>0</oml:number_of_missing_values>
  </oml:feature>
    <oml:feature>
    <oml:index>2</oml:index>
    <oml:name>V3</oml:name>
    <oml:data_type>numeric</oml:data_type>
        <oml:is_target>false</oml:is_target>
    <oml:is_ignore>false</oml:is_ignore>
    <oml:is_row_identifier>false</oml:is_row_identifier>
    <oml:number_of_missing_values>0</oml:number_of_missing_values>
  </oml:feature>
    <oml:feature>
    <oml:index>3</oml:index>
    <oml:name>V4</oml:name>
    <oml:data_type>numeric</oml:data_type>
        <oml:is_target>false</oml:is_target>
    <oml:is_ignore>false</oml:is_ignore>
    <oml:is_row_identifier>false</oml:is_row_identifier>
    <oml:number_of_missing_values>0</oml:number_of_missing_values>
  </oml:feature>
    <oml:feature>
    <oml:index>4</oml:index>
    <oml:name>V5</oml:name>
    <oml:data_type>numeric</oml:data_type>
        <oml:is_target>false</oml:is_target>
    <oml:is_ignore>false</oml:is_ignore>
    <oml:is_row_identifier>false</oml:is_row_identifier>
    <oml:number_of_missing_values>0</oml:number_of_missing_values>
  </oml:feature>
    <oml:feature>
    <oml:index>5</oml:index>
    <oml:name>V6</oml:name>
    <oml:data_type>numeric</oml:data_type>
        <oml:is_target>false</oml:is_target>
    <oml:is_ignore>false</oml:is_ignore>
    <oml:is_row_identifier>false</oml:is_row_identifier>
    <oml:number_of_missing_values>0</oml:number_of_missing_values>
  </oml:feature>
    <oml:feature>
    <oml:index>6</oml:index>
    <oml:name>V7</oml:name>
    <oml:data_type>numeric</oml:data_type>
        <oml:is_target>false</oml:is_target>
    <oml:is_ignore>false</oml:is_ignore>
    <oml:is_row_identifier>false</oml:is_row_identifier>
    <oml:number_of_missing_values>0</oml:number_of_missing_values>
  </oml:feature>
    <oml:feature>
    <oml:index>7</oml:index>
    <oml:name>V8</oml:name>
    <oml:data_type>numeric</oml:data_type>
        <oml:is_target>false</oml:is_target>
    <oml:is_ignore>false</oml:is_ignore>
    <oml:is_row_identifier>false</oml:is_row_identifier>
    <oml:number_of_missing_values>0</oml:number_of_missing_values>
  </oml:feature>
    <oml:feature>
    <oml:index>8</oml:index>
    <oml:name>V9</oml:name>
    <oml:data_type>numeric</oml:data_type>
        <oml:is_target>false</oml:is_target>
    <oml:is_ignore>false</oml:is_ignore>
    <oml:is_row_identifier>false</oml:is_row_identifier>
    <oml:number_of_missing_values>0</oml:number_of_missing_values>
  </oml:feature>
    <oml:feature>
    <oml:index>9</oml:index>
    <oml:name>V10</oml:name>
    <oml:data_type>numeric</oml:data_type>
        <oml:is_target>false</oml:is_target>
    <oml:is_ignore>false</oml:is_ignore>
    <oml:is_row_identifier>false</oml:is_row_identifier>
    <oml:number_of_missing_values>0</oml:number_of_missing_values>
  </oml:feature>
    <oml:feature>
    <oml:index>10</oml:index>
    <oml:name>V11</oml:name>
    <oml:data_type>numeric</oml:data_type>
        <oml:is_target>false</oml:is_target>
    <oml:is_ignore>false</oml:is_ignore>
    <oml:is_row_identifier>false</oml:is_row_identifier>
    <oml:number_of_missing_values>0</oml:number_of_missing_values>
  </oml:feature>
    <oml:feature>
    <oml:index>11</oml:index>
    <oml:name>V12</oml:name>
    <oml:data_type>numeric</oml:data_type>
        <oml:is_target>false</oml:is_target>
    <oml:is_ignore>false</oml:is_ignore>
    <oml:is_row_identifier>false</oml:is_row_identifier>
    <oml:number_of_missing_values>0</oml:number_of_missing_values>
  </oml:feature>
    <oml:feature>
    <oml:index>12</oml:index>
    <oml:name>V13</oml:name>
    <oml:data_type>numeric</oml:data_type>
        <oml:is_target>false</oml:is_target>
    <oml:is_ignore>false</oml:is_ignore>
    <oml:is_row_identifier>false</oml:is_row_identifier>
    <oml:number_of_missing_values>0</oml:number_of_missing_values>
  </oml:feature>
    <oml:feature>
    <oml:index>13</oml:index>
    <oml:name>V14</oml:name>
    <oml:data_type>numeric</oml:data_type>
        <oml:is_target>false</oml:is_target>
    <oml:is_ignore>false</oml:is_ignore>
    <oml:is_row_identifier>false</oml:is_row_identifier>
    <oml:number_of_missing_values>0</oml:number_of_missing_values>
  </oml:feature>
    <oml:feature>
    <oml:index>14</oml:index>
    <oml:name>V15</oml:name>
    <oml:data_type>numeric</oml:data_type>
        <oml:is_target>false</oml:is_target>
    <oml:is_ignore>false</oml:is_ignore>
    <oml:is_row_identifier>false</oml:is_row_identifier>
    <oml:number_of_missing_values>0</oml:number_of_missing_values>
  </oml:feature>
    <oml:feature>
    <oml:index>15</oml:index>
    <oml:name>V16</oml:name>
    <oml:data_type>numeric</oml:data_type>
        <oml:is_target>false</oml:is_target>
    <oml:is_ignore>false</oml:is_ignore>
    <oml:is_row_identifier>false</oml:is_row_identifier>
    <oml:number_of_missing_values>0</oml:number_of_missing_values>
  </oml:feature>
    <oml:feature>
    <oml:index>16</oml:index>
    <oml:name>V17</oml:name>
    <oml:data_type>numeric</oml:data_type>
        <oml:is_target>false</oml:is_target>
    <oml:is_ignore>false</oml:is_ignore>
    <oml:is_row_identifier>false</oml:is_row_identifier>
    <oml:number_of_missing_values>0</oml:number_of_missing_values>
  </oml:feature>
    <oml:feature>
    <oml:index>17</oml:index>
    <oml:name>V18</oml:name>
    <oml:data_type>numeric</oml:data_type>
        <oml:is_target>false</oml:is_target>
    <oml:is_ignore>false</oml:is_ignore>
    <oml:is_row_identifier>false</oml:is_row_identifier>
    <oml:number_of_missing_values>0</oml:number_of_missing_values>
  </oml:feature>
    <oml:feature>
    <oml:index>18</oml:index>
    <oml:name>V19</oml:name>
    <oml:data_type>numeric</oml:data_type>
        <oml:is_target>false</oml:is_target>
    <oml:is_ignore>false</oml:is_ignore>
    <oml:is_row_identifier>false</oml:is_row_identifier>
    <oml:number_of_missing_values>0</oml:number_of_missing_values>
  </oml:feature>
    <oml:feature>
    <oml:index>19</oml:index>
    <oml:name>V20</oml:name>
    <oml:data_type>numeric</oml:data_type>
        <oml:is_target>false</oml:is_target>
    <oml:is_ignore>false</oml:is_ignore>
    <oml:is_row_identifier>false</oml:is_row_identifier>
    <oml:number_of_missing_values>0</oml:number_of_missing_values>
  </oml:feature>
    <oml:feature>
    <oml:index>20</oml:index>
    <oml:name>V21</oml:name>
    <oml:data_type>numeric</oml:data_type>
        <oml:is_target>false</oml:is_target>
    <oml:is_ignore>false</oml:is_ignore>
    <oml:is_row_identifier>false</oml:is_row_identifier>
    <oml:number_of_missing_values>0</oml:number_of_missing_values>
  </oml:feature>
    <oml:feature>
    <oml:index>21</oml:index>
    <oml:name>V22</oml:name>
    <oml:data_type>numeric</oml:data_type>
        <oml:is_target>false</oml:is_target>
    <oml:is_ignore>false</oml:is_ignore>
    <oml:is_row_identifier>false</oml:is_row_identifier>
    <oml:number_of_missing_values>0</oml:number_of_missing_values>
  </oml:feature>
    <oml:feature>
    <oml:index>22</oml:index>
    <oml:name>V23</oml:name>
    <oml:data_type>numeric</oml:data_type>
        <oml:is_target>false</oml:is_target>
    <oml:is_ignore>false</oml:is_ignore>
    <oml:is_row_identifier>false</oml:is_row_identifier>
    <oml:number_of_missing_values>0</oml:number_of_missing_values>
  </oml:feature>
    <oml:feature>
    <oml:index>23</oml:index>
    <oml:name>V24</oml:name>
    <oml:data_type>numeric</oml:data_type>
        <oml:is_target>false</oml:is_target>
    <oml:is_ignore>false</oml:is_ignore>
    <oml:is_row_identifier>false</oml:is_row_identifier>
    <oml:number_of_missing_values>0</oml:number_of_missing_values>
  </oml:feature>
    <oml:feature>
    <oml:index>24</oml:index>
    <oml:name>V25</oml:name>
    <oml:data_type>numeric</oml:data_type>
        <oml:is_target>false</oml:is_target>
    <oml:is_ignore>false</oml:is_ignore>
    <oml:is_row_identifier>false</oml:is_row_identifier>
    <oml:number_of_missing_values>0</oml:number_of_missing_values>
  </oml:feature>
    <oml:feature>
    <oml:index>25</oml:index>
    <oml:name>V26</oml:name>
    <oml:data_type>numeric</oml:data_type>
        <oml:is_target>false</oml:is_target>
    <oml:is_ignore>false</oml:is_ignore>
    <oml:is_row_identifier>false</oml:is_row_identifier>
    <oml:number_of_missing_values>0</oml:number_of_missing_values>
  </oml:feature>
    <oml:feature>
    <oml:index>26</oml:index>
    <oml:name>V27</oml:name>
    <oml:data_type>numeric</oml:data_type>
        <oml:is_target>false</oml:is_target>
    <oml:is_ignore>false</oml:is_ignore>
    <oml:is_row_identifier>false</oml:is_row_identifier>
    <oml:number_of_missing_values>0</oml:number_of_missing_values>
  </oml:feature>
    <oml:feature>
    <oml:index>27</oml:index>
    <oml:name>V28</oml:name>
    <oml:data_type>numeric</oml:data_type>
        <oml:is_target>false</oml:is_target>
    <oml:is_ignore>false</oml:is_ignore>
    <oml:is_row_identifier>false</oml:is_row_identifier>
    <oml:number_of_missing_values>0</oml:number_of_missing_values>
  </oml:feature>
    <oml:feature>
    <oml:index>28</oml:index>
    <oml:name>V29</oml:name>
    <oml:data_type>numeric</oml:data_type>
        <oml:is_target>false</oml:is_target>
    <oml:is_ignore>false</oml:is_ignore>
    <oml:is_row_identifier>false</oml:is_row_identifier>
    <oml:number_of_missing_values>0</oml:number_of_missing_values>
  </oml:feature>
    <oml:feature>
    <oml:index>29</oml:index>
    <oml:name>V30</oml:name>
    <oml:data_type>numeric</oml:data_type>
        <oml:is_target>false</oml:is_target>
    <oml:is_ignore>false</oml:is_ignore>
    <oml:is_row_identifier>false</oml:is_row_identifier>
    <oml:number_of_missing_values>0</oml:number_of_missing_values>
  </oml:feature>
    <oml:feature>
    <oml:index>30</oml:index>
    <oml:name>V31</oml:name>
    <oml:data_type>numeric</oml:data_type>
        <oml:is_target>false</oml:is_target>
    <oml:is_ignore>false</oml:is_ignore>
    <oml:is_row_identifier>false</oml:is_row_identifier>
    <oml:number_of_missing_values>0</oml:number_of_missing_values>
  </oml:feature>
    <oml:feature>
    <oml:index>31</oml:index>
    <oml:name>V32</oml:name>
    <oml:data_type>numeric</oml:data_type>
        <oml:is_target>false</oml:is_target>
    <oml:is_ignore>false</oml:is_ignore>
    <oml:is_row_identifier>false</oml:is_row_identifier>
    <oml:number_of_missing_values>0</oml:number_of_missing_values>
  </oml:feature>
    <oml:feature>
    <oml:index>32</oml:index>
    <oml:name>V33</oml:name>
    <oml:data_type>numeric</oml:data_type>
        <oml:is_target>false</oml:is_target>
    <oml:is_ignore>false</oml:is_ignore>
    <oml:is_row_identifier>false</oml:is_row_identifier>
    <oml:number_of_missing_values>0</oml:number_of_missing_values>
  </oml:feature>
    <oml:feature>
    <oml:index>33</oml:index>
    <oml:name>V34</oml:name>
    <oml:data_type>numeric</oml:data_type>
        <oml:is_target>false</oml:is_target>
    <oml:is_ignore>false</oml:is_ignore>
    <oml:is_row_identifier>false</oml:is_row_identifier>
    <oml:number_of_missing_values>0</oml:number_of_missing_values>
  </oml:feature>
    <oml:feature>
    <oml:index>34</oml:index>
    <oml:name>V35</oml:name>
    <oml:data_type>numeric</oml:data_type>
        <oml:is_target>false</oml:is_target>
    <oml:is_ignore>false</oml:is_ignore>
    <oml:is_row_identifier>false</oml:is_row_identifier>
    <oml:number_of_missing_values>0</oml:number_of_missing_values>
  </oml:feature>
    <oml:feature>
    <oml:index>35</oml:index>
    <oml:name>V36</oml:name>
    <oml:data_type>numeric</oml:data_type>
        <oml:is_target>false</oml:is_target>
    <oml:is_ignore>false</oml:is_ignore>
    <oml:is_row_identifier>false</oml:is_row_identifier>
    <oml:number_of_missing_values>0</oml:number_of_missing_values>
  </oml:feature>
    <oml:feature>
    <oml:index>36</oml:index>
    <oml:name>V37</oml:name>
    <oml:data_type>numeric</oml:data_type>
        <oml:is_target>false</oml:is_target>
    <oml:is_ignore>false</oml:is_ignore>
    <oml:is_row_identifier>false</oml:is_row_identifier>
    <oml:number_of_missing_values>0</oml:number_of_missing_values>
  </oml:feature>
    <oml:feature>
    <oml:index>37</oml:index>
    <oml:name>V38</oml:name>
    <oml:data_type>numeric</oml:data_type>
        <oml:is_target>false</oml:is_target>
    <oml:is_ignore>false</oml:is_ignore>
    <oml:is_row_identifier>false</oml:is_row_identifier>
    <oml:number_of_missing_values>0</oml:number_of_missing_values>
  </oml:feature>
    <oml:feature>
    <oml:index>38</oml:index>
    <oml:name>V39</oml:name>
    <oml:data_type>numeric</oml:data_type>
        <oml:is_target>false</oml:is_target>
    <oml:is_ignore>false</oml:is_ignore>
    <oml:is_row_identifier>false</oml:is_row_identifier>
    <oml:number_of_missing_values>0</oml:number_of_missing_values>
  </oml:feature>
    <oml:feature>
    <oml:index>39</oml:index>
    <oml:name>V40</oml:name>
    <oml:data_type>numeric</oml:data_type>
        <oml:is_target>false</oml:is_target>
    <oml:is_ignore>false</oml:is_ignore>
    <oml:is_row_identifier>false</oml:is_row_identifier>
    <oml:number_of_missing_values>0</oml:number_of_missing_values>
  </oml:feature>
    <oml:feature>
    <oml:index>40</oml:index>
    <oml:name>V41</oml:name>
    <oml:data_type>numeric</oml:data_type>
        <oml:is_target>false</oml:is_target>
    <oml:is_ignore>false</oml:is_ignore>
    <oml:is_row_identifier>false</oml:is_row_identifier>
    <oml:number_of_missing_values>0</oml:number_of_missing_values>
  </oml:feature>
    <oml:feature>
    <oml:index>41</oml:index>
    <oml:name>V42</oml:name>
    <oml:data_type>numeric</oml:data_type>
        <oml:is_target>false</oml:is_target>
    <oml:is_ignore>false</oml:is_ignore>
    <oml:is_row_identifier>false</oml:is_row_identifier>
    <oml:number_of_missing_values>0</oml:number_of_missing_values>
  </oml:feature>
    <oml:feature>
    <oml:index>42</oml:index>
    <oml:name>V43</oml:name>
    <oml:data_type>numeric</oml:data_type>
        <oml:is_target>false</oml:is_target>
    <oml:is_ignore>false</oml:is_ignore>
    <oml:is_row_identifier>false</oml:is_row_identifier>
    <oml:number_of_missing_values>0</oml:number_of_missing_values>
  </oml:feature>
    <oml:feature>
    <oml:index>43</oml:index>
    <oml:name>V44</oml:name>
    <oml:data_type>numeric</oml:data_type>
        <oml:is_target>false</oml:is_target>
    <oml:is_ignore>false</oml:is_ignore>
    <oml:is_row_identifier>false</oml:is_row_identifier>
    <oml:number_of_missing_values>0</oml:number_of_missing_values>
  </oml:feature>
    <oml:feature>
    <oml:index>44</oml:index>
    <oml:name>V45</oml:name>
    <oml:data_type>numeric</oml:data_type>
        <oml:is_target>false</oml:is_target>
    <oml:is_ignore>false</oml:is_ignore>
    <oml:is_row_identifier>false</oml:is_row_identifier>
    <oml:number_of_missing_values>0</oml:number_of_missing_values>
  </oml:feature>
    <oml:feature>
    <oml:index>45</oml:index>
    <oml:name>V46</oml:name>
    <oml:data_type>numeric</oml:data_type>
        <oml:is_target>false</oml:is_target>
    <oml:is_ignore>false</oml:is_ignore>
    <oml:is_row_identifier>false</oml:is_row_identifier>
    <oml:number_of_missing_values>0</oml:number_of_missing_values>
  </oml:feature>
    <oml:feature>
    <oml:index>46</oml:index>
    <oml:name>V47</oml:name>
    <oml:data_type>numeric</oml:data_type>
        <oml:is_target>false</oml:is_target>
    <oml:is_ignore>false</oml:is_ignore>
    <oml:is_row_identifier>false</oml:is_row_identifier>
    <oml:number_of_missing_values>0</oml:number_of_missing_values>
  </oml:feature>
    <oml:feature>
    <oml:index>47</oml:index>
    <oml:name>V48</oml:name>
    <oml:data_type>numeric</oml:data_type>
        <oml:is_target>false</oml:is_target>
    <oml:is_ignore>false</oml:is_ignore>
    <oml:is_row_identifier>false</oml:is_row_identifier>
    <oml:number_of_missing_values>0</oml:number_of_missing_values>
  </oml:feature>
    <oml:feature>
    <oml:index>48</oml:index>
    <oml:name>V49</oml:name>
    <oml:data_type>numeric</oml:data_type>
        <oml:is_target>false</oml:is_target>
    <oml:is_ignore>false</oml:is_ignore>
    <oml:is_row_identifier>false</oml:is_row_identifier>
    <oml:number_of_missing_values>0</oml:number_of_missing_values>
  </oml:feature>
    <oml:feature>
    <oml:index>49</oml:index>
    <oml:name>V50</oml:name>
    <oml:data_type>numeric</oml:data_type>
        <oml:is_target>false</oml:is_target>
    <oml:is_ignore>false</oml:is_ignore>
    <oml:is_row_identifier>false</oml:is_row_identifier>
    <oml:number_of_missing_values>0</oml:number_of_missing_values>
  </oml:feature>
    <oml:feature>
    <oml:index>50</oml:index>
    <oml:name>V51</oml:name>
    <oml:data_type>numeric</oml:data_type>
        <oml:is_target>false</oml:is_target>
    <oml:is_ignore>false</oml:is_ignore>
    <oml:is_row_identifier>false</oml:is_row_identifier>
    <oml:number_of_missing_values>0</oml:number_of_missing_values>
  </oml:feature>
    <oml:feature>
    <oml:index>51</oml:index>
    <oml:name>V52</oml:name>
    <oml:data_type>numeric</oml:data_type>
        <oml:is_target>false</oml:is_target>
    <oml:is_ignore>false</oml:is_ignore>
    <oml:is_row_identifier>false</oml:is_row_identifier>
    <oml:number_of_missing_values>0</oml:number_of_missing_values>
  </oml:feature>
    <oml:feature>
    <oml:index>52</oml:index>
    <oml:name>V53</oml:name>
    <oml:data_type>numeric</oml:data_type>
        <oml:is_target>false</oml:is_target>
    <oml:is_ignore>false</oml:is_ignore>
    <oml:is_row_identifier>false</oml:is_row_identifier>
    <oml:number_of_missing_values>0</oml:number_of_missing_values>
  </oml:feature>
    <oml:feature>
    <oml:index>53</oml:index>
    <oml:name>V54</oml:name>
    <oml:data_type>numeric</oml:data_type>
        <oml:is_target>false</oml:is_target>
    <oml:is_ignore>false</oml:is_ignore>
    <oml:is_row_identifier>false</oml:is_row_identifier>
    <oml:number_of_missing_values>0</oml:number_of_missing_values>
  </oml:feature>
    <oml:feature>
    <oml:index>54</oml:index>
    <oml:name>V55</oml:name>
    <oml:data_type>numeric</oml:data_type>
        <oml:is_target>false</oml:is_target>
    <oml:is_ignore>false</oml:is_ignore>
    <oml:is_row_identifier>false</oml:is_row_identifier>
    <oml:number_of_missing_values>0</oml:number_of_missing_values>
  </oml:feature>
    <oml:feature>
    <oml:index>55</oml:index>
    <oml:name>V56</oml:name>
    <oml:data_type>numeric</oml:data_type>
        <oml:is_target>false</oml:is_target>
    <oml:is_ignore>false</oml:is_ignore>
    <oml:is_row_identifier>false</oml:is_row_identifier>
    <oml:number_of_missing_values>0</oml:number_of_missing_values>
  </oml:feature>
    <oml:feature>
    <oml:index>56</oml:index>
    <oml:name>V57</oml:name>
    <oml:data_type>numeric</oml:data_type>
        <oml:is_target>false</oml:is_target>
    <oml:is_ignore>false</oml:is_ignore>
    <oml:is_row_identifier>false</oml:is_row_identifier>
    <oml:number_of_missing_values>0</oml:number_of_missing_values>
  </oml:feature>
    <oml:feature>
    <oml:index>57</oml:index>
    <oml:name>V58</oml:name>
    <oml:data_type>numeric</oml:data_type>
        <oml:is_target>false</oml:is_target>
    <oml:is_ignore>false</oml:is_ignore>
    <oml:is_row_identifier>false</oml:is_row_identifier>
    <oml:number_of_missing_values>0</oml:number_of_missing_values>
  </oml:feature>
    <oml:feature>
    <oml:index>58</oml:index>
    <oml:name>V59</oml:name>
    <oml:data_type>numeric</oml:data_type>
        <oml:is_target>false</oml:is_target>
    <oml:is_ignore>false</oml:is_ignore>
    <oml:is_row_identifier>false</oml:is_row_identifier>
    <oml:number_of_missing_values>0</oml:number_of_missing_values>
  </oml:feature>
    <oml:feature>
    <oml:index>59</oml:index>
    <oml:name>V60</oml:name>
    <oml:data_type>numeric</oml:data_type>
        <oml:is_target>false</oml:is_target>
    <oml:is_ignore>false</oml:is_ignore>
    <oml:is_row_identifier>false</oml:is_row_identifier>
    <oml:number_of_missing_values>0</oml:number_of_missing_values>
  </oml:feature>
    <oml:feature>
    <oml:index>60</oml:index>
    <oml:name>V61</oml:name>
    <oml:data_type>numeric</oml:data_type>
        <oml:is_target>false</oml:is_target>
    <oml:is_ignore>false</oml:is_ignore>
    <oml:is_row_identifier>false</oml:is_row_identifier>
    <oml:number_of_missing_values>0</oml:number_of_missing_values>
  </oml:feature>
    <oml:feature>
    <oml:index>61</oml:index>
    <oml:name>V62</oml:name>
    <oml:data_type>numeric</oml:data_type>
        <oml:is_target>false</oml:is_target>
    <oml:is_ignore>false</oml:is_ignore>
    <oml:is_row_identifier>false</oml:is_row_identifier>
    <oml:number_of_missing_values>0</oml:number_of_missing_values>
  </oml:feature>
    <oml:feature>
    <oml:index>62</oml:index>
    <oml:name>V63</oml:name>
    <oml:data_type>numeric</oml:data_type>
        <oml:is_target>false</oml:is_target>
    <oml:is_ignore>false</oml:is_ignore>
    <oml:is_row_identifier>false</oml:is_row_identifier>
    <oml:number_of_missing_values>0</oml:number_of_missing_values>
  </oml:feature>
    <oml:feature>
    <oml:index>63</oml:index>
    <oml:name>V64</oml:name>
    <oml:data_type>numeric</oml:data_type>
        <oml:is_target>false</oml:is_target>
    <oml:is_ignore>false</oml:is_ignore>
    <oml:is_row_identifier>false</oml:is_row_identifier>
    <oml:number_of_missing_values>0</oml:number_of_missing_values>
  </oml:feature>
    <oml:feature>
    <oml:index>64</oml:index>
    <oml:name>V65</oml:name>
    <oml:data_type>numeric</oml:data_type>
        <oml:is_target>false</oml:is_target>
    <oml:is_ignore>false</oml:is_ignore>
    <oml:is_row_identifier>false</oml:is_row_identifier>
    <oml:number_of_missing_values>0</oml:number_of_missing_values>
  </oml:feature>
    <oml:feature>
    <oml:index>65</oml:index>
    <oml:name>V66</oml:name>
    <oml:data_type>numeric</oml:data_type>
        <oml:is_target>false</oml:is_target>
    <oml:is_ignore>false</oml:is_ignore>
    <oml:is_row_identifier>false</oml:is_row_identifier>
    <oml:number_of_missing_values>0</oml:number_of_missing_values>
  </oml:feature>
    <oml:feature>
    <oml:index>66</oml:index>
    <oml:name>V67</oml:name>
    <oml:data_type>numeric</oml:data_type>
        <oml:is_target>false</oml:is_target>
    <oml:is_ignore>false</oml:is_ignore>
    <oml:is_row_identifier>false</oml:is_row_identifier>
    <oml:number_of_missing_values>0</oml:number_of_missing_values>
  </oml:feature>
    <oml:feature>
    <oml:index>67</oml:index>
    <oml:name>V68</oml:name>
    <oml:data_type>numeric</oml:data_type>
        <oml:is_target>false</oml:is_target>
    <oml:is_ignore>false</oml:is_ignore>
    <oml:is_row_identifier>false</oml:is_row_identifier>
    <oml:number_of_missing_values>0</oml:number_of_missing_values>
  </oml:feature>
    <oml:feature>
    <oml:index>68</oml:index>
    <oml:name>V69</oml:name>
    <oml:data_type>numeric</oml:data_type>
        <oml:is_target>false</oml:is_target>
    <oml:is_ignore>false</oml:is_ignore>
    <oml:is_row_identifier>false</oml:is_row_identifier>
    <oml:number_of_missing_values>0</oml:number_of_missing_values>
  </oml:feature>
    <oml:feature>
    <oml:index>69</oml:index>
    <oml:name>V70</oml:name>
    <oml:data_type>numeric</oml:data_type>
        <oml:is_target>false</oml:is_target>
    <oml:is_ignore>false</oml:is_ignore>
    <oml:is_row_identifier>false</oml:is_row_identifier>
    <oml:number_of_missing_values>0</oml:number_of_missing_values>
  </oml:feature>
    <oml:feature>
    <oml:index>70</oml:index>
    <oml:name>V71</oml:name>
    <oml:data_type>numeric</oml:data_type>
        <oml:is_target>false</oml:is_target>
    <oml:is_ignore>false</oml:is_ignore>
    <oml:is_row_identifier>false</oml:is_row_identifier>
    <oml:number_of_missing_values>0</oml:number_of_missing_values>
  </oml:feature>
    <oml:feature>
    <oml:index>71</oml:index>
    <oml:name>V72</oml:name>
    <oml:data_type>numeric</oml:data_type>
        <oml:is_target>false</oml:is_target>
    <oml:is_ignore>false</oml:is_ignore>
    <oml:is_row_identifier>false</oml:is_row_identifier>
    <oml:number_of_missing_values>0</oml:number_of_missing_values>
  </oml:feature>
    <oml:feature>
    <oml:index>72</oml:index>
    <oml:name>Class</oml:name>
    <oml:data_type>nominal</oml:data_type>
          <oml:nominal_value>1</oml:nominal_value>
          <oml:nominal_value>2</oml:nominal_value>
        <oml:is_target>true</oml:is_target>
    <oml:is_ignore>false</oml:is_ignore>
    <oml:is_row_identifier>false</oml:is_row_identifier>
    <oml:number_of_missing_values>0</oml:number_of_missing_values>
  </oml:feature>
  </oml:data_features>
