,Final Score
PERCENT_COMMENTS,117.59792375811719
LOC_BLANK,118.3373678149541
NUM_UNIQUE_OPERATORS,118.44900110557572
NUM_UNIQUE_OPERANDS,118.44900110557572
MULTIPLE_CONDITION_COUNT,118.44900110557572
MODIFIED_CONDITION_COUNT,118.44900110557572
MAINTENANCE_SEVERITY,118.44900110557572
HALSTEAD_VOLUME,118.44900110557572
HALSTEAD_PROG_TIME,118.44900110557572
HALSTEAD_LENGTH,118.44900110557572
HALSTEAD_CONTENT,118.44900110557572
PARAMETER_COUNT,118.44900110557572
ESSENTIAL_DENSITY,118.44900110557572
HALSTEAD_DIFFICULTY,118.44900110557572
CONDITION_COUNT,118.44900110557572
BRANCH_COUNT,118.44900110557572
DESIGN_DENSITY,118.44900110557572
LOC_CODE_AND_COMMENT,118.44900110557572
DECISION_DENSITY,118.44900110557572
ESSENTIAL_COMPLEXITY,118.44900110557572
CYCLOMATIC_COMPLEXITY,118.44900110557572
DECISION_COUNT,118.44900110557572
EDGE_COUNT,118.57443381700934
CYCLOMATIC_DENSITY,118.59835504954196
NUM_OPERATORS,118.61075272647406
NODE_COUNT,118.65824778795624
HALSTEAD_ERROR_EST,118.7477089935082
NORMALIZED_CYLOMATIC_COMPLEXITY,118.7477089935082
HALSTEAD_EFFORT,118.86749447033677
CALL_PAIRS,118.86749447033677
NUM_OPERANDS,118.89706293747444
LOC_EXECUTABLE,118.90949475902178
DESIGN_COMPLEXITY,119.04655345990166
LOC_TOTAL,119.04655345990166
HALSTEAD_LEVEL,119.07674115271729
LOC_COMMENTS,119.18667847133923
NUMBER_OF_LINES,119.19577082540692
