,Final Score
NODE_COUNT,113.48880656782586
LOC_COMMENTS,113.48880656782586
LOC_BLANK,115.48880656782586
HALSTEAD_CONTENT,115.48880656782586
HALSTEAD_VOLUME,116.06023513925443
HALSTEAD_PROG_TIME,116.7244251728284
HALSTEAD_LENGTH,116.77452085354015
NUM_OPERATORS,117.0101394585427
DESIGN_COMPLEXITY,117.24575806354524
LOC_TOTAL,117.29585374425697
DESIGN_DENSITY,117.34594942496872
HALSTEAD_ERROR_EST,117.34594942496872
CYCLOMATIC_DENSITY,117.53147234925952
EDGE_COUNT,117.81718663497381
DECISION_DENSITY,117.81718663497381
MAINTENANCE_SEVERITY,117.81718663497381
PERCENT_COMMENTS,118.05280523997635
HALSTEAD_EFFORT,118.05280523997635
MULTIPLE_CONDITION_COUNT,118.05280523997635
NUM_UNIQUE_OPERANDS,118.05280523997635
NUMBER_OF_LINES,118.05280523997635
NORMALIZED_CYLOMATIC_COMPLEXITY,118.2884238449789
CALL_PAIRS,118.52404244998144
DECISION_COUNT,118.52404244998144
NUM_OPERANDS,118.75966105498398
NUM_UNIQUE_OPERATORS,118.99527965998652
BRANCH_COUNT,118.99527965998652
CONDITION_COUNT,118.99527965998652
LOC_CODE_AND_COMMENT,118.99527965998652
HALSTEAD_LEVEL,118.99527965998652
CYCLOMATIC_COMPLEXITY,118.99527965998652
PARAMETER_COUNT,118.99527965998652
LOC_EXECUTABLE,118.99527965998652
ESSENTIAL_DENSITY,118.99527965998652
ESSENTIAL_COMPLEXITY,118.99527965998652
MODIFIED_CONDITION_COUNT,118.99527965998652
HALSTEAD_DIFFICULTY,118.99527965998652
