<oml:data_features xmlns:oml="http://openml.org/openml">
    <oml:feature>
    <oml:index>0</oml:index>
    <oml:name>sp</oml:name>
    <oml:data_type>nominal</oml:data_type>
          <oml:nominal_value>blue_form</oml:nominal_value>
          <oml:nominal_value>orange_form</oml:nominal_value>
        <oml:is_target>true</oml:is_target>
    <oml:is_ignore>false</oml:is_ignore>
    <oml:is_row_identifier>false</oml:is_row_identifier>
    <oml:number_of_missing_values>0</oml:number_of_missing_values>
  </oml:feature>
    <oml:feature>
    <oml:index>1</oml:index>
    <oml:name>sex</oml:name>
    <oml:data_type>nominal</oml:data_type>
          <oml:nominal_value>Female</oml:nominal_value>
          <oml:nominal_value>Male</oml:nominal_value>
        <oml:is_target>false</oml:is_target>
    <oml:is_ignore>false</oml:is_ignore>
    <oml:is_row_identifier>false</oml:is_row_identifier>
    <oml:number_of_missing_values>0</oml:number_of_missing_values>
  </oml:feature>
    <oml:feature>
    <oml:index>2</oml:index>
    <oml:name>index</oml:name>
    <oml:data_type>numeric</oml:data_type>
        <oml:is_target>false</oml:is_target>
    <oml:is_ignore>false</oml:is_ignore>
    <oml:is_row_identifier>false</oml:is_row_identifier>
    <oml:number_of_missing_values>0</oml:number_of_missing_values>
  </oml:feature>
    <oml:feature>
    <oml:index>3</oml:index>
    <oml:name>FL</oml:name>
    <oml:data_type>numeric</oml:data_type>
        <oml:is_target>false</oml:is_target>
    <oml:is_ignore>false</oml:is_ignore>
    <oml:is_row_identifier>false</oml:is_row_identifier>
    <oml:number_of_missing_values>0</oml:number_of_missing_values>
  </oml:feature>
    <oml:feature>
    <oml:index>4</oml:index>
    <oml:name>RW</oml:name>
    <oml:data_type>numeric</oml:data_type>
        <oml:is_target>false</oml:is_target>
    <oml:is_ignore>false</oml:is_ignore>
    <oml:is_row_identifier>false</oml:is_row_identifier>
    <oml:number_of_missing_values>0</oml:number_of_missing_values>
  </oml:feature>
    <oml:feature>
    <oml:index>5</oml:index>
    <oml:name>CL</oml:name>
    <oml:data_type>numeric</oml:data_type>
        <oml:is_target>false</oml:is_target>
    <oml:is_ignore>false</oml:is_ignore>
    <oml:is_row_identifier>false</oml:is_row_identifier>
    <oml:number_of_missing_values>0</oml:number_of_missing_values>
  </oml:feature>
    <oml:feature>
    <oml:index>6</oml:index>
    <oml:name>CW</oml:name>
    <oml:data_type>numeric</oml:data_type>
        <oml:is_target>false</oml:is_target>
    <oml:is_ignore>false</oml:is_ignore>
    <oml:is_row_identifier>false</oml:is_row_identifier>
    <oml:number_of_missing_values>0</oml:number_of_missing_values>
  </oml:feature>
    <oml:feature>
    <oml:index>7</oml:index>
    <oml:name>BD</oml:name>
    <oml:data_type>numeric</oml:data_type>
        <oml:is_target>false</oml:is_target>
    <oml:is_ignore>false</oml:is_ignore>
    <oml:is_row_identifier>false</oml:is_row_identifier>
    <oml:number_of_missing_values>0</oml:number_of_missing_values>
  </oml:feature>
  </oml:data_features>
